tree
version=v4
num_class=1
num_tree_per_iteration=1
label_index=0
max_feature_idx=12
objective=binary sigmoid:1
feature_names=amount hour user_account_age_days tx_velocity_1h tx_velocity_24h address_quality_score otp_attempts checkout_duration_sec ip_is_vpn is_cod payment_method card_network card_country
feature_infos=[1.05:95000] [0:23] [0:1200] [1:65] [1:243] [0.050000000000000003:1] [1:4] [1.2:180] [0:1] [0:1] [0:4] [0:4] [0:6]
tree_sizes=2420 2401 2049 3360 3405 3347 3434 3433 3374 3433 3458 3501 3382 3424 3469 3460 3465 3451 3414 3483 3473 3448 3472 3531 3531 3418 3424 3468 3472 3475 3524 3492 3439 3417 3394 3440 3455 3439 3426 3433 3416 3473 3445 3424 3434 3378 3436 3415 3373 3415 3372 3426 3454 3428 3469 3419 3409 3455 3375 3374 3422 3439 3417 3436 3445 3457 3430 3429 3460 3451 3437 3389 3450 3397 3422 3401 3443 3437 3455 3450 3410 3437 3459 3473 3443 3416 3428 3393 3442 3405 3449 3400 3377 3432 3480 3396 3433 3414 3399 3402 3383 3422 3453 3407 3461 3429 3427 3401 3407 3406 3467 3427 3413 3428 3418 3441 3441 3443 3436 3425 3477 3434 3494 3453 3452 3483 3446 3494 3485 3484 3493 3453 3494 3515 3434 3485 3472 3430 3534 3525 3437 3501 3554 3530 3536 3570 3411 3541 3493 3539

Tree=0
num_leaves=22
num_cat=0
split_feature=4 2 3 2 7 10 5 7 10 7 7 5 5 5 5 11 2 1 5 5 1
split_gain=444999 59224.6 32986.8 28063.9 18186.6 11975.3 8697.55 7552.98 3257.61 2800.09 2510.58 1282.19 939.52 393.004 456.301 213.179 4.54747e-13 5.68434e-14 2.84217e-14 1.42109e-14 3.55271e-15
threshold=5.5000000000000009 401.50000000000006 2.5000000000000004 401.50000000000006 120.35000000000001 1.5000000000000002 0.95050000000000001 118.95000000000002 1.5000000000000002 114.25000000000001 120.35000000000001 0.94850000000000001 0.65450000000000019 0.93750000000000011 0.94650000000000001 1.0000000180025095e-35 1198.5000000000002 18.500000000000004 0.96950000000000014 0.99050000000000005 1.5000000000000002
decision_type=2 2 2 2 2 2 2 2 2 2 2 2 2 2 2 2 2 2 2 2 2
left_child=1 2 4 9 5 6 -1 8 11 12 -11 -4 -2 15 -15 -14 -3 -6 -7 -5 -9
right_child=3 16 7 19 17 18 -8 20 -10 10 -12 -13 13 14 -16 -17 -18 -19 -20 -21 -22
leaf_value=-2.602902928471893 -1.9392859317169135 -3.1594055502193359 -2.0662335510457668 -3.1594055502193359 -3.1594055502193359 -3.1594055502193359 -3.1594055502193359 -3.1594055502193359 -3.1594055502193359 -2.024914453825895 -3.1594055502193359 -2.7974115205130508 -2.1339201456157855 -2.0707556078782074 -2.9133330327675382 -1.9944560916209777 -3.1594055502193359 -3.1594055502193359 -3.1594055502193359 -3.1594055502193359 -3.1594055502193359
leaf_weight=711.1029729321599 1470.2082922458649 2058.4457986988127 205.2027537189424 48.642773646861315 272.35035691410303 126.38105638325214 77.902201097458601 1.3113468885421777 7.3353466577827922 10.51051699370146 9.0974690392613393 6.1762523874640456 55.231812659651041 3.4228426776826373 3.028601098805666 54.377223625779152 5.3683263249695292 70.894691161811352 13.769142329692839 1.4342856593430031 17.826121766120195
leaf_count=9969 2407 50231 822 1187 6646 3084 1901 32 179 34 222 109 291 14 60 145 131 1730 336 35 435
internal_value=-2.67136 -2.98529 -2.74736 -1.99379 -2.84839 -2.7335 -2.65785 -2.20689 -2.12354 -1.95744 -2.55128 -2.0876 -1.9501 -2.08705 -2.4663 -2.06473 -3.15941 -3.15941 -3.15941 -3.15941 -3.15941
internal_weight=5230.02 3574.07 1510.25 1655.95 1272.4 929.155 789.005 237.852 218.714 1605.88 19.608 211.379 1586.27 116.06 6.45144 109.609 2063.81 343.245 140.15 50.0771 19.1375
internal_count=80000 75605 25243 4395 23666 15290 11870 1577 1110 3173 256 931 2917 510 74 436 50362 8376 3420 1222 467
is_linear=0
shrinkage=1


Tree=1
num_leaves=21
num_cat=0
split_feature=2 7 4 10 5 7 5 4 10 4 4 7 5 4 2 1 2 5 5 5
split_gain=94550.8 23043.5 9759.25 4265.84 2802.34 2738.57 1869.2 353.497 1047.68 449.981 0.000429184 0.000170944 0.000170931 2.33627e-05 4.54747e-13 1.13687e-13 1.42109e-14 1.42109e-14 1.42109e-14 8.88178e-16
threshold=401.50000000000006 120.35000000000001 3.5000000000000004 1.5000000000000002 0.95050000000000001 25.450000000000003 0.94950000000000012 4.5000000000000009 1.5000000000000002 5.5000000000000009 5.5000000000000009 79.850000000000009 0.95150000000000012 2.5000000000000004 1169.5000000000002 4.5000000000000009 1198.5000000000002 0.65450000000000019 0.96850000000000003 0.99550000000000016
decision_type=2 2 2 2 2 2 2 2 2 2 2 2 2 2 2 2 2 2 2 2
left_child=1 2 3 4 5 -1 7 8 -4 -9 12 -12 -8 -6 -2 -3 18 -5 -16 -20
right_child=14 15 6 17 13 -7 10 9 -10 -11 11 -13 -14 -15 16 -17 -18 -19 19 -21
leaf_value=-0.053764053417021444 -0.052122551521039222 -0.052122551521039222 0.36720176178183739 -0.052122551521039222 -0.052122551521039222 0.30587357242154745 -0.053047101021808596 0.46681814717326997 -0.052122551521039222 0.3974156205885806 -0.05271472586460163 -0.053525327595585287 -0.052310637914299532 -0.052185962155337676 -0.052122551521039222 -0.052122551521039222 -0.052122551521039222 -0.052122551521039222 -0.052122551521039222 -0.052122551521039187
leaf_weight=55.80084078758955 1937.4163604825735 70.822966802865267 289.60117254778743 0.97659910097718139 42.228145126253366 1030.2445575408638 0.8211188204586567 247.1447225920856 15.703713543713091 4246.4355826377869 1.905005726963281 0.98756775259971608 19.462225388735533 22.142311185598373 65.354011837393045 282.70590775087476 5.2345711812376967 113.12923985719681 5.7814666777849189 1.2891108132898805
leaf_count=862 49596 1813 1540 25 1081 7677 16 890 402 2894 39 18 470 556 1673 7237 134 2896 148 33
internal_value=0.246788 0.340316 0.36311 0.239474 0.268397 0.287395 0.395532 0.397695 0.345633 0.401233 -0.0524217 -0.0529915 -0.0523405 -0.0521444 -0.0521226 -0.0521226 -0.0521226 -0.0521226 -0.0521226 -0.0521226
internal_weight=8455.19 6440.11 6086.58 1264.52 1150.42 1086.05 4822.06 4798.89 305.305 4493.58 23.1759 2.89257 20.2833 64.3705 2015.08 353.529 77.6592 114.106 72.4246 7.07058
internal_count=80000 28416 19366 13097 10176 8539 6269 5726 1942 3784 543 57 486 1637 51584 9050 1988 2921 1854 181
is_linear=0
shrinkage=0.05


Tree=2
num_leaves=18
num_cat=0
split_feature=2 7 3 4 4 5 3 10 10 2 10 7 4 3 5 1 7
split_gain=56660.6 12767.1 7467.35 3325.76 2046.73 1573.65 827.832 738.658 669.465 525.595 405.192 324.718 0.0398634 0.000873641 4.54747e-13 1.42109e-14 4.44089e-16
threshold=401.50000000000006 120.35000000000001 1.5000000000000002 3.5000000000000004 1.5000000000000002 0.94950000000000012 2.5000000000000004 1.5000000000000002 1.5000000000000002 49.500000000000007 1.0000000180025095e-35 24.750000000000004 5.5000000000000009 2.5000000000000004 0.65450000000000019 18.500000000000004 141.45000000000002
decision_type=2 2 2 2 2 2 2 2 2 2 2 2 2 2 2 2 2
left_child=1 2 3 7 6 10 -4 9 11 -1 -6 -5 -10 -7 16 -9 -2
right_child=14 -3 4 8 5 13 -8 15 12 -11 -12 -13 -14 -15 -16 -17 -18
leaf_value=-0.054642176248097078 -0.052014749940169407 -0.052014749940169414 0.54722986191143341 -0.055280155942317832 0.24350615045640525 -0.052104718717730508 0.34072651502826512 -0.052014749940169414 -0.052400317320370621 0.11665987233716027 0.28348663977660948 0.30024998461185132 -0.058735649931038726 -0.052691776312648236 -0.052014749940169414 -0.052014749940169414 -0.052014749940169372
leaf_weight=47.943703424185514 2.5691362917423244 336.9664266705513 95.282585501670837 6.5587698742747298 710.57194315642118 27.809464689344168 98.913103222846985 66.015632539987564 11.398276150226591 678.18964531645179 5860.322694260627 308.76688407361507 3.1745304614305487 8.2078757882118207 1917.0597138106823 17.090341418981552 1.0425480604171751
leaf_count=659 69 9050 77 81 2676 733 53 1773 274 6751 4597 1035 26 172 51487 459 28
internal_value=0.19265 0.249423 0.262215 0.143737 0.282059 0.277357 0.442048 0.0891887 0.277543 0.105349 0.279163 0.292855 -0.0537804 -0.0522385 -0.0520147 -0.0520147 -0.0520147
internal_weight=10197.9 8277.21 7940.25 1139.14 6801.11 6606.91 194.196 809.239 329.898 726.133 6570.89 315.326 14.5728 36.0173 1920.67 83.106 3.61168
internal_count=80000 28416 19366 11058 8308 8178 130 9642 1416 7410 7273 1116 300 905 51584 2232 97
is_linear=0
shrinkage=0.05


Tree=3
num_leaves=31
num_cat=0
split_feature=4 0 7 3 7 0 5 0 0 4 3 3 5 10 4 4 4 5 3 10 7 0 7 10 3 0 5 5 3 5
split_gain=27230.5 52915.2 2292.06 1745.36 1424.02 916.747 6475.99 821.941 493.28 258.99 469.266 226.402 170.572 41.8999 15.6855 5.53492 9.04784 4.94868 3.18187 2.72269 1.16796 0.951532 0.798248 0.526807 0.495835 0.376117 0.310047 0.188342 0.167299 0.118518
threshold=4.5000000000000009 11883.435000000001 120.35000000000001 2.5000000000000004 120.35000000000001 15105.005000000003 0.65450000000000019 17757.770000000004 11883.435000000001 5.5000000000000009 2.5000000000000004 1.5000000000000002 0.93550000000000011 1.0000000180025095e-35 6.5000000000000009 3.5000000000000004 1.5000000000000002 0.70650000000000002 1.5000000000000002 1.0000000180025095e-35 49.150000000000013 43105.460000000014 120.35000000000001 1.5000000000000002 2.5000000000000004 21807.355000000003 0.95050000000000001 0.94750000000000012 1.5000000000000002 0.94850000000000001
decision_type=2 2 2 2 2 2 2 2 2 2 2 2 2 2 2 2 2 2 2 2 2 2 2 2 2 2 2 2 2 2
left_child=1 22 5 4 7 6 14 12 27 10 17 -9 -3 18 -2 16 -5 -7 -11 -18 -12 25 23 24 26 -17 -1 -8 -15 -26
right_child=2 3 -4 15 -6 9 8 11 -10 13 20 -13 -14 28 -16 21 19 -19 -20 -21 -22 -23 -24 -25 29 -27 -28 -29 -30 -31
leaf_value=-0.054113780564525329 0.24953683497664714 0.24983732501509498 -0.051912633674450516 0.25678022380911286 -0.051912633674450516 -0.051912633674450516 -0.056836069986104958 0.44503079439951743 0.24190586846368367 0.25810890632718947 0.23532327989983287 0.38513632264557801 -0.052810716324698137 0.233149499965768 0.22598641016957211 0.24845214268529769 0.27851568745402222 0.36568928785407157 0.27138285715294369 0.26811730717600341 0.24559058946530318 0.26068599290589861 -0.051912633674450516 -0.051989651425809372 -0.058230727858735669 0.25552380938425007 -0.052010769957701146 -0.052187654143023322 0.23617169312584549 -0.052271229776601008
leaf_weight=1463.3154232725501 71.526918150484562 60.922986410558224 76.933328241109848 123.8702187538147 18.3106998950243 0.07097170501947303 201.55748607963324 287.099310323596 14.770659226924179 69.841904032975435 37.460839673876762 350.27393318712711 5.0407703444361678 62.788577232509851 6140.4364929199219 28.845267094671726 125.16371514648199 170.70426112785935 127.67911620810628 126.65123454108834 106.28592821210623 80.866231918334961 888.38831758126616 372.5952674113214 82.837820030748844 54.006719842553139 199.10813387110829 24.432547081261873 169.1614757925272 9.2769862562417966
leaf_count=27077 32 430 2168 53 516 2 3151 437 32 31 22 300 121 27 2391 36 71 129 63 62 47 35 25035 10220 1145 34 5394 637 69 233
internal_value=0.160687 0.0605644 0.219554 0.332538 0.383394 0.222456 0.216396 0.394727 -0.0380365 0.275011 0.309483 0.412115 0.22671 0.249765 0.226258 0.2645 0.267844 0.365516 0.266689 0.273286 0.242915 0.256828 -0.0531714 -0.0536972 -0.0540598 0.253062 -0.0538619 -0.0563335 0.235354 -0.0576305
internal_weight=11550.2 4276.57 7273.65 1261.05 721.648 7196.72 6452.72 703.337 240.761 743.993 314.522 637.373 65.9638 429.471 6211.96 539.403 375.685 170.775 197.521 251.815 143.747 163.718 3015.52 2127.13 1754.54 82.852 1662.42 225.99 231.95 92.1148
internal_count=80000 71199 8801 2095 1804 6633 6243 1288 3820 390 200 737 551 190 2423 291 186 131 94 133 69 105 69104 44069 33849 70 32471 3788 96 1378
is_linear=0
shrinkage=0.05


Tree=4
num_leaves=31
num_cat=0
split_feature=2 0 5 3 4 0 7 7 4 4 10 4 4 10 4 7 3 3 10 5 3 4 0 7 0 5 3 3 4 2
split_gain=29597.5 6877.61 28411.4 1259.33 649.134 130.098 113.934 76.275 46.3307 38.685 10.4636 9.79908 7.99975 6.51887 2.05985 1.34363 0.961399 0.490653 0.418804 0.183599 0.0832357 0.0574355 0.00511566 0.00200535 0.000852125 0.000321027 5.88062e-05 5.75012e-05 2.57208e-05 1.1739e-05
threshold=401.50000000000006 11883.435000000001 0.65450000000000019 2.5000000000000004 5.5000000000000009 17757.770000000004 107.95000000000002 24.750000000000004 3.5000000000000004 4.5000000000000009 1.0000000180025095e-35 4.5000000000000009 6.5000000000000009 1.0000000180025095e-35 1.5000000000000002 120.35000000000001 2.5000000000000004 1.5000000000000002 1.5000000000000002 0.94850000000000001 1.5000000000000002 14.500000000000002 11883.435000000001 120.35000000000001 17757.770000000004 0.93550000000000011 2.5000000000000004 1.5000000000000002 3.5000000000000004 179.50000000000003
decision_type=2 2 2 2 2 2 2 2 2 2 2 2 2 2 2 2 2 2 2 2 2 2 2 2 2 2 2 2 2 2
left_child=1 2 9 4 5 6 -3 21 -7 29 17 14 -11 -13 -9 16 18 -6 -4 -18 -12 -5 -2 24 25 -24 -25 -26 -27 -1
right_child=22 3 15 7 10 8 -8 11 -10 12 20 13 -14 -15 -16 -17 19 -19 -20 -21 -22 -23 23 26 27 28 -28 -29 -30 -31
leaf_value=-0.052159980919277565 -0.051813877435527525 0.24179420484961858 -0.055489184579790123 0.18878880309472301 0.21103299754563995 0.29625897923696937 0.040850645808139303 0.20995240966829593 0.27469092115859206 0.20611466789461616 0.19489071670233135 0.21171025745419758 0.19038943643369119 0.1975990056584378 0.21677632776396205 -0.051815874535751927 -0.060577294709089603 0.21647592508093483 -0.052475785852048852 -0.052511959741729557 0.19710871543802952 0.19038943643369119 -0.052458299843013305 -0.051815874535751927 -0.052961276741938047 -0.051814243962847201 -0.052255984919377066 -0.052740746971773327 -0.052136285182980184 -0.051892264507202038
leaf_weight=0.77376894652843364 1707.8049667663872 74.328676883131266 914.75070023164153 61.000843212008476 83.533344268798828 654.682209007442 7.7938646636903277 143.32769393920898 401.81320406496525 81.954062089323997 71.103315025568008 161.23106055706739 6150.8812775611877 166.21679252386093 484.1312868334353 298.83754303306341 102.48399937152863 82.097723327577114 131.9320855922997 7.5778495222330085 104.41312342137098 689.84543657302856 13.573027800768619 12.038719624280926 8.9090820960700494 2.3313994556665416 0.8100679740309723 4.4234615489840499 0.84463683143258084 0.86970937997102737
leaf_count=20 50554 192 11216 24 31 471 138 53 213 32 28 63 2131 62 200 8837 786 35 3410 172 38 239 304 356 169 69 20 90 22 25
internal_value=0.138971 0.169686 0.144095 0.231464 0.265217 0.283344 0.222724 0.202183 0.288056 0.190532 0.204717 0.211559 0.190596 0.204547 0.215218 -0.0548046 -0.0555768 0.213731 -0.0551094 -0.060022 0.19621 0.190259 -0.0518274 -0.0523665 -0.0525898 -0.0523524 -0.0518436 -0.0528881 -0.0518999 -0.0520183
internal_weight=12626.3 10875.6 7690.06 3185.52 1479.77 1138.62 82.1225 1705.75 1056.5 6234.48 341.148 954.907 6232.84 327.448 627.459 1455.58 1156.74 165.631 1046.68 110.062 175.516 750.846 1750.74 42.9304 30.0816 16.7491 12.8488 13.3325 3.17604 1.64348
internal_count=80000 28416 26629 1787 1146 1014 330 641 684 2208 132 378 2163 125 253 24421 15584 66 14626 958 66 263 51584 1030 654 395 376 259 91 45
is_linear=0
shrinkage=0.05


Tree=5
num_leaves=31
num_cat=0
split_feature=4 0 7 0 3 7 0 5 0 5 3 4 3 3 3 4 4 10 4 5 4 4 7 5 7 10 3 5 10 5
split_gain=14998 29067.2 1283.36 246.288 313.154 269.208 239.045 3620.53 347.702 68.3245 61.3258 45.6284 78.3516 43.7313 33.9884 79.3888 37.3402 10.4977 4.65723 1.8497 1.43323 2.31446 1.02853 0.83021 0.585531 0.386033 0.36089 0.227345 0.169934 0.138511
threshold=4.5000000000000009 11883.435000000001 120.35000000000001 21807.355000000003 2.5000000000000004 119.65000000000002 15105.005000000003 0.65450000000000019 11883.435000000001 0.93550000000000011 2.5000000000000004 5.5000000000000009 2.5000000000000004 1.5000000000000002 1.5000000000000002 1.5000000000000002 3.5000000000000004 1.0000000180025095e-35 6.5000000000000009 0.70650000000000002 3.5000000000000004 1.5000000000000002 100.55000000000001 0.88550000000000006 120.35000000000001 1.5000000000000002 2.5000000000000004 0.95050000000000001 1.0000000180025095e-35 0.94750000000000012
decision_type=2 2 2 2 2 2 2 2 2 2 2 2 2 2 2 2 2 2 2 2 2 2 2 2 2 2 2 2 2 2
left_child=1 24 6 5 14 9 7 18 29 13 -11 12 19 -3 16 -16 -5 22 -2 -8 21 -6 -13 -14 25 26 27 -1 -22 -9
right_child=2 3 -4 4 20 -7 11 8 -10 10 -12 17 23 -15 15 -17 -18 -19 -20 -21 28 -23 -24 -25 -26 -27 -28 -29 -30 -31
leaf_value=-0.05369994755650892 0.17748391443706624 0.14640782138466732 -0.051728433302558052 0.24842435093959697 0.17966106014392927 -0.051874420149738545 -0.051722638437103965 -0.05615191186778206 0.16733295177492827 -0.053270151907785751 0.16845157912096953 0.18592916190794284 0.17086053606995427 0.19115824761016814 0.19553655174732312 0.23624635920670234 0.21505051239181916 0.17026267353309354 0.16605275136426473 0.21629162836713334 0.18093777333569566 0.18766661033263582 0.17845503572603116 0.17805438955084188 -0.051724179332712596 -0.051792860221058813 -0.056832116760832156 -0.051809810102222534 0.1778052877299991 -0.051970876689820436
leaf_weight=1334.0496587902308 90.173181630671024 75.973166588693857 69.983182910829782 334.11820247024298 137.70974063873291 13.931051991879938 0.064392171800135567 184.77672115340829 19.0854851603508 6.1653947941958887 6.3109071105718613 196.29915367811918 120.41706302762032 193.99490645900369 190.06237983703613 323.74985630810261 111.87484167888761 287.60246885195374 7499.7716209888458 257.21219973638654 92.537728190422058 262.15092105045915 60.12879404425621 60.133327938616276 806.7027140147984 338.30134829878807 84.49674628674984 180.62869241461158 81.362604446709156 22.187358621507883
leaf_count=27077 32 427 2168 353 46 406 2 3151 32 139 8 72 43 212 67 210 64 96 2391 129 40 94 22 26 25035 10220 1378 5394 29 637
internal_value=0.123609 0.0500711 0.16154 0.204421 0.212484 0.162695 0.163237 0.160316 -0.0368726 0.173278 0.0588837 0.18649 0.198505 0.178565 0.229954 0.221188 0.240053 0.176821 0.166189 0.216225 0.183262 0.18491 0.184177 0.173256 -0.0528561 -0.0533273 -0.053652 -0.0534745 0.179472 -0.0557037
internal_weight=13442 4574.12 8867.83 1829.94 1533.57 296.375 8797.85 7815.99 226.05 282.444 12.4763 981.857 437.827 269.968 959.805 513.812 445.993 544.03 7589.94 257.277 573.761 399.861 256.428 180.55 2744.18 1937.48 1599.18 1514.68 173.9 206.964
internal_count=80000 71199 8801 2095 903 1192 6633 6243 3820 786 147 390 200 639 694 277 417 190 2423 131 209 140 94 69 69104 44069 33849 32471 69 3788
is_linear=0
shrinkage=0.05


Tree=6
num_leaves=31
num_cat=0
split_feature=2 7 0 2 4 0 3 4 3 0 7 0 4 3 4 9 0 3 7 0 0 0 0 0 3 0 4 3 4 3
split_gain=19278.5 3901.5 2307.96 13302.6 1015.71 437.167 172.203 164.15 163.904 173.957 12.4784 3.54953 2.84756 0.623716 0.223626 0.0414206 0.0174443 0.0162455 0.00448311 0.00201721 0.00191192 0.000263654 0.000140683 0.000124423 8.89924e-05 8.2145e-05 3.48416e-05 1.74498e-05 1.22253e-05 9.80891e-06
threshold=401.50000000000006 120.35000000000001 7853.8650000000007 44.500000000000007 4.5000000000000009 15105.005000000003 2.5000000000000004 5.5000000000000009 1.5000000000000002 11883.435000000001 26.850000000000005 11883.435000000001 3.5000000000000004 2.5000000000000004 5.5000000000000009 1.0000000180025095e-35 11883.435000000001 2.5000000000000004 119.65000000000002 17757.770000000004 17757.770000000004 21807.355000000003 21807.355000000003 21807.355000000003 1.5000000000000002 11883.435000000001 4.5000000000000009 1.5000000000000002 2.5000000000000004 1.5000000000000002
decision_type=2 2 2 2 2 2 2 2 2 2 2 2 2 2 2 2 2 2 2 2 2 2 2 2 2 2 2 2 2 2
left_child=1 2 3 4 17 8 7 -7 9 -4 -6 -10 -8 14 -5 -15 -2 -1 20 25 26 -20 -21 -22 -25 -3 27 -18 -24 -27
right_child=16 19 5 13 10 6 12 -9 11 -11 -12 -13 -14 15 -16 -17 18 -19 21 22 23 -23 28 24 -26 29 -28 -29 -30 -31
leaf_value=-0.054045949335133861 -0.051633865799798541 -0.051637402000817859 -0.054603560874675286 -0.054470237492820706 0.14841949735120227 0.19196003763858749 0.16187947532197525 0.15566775026881197 0.14631158888456294 0.13338581848725581 0.12774679380034948 0.15029142212460317 0.15674140571446937 -0.05920551551669765 -0.059569589123253511 -0.055010898472410467 -0.052532282734607576 -0.057864837122885697 -0.051670261939548282 -0.052337288347259814 -0.053180222668481228 -0.052163629309188303 -0.053125987400691445 -0.053578259517680742 -0.053233429074241216 -0.051800336110174518 -0.052826427939642873 -0.052650340108367902 -0.052909104143202296 -0.051957470728355763
leaf_weight=59.736420525237918 1549.0366236325353 271.78803610615432 20.646973416209221 840.66333710215986 5796.7239689677954 1454.9289901480079 499.53597244620323 396.46916429698467 1345.4753647539765 30.461687866598368 73.92785476334393 959.97754295915365 585.97692084312439 86.258781619369984 22.063957400619984 6.3163040559738866 12.24353470280767 2.9210110940039149 8.6548961605876666 1.0632666349411004 6.4292320609092704 3.9409170765429726 1.329072028398514 5.975506689399479 2.7239510007202625 2.6493981294333926 1.3529332373291243 4.2049945890903464 1.2712157592177389 1.5886929780244825
leaf_count=1007 50554 8852 300 12984 1749 687 161 124 562 94 91 333 190 766 175 109 275 34 278 25 115 100 24 96 48 79 27 91 25 45
internal_value=0.112035 0.132981 0.13722 0.118142 0.146022 0.162046 0.174918 0.184188 0.146005 0.0574415 0.148159 0.147969 0.159106 -0.0550192 -0.0546007 -0.0589193 -0.0516622 -0.054224 -0.0526269 -0.0516563 -0.0529337 -0.0518246 -0.0528218 -0.053347 -0.0534703 -0.0516408 -0.0525825 -0.0525625 -0.05302 -0.0518592
internal_weight=14056.3 12461.8 12182.1 6888.61 5933.31 5293.47 2936.91 1851.4 2356.56 51.1087 5870.65 2305.45 1085.51 955.302 862.727 92.5751 1594.56 62.6574 45.526 279.69 32.9302 12.5958 3.66355 15.1287 8.69946 276.026 17.8015 16.4485 2.60029 4.23809
internal_count=80000 28416 19366 16915 2881 2451 1162 811 1289 394 1840 895 351 14034 13159 875 51584 1041 1030 9050 652 378 74 259 144 8976 393 366 49 124
is_linear=0
shrinkage=0.05


Tree=7
num_leaves=31
num_cat=0
split_feature=2 7 0 5 0 3 3 0 4 4 0 5 3 3 4 5 0 7 0 0 5 0 0 0 4 3 0 5 3 4
split_gain=16217.4 3243.8 1650.83 12156.3 272.337 97.9386 96.5695 185.747 93.6815 14.4919 4.89878 3.91559 3.26539 0.585449 0.233648 0.112398 0.0149277 0.00383075 0.00172574 0.00162992 0.000720236 0.000225662 0.000120126 0.000105979 8.25093e-05 7.57689e-05 7.04032e-05 2.91291e-05 1.84115e-05 1.03943e-05
threshold=401.50000000000006 120.35000000000001 7853.8650000000007 0.65450000000000019 17757.770000000004 2.5000000000000004 1.5000000000000002 11883.435000000001 5.5000000000000009 4.5000000000000009 15105.005000000003 0.9295000000000001 2.5000000000000004 2.5000000000000004 5.5000000000000009 0.94850000000000001 11883.435000000001 119.65000000000002 17757.770000000004 17757.770000000004 0.93550000000000011 21807.355000000003 21807.355000000003 21807.355000000003 3.5000000000000004 1.5000000000000002 11883.435000000001 0.91850000000000021 1.5000000000000002 2.5000000000000004
decision_type=2 2 2 2 2 2 2 2 2 2 2 2 2 2 2 2 2 2 2 2 2 2 2 2 2 2 2 2 2 2
left_child=1 2 3 9 6 8 7 -4 -6 -1 -8 -7 -11 14 -5 -15 -2 19 26 20 28 -19 -20 27 -22 -25 -3 -21 -18 -24
right_child=16 18 4 13 5 11 10 -9 -10 12 -12 -13 -14 15 -16 -17 17 21 22 23 24 -23 29 25 -26 -27 -28 -29 -30 -31
leaf_value=-0.051786474898841951 -0.05155164219489522 -0.051554997204645764 -0.054362049811661387 -0.054219352703143313 0.16741611240969878 0.14228389938897013 0.13429898493473977 0.1227742679554905 0.14052777684515894 0.14278312746862154 0.14708835954077268 0.15440253335838483 0.13472246426727402 -0.058952280346595866 -0.059258954803602784 -0.052140424550114139 -0.052560139634395764 -0.05158618525956056 -0.052218149692556719 -0.053066184787678772 -0.051549641584921015 -0.052053732697272717 -0.052964251100483653 -0.053391620395066397 -0.052147035044005779 -0.053065901946290461 -0.051765382603147773 -0.052780897218485834 -0.052686751307448709 -0.052759498415143359
leaf_weight=1.039809077978133 1475.7800293304026 258.93558223545551 19.725054420530796 862.1175177320838 1544.5748649388552 1019.5902743041515 2410.1402106881142 59.266103893518448 409.91123580932617 128.33152437210083 77.274349760264158 71.31688553839922 5993.875812292099 88.414047859609127 23.629412047564983 6.5010280180722466 10.147594351321464 8.2458711918443424 1.0136598348617547 5.0466141887009135 2.0118660125881429 3.7564309090375891 1.2680155187845232 5.7034453414380533 0.81098059564828862 2.5990755781531334 4.0385220497846595 1.0875704474747179 4.004379389807581 1.212560076266527
leaf_count=32 50554 8852 300 13997 617 310 895 145 121 38 39 24 1723 762 192 171 219 278 25 93 69 100 24 96 22 48 124 22 83 25
internal_value=0.102991 0.121079 0.124697 0.108684 0.144967 0.155078 0.132968 0.0785412 0.161777 0.13486 0.134696 0.143076 0.134891 -0.0547537 -0.0543538 -0.0584857 -0.0515785 -0.0524923 -0.0515729 -0.0527827 -0.0524505 -0.0517325 -0.0526768 -0.0531732 -0.0517213 -0.0532897 -0.0515582 -0.0530156 -0.052596 -0.0528642
internal_weight=14501.4 12982.2 12715.7 7103.91 5611.8 3045.39 2566.41 78.9912 1954.49 6123.25 2487.41 1090.91 6122.21 980.662 885.747 94.9151 1519.19 43.4138 266.468 31.4115 16.9748 12.0023 3.49424 14.4367 2.82285 8.30252 262.974 6.13418 14.152 2.48058
internal_count=80000 28416 19366 16915 2451 1072 1379 445 738 1793 934 334 1761 15122 14189 933 51584 1030 9050 652 393 378 74 259 91 144 8976 115 302 49
is_linear=0
shrinkage=0.05


Tree=8
num_leaves=31
num_cat=0
split_feature=2 3 0 0 2 4 0 3 0 4 0 4 4 4 4 0 2 4 4 10 10 3 10 4 10 4 4 4 0 1
split_gain=13905.1 2186.66 6877.97 328.176 5065.63 109.958 288.769 64.4716 46.86 44.0654 31.9319 64.0169 21.5649 16.7404 16.1842 11.2591 9.69851 9.07944 3.26682 1.44662 1.15398 0.300924 0.161493 0.0961799 0.0789139 0.064318 0.0298027 0.0189244 0.0127753 0.00772687
threshold=401.50000000000006 1.5000000000000002 11883.435000000001 11883.435000000001 44.500000000000007 5.5000000000000009 147.17500000000004 2.5000000000000004 17757.770000000004 3.5000000000000004 12761.115000000002 3.5000000000000004 5.5000000000000009 1.5000000000000002 1.5000000000000002 28815.715000000004 59.500000000000007 5.5000000000000009 6.5000000000000009 1.0000000180025095e-35 1.0000000180025095e-35 2.5000000000000004 1.5000000000000002 5.5000000000000009 1.5000000000000002 3.5000000000000004 5.5000000000000009 5.5000000000000009 11883.435000000001 6.5000000000000009
decision_type=2 2 2 2 2 2 2 2 2 2 2 2 2 2 2 2 2 2 2 2 2 2 2 2 2 2 2 2 2 2
left_child=1 2 22 4 5 6 -3 12 10 15 13 -12 14 -4 -5 -10 29 -11 -7 -18 -14 23 25 -6 -23 -1 -27 -24 -2 -9
right_child=28 3 8 7 21 18 -8 16 9 17 11 -13 20 -15 -16 -17 19 -19 -20 -21 -22 24 27 -25 -26 26 -28 -29 -30 -31
leaf_value=-0.053458438674828128 -0.051473680724219317 0.14183508836074468 0.19514437954044278 0.13530312207627102 -0.053908078078169143 0.11241960866043338 -0.054608811143499116 0.12373271578339012 0.14237692573703339 0.14206128914902777 0.012861985179083484 0.13285926330348186 0.13273200663840362 0.1037376606803236 0.14986772669176759 0.16161038311189657 0.13233928865385383 0.12806369608888402 0.12407455983973018 0.12888966235553931 0.12577486286536646 -0.057803353398471494 -0.051493485932252517 -0.057868533051582585 -0.053879737852081749 -0.054644179693231425 -0.058251861137062037 -0.055760501238229079 -0.052364903170661253 0.12406478939357435
leaf_weight=561.42430622503161 1405.877939902246 47.490156158804893 11.525577344000341 267.2335729598999 301.6372571606189 60.600231222808361 30.866262136027217 229.96896823495626 94.549710784107447 293.20621439814568 19.861727464944124 25.237155798822641 108.6092240549624 8.8591412007808668 666.32271492853761 389.74120691418648 637.78243105858564 191.5212415792048 7642.2217551581562 580.56361682713032 132.09894323348999 87.279351394623518 108.26688185334206 16.150520637631416 15.020494593307374 85.863762879744172 6.1334399282932273 2.66234366595745 41.39446091093123 735.22651989758015
leaf_count=11047 50554 26 18 77 5853 43 565 68 110 103 145 28 35 33 342 162 196 55 2140 171 38 1051 3867 193 342 1397 70 35 1030 206
internal_value=0.0957134 0.111663 0.0603824 0.119644 0.114253 0.123383 0.0644517 0.13281 0.144422 0.147188 0.103486 0.080012 0.142258 0.155419 0.145699 0.157855 0.12773 0.136531 0.123983 0.130695 0.128914 -0.0548686 -0.0533598 -0.0541094 -0.0572273 -0.0536592 -0.0548847 -0.0515959 -0.0514992 0.123986
internal_weight=14805.2 13357.9 1798.85 11559.1 8201.27 7781.18 78.3564 3357.81 1034.5 969.018 65.4836 45.0989 1174.26 20.3847 933.556 484.291 2183.54 484.727 7702.82 1218.35 240.708 420.088 764.351 317.788 102.3 653.422 91.9972 110.929 1447.27 965.195
internal_count=80000 28416 17070 11346 10213 2774 591 1133 654 430 224 173 492 51 419 272 641 158 2183 367 73 7439 16416 6046 1393 12514 1467 3902 51584 274
is_linear=0
shrinkage=0.05


Tree=9
num_leaves=31
num_cat=0
split_feature=2 7 3 0 0 5 3 0 5 4 4 7 4 3 10 5 4 0 0 7 0 5 0 0 0 0 4 3 3 5
split_gain=12098.7 2387.06 1174 5147.59 201.893 3987.09 43.288 29.7236 28.7882 28.0717 14.1111 6.82431 4.82965 0.285622 0.137553 0.0941522 0.0178341 0.0109528 0.00351464 0.00280993 0.00119455 0.000527464 0.000322452 0.000165725 0.000163162 7.76524e-05 6.08241e-05 5.54602e-05 4.11454e-05 2.13118e-05
threshold=401.50000000000006 120.35000000000001 1.5000000000000002 11883.435000000001 11883.435000000001 0.65450000000000019 2.5000000000000004 17757.770000000004 0.85250000000000015 3.5000000000000004 5.5000000000000009 27.450000000000003 5.5000000000000009 2.5000000000000004 1.5000000000000002 0.95050000000000001 5.5000000000000009 11883.435000000001 17757.770000000004 119.65000000000002 17757.770000000004 0.93550000000000011 11883.435000000001 21807.355000000003 21807.355000000003 21807.355000000003 3.5000000000000004 1.5000000000000002 1.5000000000000002 0.91850000000000021
decision_type=2 2 2 2 2 2 2 2 2 2 2 2 2 2 2 2 2 2 2 2 2 2 2 2 2 2 2 2 2 2
left_child=1 2 3 14 5 12 10 8 -5 -9 -6 -8 -4 -7 15 -1 -16 -2 22 20 21 -19 -3 -21 -20 29 -23 -27 -24 -22
right_child=17 18 4 7 6 13 11 9 -10 -11 -12 -13 -14 -15 16 -17 -18 19 24 23 25 26 28 -25 -26 27 -28 -29 -30 -31
leaf_value=-0.054163211784160871 -0.051399742829276479 -0.051400440556559047 0.131193349188717 0.060971441127704799 0.13283448058074299 -0.054555737843980982 0.11534251708857829 0.14212148545333778 0.12771525182140203 0.12546367328616745 0.11944513597256695 0.12089794374267025 0.11543258888666197 -0.057800710849819449 -0.051427355444454328 -0.051665212469404725 -0.05592286589348066 -0.052337324615015758 -0.052428170362294968 -0.051429635084771823 -0.052759438124368598 -0.051396696598987726 -0.051716637138098091 -0.05185021692055497 -0.053150382440722899 -0.053051300168060027 -0.051935051864859083 -0.052759285376849312 -0.052037532268803546 -0.052503612965936225
leaf_weight=463.52836848795414 1339.1876075807959 234.58667783252895 48.909817513078451 28.163104057312012 972.55948794260621 265.54535541683435 999.80901470780373 510.99507461488247 37.894080869853497 500.76577481627464 246.69606763124466 1236.4019323959947 7857.2968366146088 91.068933561444283 66.50451298058033 41.062855165451765 2.2818365022540084 12.868119712918999 1.1012696698307984 7.4770724270492774 4.5946025028824788 1.824107559397816 2.5243828985840073 3.4105982705950737 2.6978637911379337 5.1971157900989056 0.73649383150041092 2.3662773668766022 1.6530737206339834 0.98939714580774296
leaf_count=6692 50554 8852 24 76 358 4118 278 231 69 152 69 356 2147 958 2487 1326 25 302 25 278 93 69 79 100 49 96 22 48 45 22
internal_value=0.0897203 0.104016 0.106836 0.0673649 0.112398 0.108154 0.122546 0.131755 0.0992594 0.133877 0.130125 0.118414 0.11553 -0.0553844 -0.053674 -0.0539599 -0.0515765 -0.0514239 -0.0514322 -0.0522449 -0.0525053 -0.0522069 -0.0514082 -0.0515614 -0.052941 -0.0528555 -0.0515515 -0.0529599 -0.0518436 -0.0527141
internal_weight=14990.7 13612 13369.5 1651.2 11718.3 8262.82 3455.47 1077.82 66.0572 1011.76 1219.26 2236.21 7906.21 356.614 573.378 504.591 68.7863 1378.65 242.563 39.4638 28.5761 15.4287 238.764 10.8877 3.79913 13.1474 2.5606 7.56339 4.17746 5.584
internal_count=80000 28416 19366 11058 8308 7247 1061 528 145 383 427 634 2171 5076 10530 8018 2512 51584 9050 1030 652 393 8976 378 74 259 91 144 124 115
is_linear=0
shrinkage=0.05


Tree=10
num_leaves=31
num_cat=0
split_feature=2 7 4 0 5 0 0 0 7 4 4 10 5 5 7 0 0 7 0 5 0 4 0 0 0 4 4 5 4 4
split_gain=10652.2 2088.33 896.227 7144.55 25.2156 1099.3 18.6694 8.66711 7.2593 3.01743 1.24911 0.218821 0.148959 0.0583866 0.0233793 0.00937892 0.00300777 0.00240306 0.00102031 0.000451044 0.000276374 0.000241126 0.00014196 0.000139287 6.62552e-05 5.21887e-05 4.64325e-05 1.81815e-05 1.79677e-05 1.22817e-05
threshold=401.50000000000006 120.35000000000001 4.5000000000000009 11883.435000000001 0.65450000000000019 11883.435000000001 21807.355000000003 12761.115000000002 24.750000000000004 1.5000000000000002 6.5000000000000009 1.5000000000000002 0.95050000000000001 0.94750000000000012 26.150000000000002 11883.435000000001 17757.770000000004 119.65000000000002 17757.770000000004 0.93550000000000011 11883.435000000001 1.5000000000000002 21807.355000000003 21807.355000000003 21807.355000000003 3.5000000000000004 3.5000000000000004 0.91850000000000021 2.5000000000000004 2.5000000000000004
decision_type=2 2 2 2 2 2 2 2 2 2 2 2 2 2 2 2 2 2 2 2 2 2 2 2 2 2 2 2 2 2
left_child=1 2 3 11 10 13 7 -5 -7 -8 -4 12 -1 -6 -12 -2 20 18 19 -17 -3 -13 -19 -18 27 -21 -26 -20 -22 -25
right_child=15 16 4 6 5 8 9 -9 -10 -11 14 21 -14 -15 -16 17 23 22 24 25 28 -23 -24 29 26 -27 -28 -29 -30 -31
leaf_value=-0.054285549484243606 -0.051329614975467321 -0.051330275951656901 0.11368467082160212 0.12884692079306487 -0.056957944913699265 -0.082934201227928425 0.11850556753257668 0.10595689735214371 0.11396508991862815 0.12273032635245434 0.10829736161523794 -0.051324002232902413 -0.051527687185839138 -0.051915891409053894 0.10916850945315254 -0.052218151647751454 -0.052304182784816661 -0.051357992813476652 -0.052617652940092421 -0.051326725021267686 -0.051639246551899415 -0.051523433012942293 -0.051756780583651012 -0.053094199698953216 -0.052887454534258138 -0.051837595157831741 -0.052606574109805231 -0.052375672957218761 -0.051851936739254569 -0.052875702282365412
leaf_weight=641.29712462052703 1275.571135930717 223.44307583943009 109.23252367973328 47.855340629816055 96.065426632761955 0.46828293800353904 592.49200546741486 304.42328941822052 1255.2774946242571 1474.3124907165766 8779.4337577819824 19.125024795532227 53.009529266506433 6.1066556926816693 77.698788642883301 12.267763741314413 1.0499806404113763 7.1220823843032104 4.3820004109293205 1.7374505456537002 1.8967914786189788 73.042572531849146 3.2499704919755459 1.317050736397505 5.1558643132448196 0.70185847207903851 2.058928344398737 0.94338456541299809 2.0838910602033138 1.2569258362054823
leaf_count=9196 50554 8852 30 50 995 2 179 267 363 468 2370 761 1864 186 21 302 25 278 93 69 62 2614 100 24 100 22 44 22 62 25
internal_value=0.0847087 0.097693 0.100238 0.0771437 0.107409 0.101059 0.119706 0.109066 0.113892 0.121519 0.108371 -0.0537711 -0.054075 -0.0566566 0.108305 -0.0513526 -0.0513604 -0.0521307 -0.0523772 -0.0520947 -0.0513376 -0.0514821 -0.0514829 -0.0527895 -0.0527086 -0.0514737 -0.0528073 -0.0525748 -0.0517506 -0.0529875
internal_weight=15074.1 13760.9 13529.8 3205.56 10324.3 1357.92 2419.08 352.279 1255.75 2066.8 8966.37 786.474 694.307 102.172 8857.13 1313.19 231.048 37.6193 27.2473 14.7071 227.424 92.1676 10.3721 3.62396 12.5402 2.43931 7.21479 5.32538 3.98068 2.57398
internal_count=80000 28416 19366 15399 3967 1546 964 317 365 647 2421 14435 11060 1181 2391 51584 9050 1030 652 393 8976 3375 378 74 259 91 144 115 124 49
is_linear=0
shrinkage=0.05


Tree=11
num_leaves=31
num_cat=0
split_feature=2 7 3 10 4 2 5 10 2 4 4 4 4 4 4 7 10 5 10 1 10 3 10 5 4 7 1 2 2 7
split_gain=9468.73 1846.33 894.373 339.798 274.975 154.615 122.551 372.271 262.002 34.67 2.71468 0.056826 0.0492738 0.0307608 0.00232427 7.4187e-05 2.76751e-05 2.08766e-05 6.74115e-06 5.18716e-06 7.42352e-06 2.16275e-05 5.86645e-06 5.59952e-06 4.06328e-06 1.14682e-05 3.56921e-06 3.25233e-06 7.95477e-06 1.53457e-05
threshold=401.50000000000006 120.35000000000001 1.5000000000000002 1.5000000000000002 3.5000000000000004 49.500000000000007 0.65450000000000019 1.5000000000000002 49.500000000000007 4.5000000000000009 5.5000000000000009 5.5000000000000009 7.5000000000000009 5.5000000000000009 4.5000000000000009 119.65000000000002 2.5000000000000004 0.93350000000000011 3.5000000000000004 9.5000000000000018 3.5000000000000004 1.5000000000000002 2.5000000000000004 0.98250000000000004 2.5000000000000004 114.25000000000001 9.5000000000000018 114.50000000000001 94.500000000000014 149.15000000000001
decision_type=2 2 2 2 2 2 2 2 2 2 2 2 2 2 2 2 2 2 2 2 2 2 2 2 2 2 2 2 2 2
left_child=1 2 3 4 5 -1 10 8 -8 -6 -4 -9 -12 14 -5 16 17 24 -18 20 22 -22 23 -3 26 -26 -2 28 -21 -30
right_child=15 19 6 13 9 -7 7 11 -10 -11 12 -13 -14 -15 -16 -17 18 -19 -20 27 21 -23 -24 -25 25 -27 -28 -29 29 -31
leaf_value=-0.055182271684015266 -0.05130008695328854 -0.051300343566300803 0.11387459658708719 -0.051514599204215653 0.075061102305944913 0.052214093051290114 -0.057263246535041279 -0.052271030770010475 0.094322649093728034 0.099783864317987303 0.10136726523386137 -0.057240871483420844 0.10232000237409178 -0.057447031599333731 -0.053088081901011414 -0.051268771292600768 -0.051265513676980484 -0.051281427960656205 -0.051295112011745247 -0.05128704342824017 -0.051281398706012872 -0.051576207895279461 -0.051264591384902837 -0.051357482479801903 -0.051295468513933712 -0.051343088109828044 -0.051311577632588645 -0.051281033240996005 -0.051415090145550991 -0.0512630736098919
leaf_weight=34.74678036570549 116.05378025025129 73.533734947443008 50.993140757083893 60.176036335527897 220.1295653115958 943.74170897714794 28.793422687798738 37.645271783694625 2849.5680672097951 398.5618454143405 137.82841491699219 6.7890728022903195 8826.7300772666931 2.3134444449096909 2.4421941079199305 455.60661279596388 92.935499131679535 149.07429619319737 24.258431663736701 27.20187253691256 1.8225228600203984 0.94450549408793438 10.947031818330286 4.553218336775898 237.67077412642539 13.353726463392375 161.79968842305243 94.332625355571508 3.7483624722808591 2.9799585714936256
leaf_count=659 4760 3014 24 2444 760 6751 365 1088 4355 356 37 69 2370 26 62 18889 3861 6158 996 1120 75 35 455 183 9772 539 6609 3896 148 124
internal_value=0.0804551 0.0923775 0.0947022 0.0603389 0.0648971 0.0484004 0.0994864 0.0905892 0.0928063 0.0909875 0.102371 -0.0530304 0.102305 -0.0517851 -0.051576 -0.0512849 -0.0512941 -0.051298 -0.0512716 -0.0512923 -0.0513014 -0.051382 -0.0512989 -0.0513037 -0.0513026 -0.051298 -0.0513068 -0.0512858 -0.0512991 -0.0513478
internal_weight=15071.3 13820.5 13600.5 1662.11 1597.18 978.488 11938.3 2922.8 2878.36 618.691 9015.55 44.4343 8964.56 64.9317 62.6182 1250.75 795.146 677.952 117.194 220.064 91.801 2.76703 89.034 78.087 528.878 251.025 277.853 128.263 33.9302 6.72832
internal_count=80000 28416 19366 11058 8526 7410 8308 5877 4720 1116 2431 1157 2407 2532 2506 51584 32695 27838 4857 9050 3762 110 3652 3197 21680 10311 11369 5288 1392 272
is_linear=0
shrinkage=0.05


Tree=12
num_leaves=31
num_cat=0
split_feature=4 0 5 0 0 5 3 5 3 0 3 11 4 5 4 3 10 0 5 4 4 3 10 3 4 0 5 5 3 4
split_gain=4632.76 10997.4 163.122 1739.49 63.5515 60.8512 40.4366 23.1847 16.8522 8.12889 5.50916 2.60676 2.30297 2.17021 1.49099 3.74463 1.50561 1.39597 0.259846 0.248727 0.28748 0.218853 0.175701 0.179868 0.124256 0.099307 0.0965229 0.0695363 0.0460545 0.051665
threshold=4.5000000000000009 11883.435000000001 0.65450000000000019 11883.435000000001 21807.355000000003 0.94850000000000001 1.5000000000000002 0.75550000000000017 2.5000000000000004 28815.715000000004 1.5000000000000002 1.0000000180025095e-35 5.5000000000000009 0.73850000000000005 5.5000000000000009 2.5000000000000004 1.0000000180025095e-35 28815.715000000004 0.89450000000000018 3.5000000000000004 1.5000000000000002 2.5000000000000004 1.5000000000000002 2.5000000000000004 6.5000000000000009 43105.460000000014 0.95050000000000001 0.94750000000000012 2.5000000000000004 5.5000000000000009
decision_type=2 2 2 2 2 2 2 2 2 2 2 2 2 2 2 2 2 2 2 2 2 2 2 2 2 2 2 2 2 2
left_child=1 22 12 27 5 6 7 -3 9 11 -11 -6 -2 -8 15 17 21 -5 -17 20 -10 -16 23 26 -14 -21 -1 28 29 -4
right_child=2 4 3 14 8 -7 13 -9 19 10 -12 -13 24 -15 16 18 -18 -19 -20 25 -22 -23 -24 -25 -26 -27 -28 -29 -30 -31
leaf_value=-0.052459125776139481 0.10784434243401744 0.011258535746608685 -0.052991398804580959 0.10094733912247411 0.094772481587833024 -0.054646881580511543 0.085047867488577664 0.073140045893237818 0.10019047852196679 0.11549302583699733 0.10883699616206749 0.10758578257168194 0.094941351590153336 0.10034543699889281 0.10129980742104323 0.096941258873745703 0.097446021616702516 0.1080074779121306 0.10065989852257291 0.098522243316697941 0.10270803058274623 0.10409646457215796 -0.051232735482704995 -0.054669705028414242 0.097231999538102465 0.10070533010931218 -0.05128338903440588 -0.051392524861519566 -0.055319366803352359 -0.055241578625555815
leaf_weight=1371.5063774157315 51.266942070797086 17.936292754486203 86.759641138836741 93.554601592943072 94.781532872468233 7.5891396459192029 25.61396673694253 96.960223197937012 171.40749096870422 594.0464658215642 652.1934035141021 68.294325003400445 59.599001582711935 244.43345727026463 231.4605465233326 157.37022004649043 350.67934703826904 278.2608514726162 66.968380829319358 86.745199602097273 335.03623002767563 100.25367169082165 375.42843349464238 85.092033056542277 8902.2989866733551 130.4038519859314 200.0204322040081 24.726894401013851 62.578345952555537 36.133762108162045
leaf_count=42536 21 157 2572 94 166 185 55 522 46 262 210 56 20 273 73 52 100 81 26 34 94 36 16100 2166 2391 35 8302 995 1489 851
internal_value=0.0764756 0.034378 0.0947446 0.0794119 0.104049 0.0855599 0.088324 0.0634798 0.107451 0.110636 0.11201 0.100139 0.0972772 0.0988945 0.101326 0.103153 0.0997302 0.106231 0.0980513 0.101249 0.101856 0.102145 -0.0522094 -0.0524307 0.0972168 0.0998332 -0.0523095 -0.0538832 -0.0542152 -0.053653
internal_weight=15059.4 4557.49 10501.9 1488.75 2525.44 392.533 384.944 114.897 2132.91 1409.32 1246.24 163.076 9013.16 270.047 1278.55 596.154 682.394 371.815 224.339 723.593 506.444 331.714 2032.05 1656.62 8961.9 217.149 1571.53 210.199 185.472 122.893
internal_count=80000 71199 8801 6369 2095 1192 1007 679 903 694 472 222 2432 328 462 253 209 175 78 209 140 109 69104 53004 2411 69 50838 5907 4912 3423
is_linear=0
shrinkage=0.05


Tree=13
num_leaves=31
num_cat=0
split_feature=2 4 0 5 0 0 2 2 0 0 2 4 4 10 2 4 10 5 4 5 10 0 0 0 0 5 4 4 0 5
split_gain=7626.61 1114.07 6338.82 36.7477 967.551 22.3657 11.6848 14.9581 6.44019 2.0315 2.3703 1.48017 1.34027 1.23622 0.616483 0.543441 0.207587 0.138448 0.0798995 0.0614089 0.0400868 0.0126429 0.00178983 0.00531027 0.00113915 0.000403286 0.000129076 0.000107575 0.000102984 0.00010526
threshold=401.50000000000006 4.5000000000000009 11883.435000000001 0.65450000000000019 11883.435000000001 21807.355000000003 69.500000000000014 59.500000000000007 12761.115000000002 28815.715000000004 129.50000000000003 1.5000000000000002 5.5000000000000009 1.0000000180025095e-35 74.500000000000014 6.5000000000000009 1.5000000000000002 0.95050000000000001 3.5000000000000004 0.94950000000000012 1.5000000000000002 11883.435000000001 11883.435000000001 7853.8650000000007 17757.770000000004 0.93550000000000011 14.500000000000002 1.5000000000000002 21807.355000000003 0.9405
decision_type=2 2 2 2 2 2 2 2 2 2 2 2 2 2 2 2 2 2 2 2 2 2 2 2 2 2 2 2 2 2
left_child=1 2 16 15 19 6 7 -4 -8 10 -7 -11 14 -14 -6 -3 17 18 -1 20 -5 -2 23 -17 25 -23 -24 -18 29 -26
right_child=21 3 5 4 12 9 8 -9 -10 11 -12 -13 13 -15 -16 22 27 -19 -20 -21 -22 24 26 -25 28 -27 -28 -29 -30 -31
leaf_value=-0.053411179203103509 -0.051138954934269135 0.096385472569945327 0.022360255799335232 -0.056432507771507205 0.092791073768354548 0.088766378119448458 0.10805436216762501 0.10933474797361781 0.088274099423711644 0.10038120097055976 0.10040087331090906 0.10347461471364668 0.097286175784658702 0.09302154581073846 0.09881253907933582 0.092843884265993784 -0.051137674668053135 -0.051364429045129369 -0.054781087711843639 -0.051548899268258508 -0.053862135202751127 -0.051922328002736787 0.092853147078325662 0.092948902510927522 -0.052298413084522523 -0.051301570429149013 0.092785969361317916 -0.051252185271482564 -0.052480095074236059 -0.051662782236642016
leaf_weight=600.1017991527915 1100.7961076106876 110.40559278056026 13.990692913532259 86.806275598704815 46.072277747094631 56.303568195551634 47.588335635140538 7.6446752585470668 304.17930317670107 543.19920183345675 196.77034623548388 1342.2387047111988 331.1501252129674 349.04812417924404 549.23713238909841 6411.8589427471161 26.146113658323884 72.586318984627724 129.38837448880076 8.4330233503133041 18.380578748881817 16.288858830928806 77.788239240646362 1481.9334030151367 5.9021348413080004 3.1171268355101338 885.19677400588989 95.139278577640653 10.462293174117802 0.73211177065968502
leaf_count=12290 50554 32 54 1189 20 38 59 7 339 157 84 410 94 99 166 1731 1202 2867 2134 311 394 479 21 400 150 132 239 4079 244 25
internal_value=0.0732799 0.0835423 0.0588682 0.0917269 0.0841597 0.100047 0.0887565 0.053092 0.09095 0.102019 0.0978124 0.102583 0.096614 0.0950978 0.0983465 0.0928992 -0.0531554 -0.0534469 -0.0536542 -0.0556542 -0.0559834 -0.0511693 0.0928557 0.0928636 -0.0520848 -0.0518226 0.0927914 -0.0512275 -0.0523824 -0.0522283
internal_weight=14928.9 13791.6 3435.28 10356.3 1389.13 2511.91 373.403 21.6354 351.768 2138.51 253.074 1885.44 1275.51 680.198 595.309 8967.18 923.362 802.076 729.49 113.62 105.187 1137.3 8856.78 7893.79 36.5025 19.406 962.985 121.285 17.0965 6.63425
internal_count=80000 28416 23720 4696 2273 1148 459 61 398 689 122 567 379 193 186 2423 22572 17291 14424 1894 1583 51584 2391 2131 1030 611 260 5281 419 175
is_linear=0
shrinkage=0.05


Tree=14
num_leaves=31
num_cat=0
split_feature=2 7 3 0 5 0 0 5 4 3 4 3 10 5 4 0 4 0 7 0 0 5 0 0 0 4 3 3 3 5
split_gain=6914.06 1337.36 689.386 3078.72 116.551 2464.59 33.7348 24.9147 8.13307 4.72595 1.22662 0.187247 0.0899929 0.0587737 0.0254865 0.0108413 0.00802626 0.00576848 0.00193372 0.000960512 0.000886527 0.000403162 0.000266391 0.000158615 0.000101126 5.97407e-05 5.82546e-05 4.31344e-05 3.06526e-05 1.99664e-05
threshold=401.50000000000006 120.35000000000001 1.5000000000000002 11883.435000000001 0.65450000000000019 11883.435000000001 17757.770000000004 0.73050000000000004 3.5000000000000004 2.5000000000000004 5.5000000000000009 2.5000000000000004 1.5000000000000002 0.95050000000000001 7.5000000000000009 11883.435000000001 5.5000000000000009 17757.770000000004 119.65000000000002 17757.770000000004 11883.435000000001 0.93550000000000011 21807.355000000003 21807.355000000003 21807.355000000003 3.5000000000000004 1.5000000000000002 1.5000000000000002 1.5000000000000002 0.9215000000000001
decision_type=2 2 2 2 2 2 2 2 2 2 2 2 2 2 2 2 2 2 2 2 2 2 2 2 2 2 2 2 2 2
left_child=1 2 3 12 10 11 7 -5 -8 -7 -4 -6 13 -1 -12 -2 -14 20 19 21 -3 28 -19 -20 29 -23 -22 -26 -17 -21
right_child=15 17 4 6 5 9 8 -9 -10 -11 14 -13 16 -15 -16 18 -18 22 23 24 26 25 -24 -25 27 -27 -28 -29 -30 -31
leaf_value=-0.053554476937066775 -0.051082174065794572 -0.05108090547051343 0.096775875096519373 -0.069827026822675484 -0.053974706631675487 0.095653260524594066 0.10238159632500084 0.070047272362866939 0.093741447809626816 0.091397871450718468 0.088363844424988847 -0.056766383999062579 -0.051103253491247329 -0.051429432022861044 0.089055009776263419 -0.05198467747150335 -0.05448234268194662 -0.052374783023486193 -0.051234244882610885 -0.052408454152694087 -0.051668917691001792 -0.05110469779326135 -0.053299894993369415 -0.051669154536821776 -0.052746434368467689 -0.051688024934452174 -0.052052815652433443 -0.052476185111126644 -0.052165816328178738 -0.052130679193726007
leaf_weight=402.33237796276808 1048.2441887464374 183.31439857184887 51.600634701550007 3.3274826630949965 233.4286241941154 1295.6796903535724 569.64279697835445 73.63229251652956 521.90683452785015 1314.2750342190266 135.45599150657654 80.876603243872523 52.073334438726306 35.400649746879935 8697.8744938373566 8.0357030592858809 1.8187091033905733 1.0763305425643914 6.4866367504000646 4.150381386280058 2.4496732242405406 1.4555167723447078 2.8090320974588394 3.0975740905851126 4.7316371016204357 0.62842627987265576 1.6563472915440796 2.1462363377213478 3.2924466617405406 0.76638337597250927
leaf_count=6692 50554 8852 24 17 4118 427 231 128 152 374 37 958 2487 1326 2370 219 25 25 278 95 79 69 49 100 96 22 45 48 83 20
internal_value=0.070493 0.080134 0.0819984 0.051829 0.0862396 0.0775812 0.0959946 0.0639996 0.0982504 0.0935104 0.0890893 -0.0546931 -0.0531453 -0.0533826 0.0890444 -0.051111 -0.0512173 -0.0511367 -0.0519793 -0.0522092 -0.0510972 -0.0519197 -0.0530436 -0.0513748 -0.0525383 -0.0512806 -0.0518238 -0.0526621 -0.0520373 -0.0523652
internal_weight=14743.7 13660.6 13469.3 1660.13 11809.2 2924.26 1168.51 76.9598 1091.55 2609.95 8884.93 314.305 491.625 437.733 8833.33 1083.04 53.892 191.306 34.7909 25.2067 187.42 13.4121 3.88536 9.58421 11.7946 2.08394 4.10602 6.87787 11.3281 4.91676
internal_count=80000 28416 19366 11058 8308 5877 528 145 383 801 2431 5076 10530 8018 2407 51584 2512 9050 1030 652 8976 393 74 378 259 91 124 144 302 115
is_linear=0
shrinkage=0.05


Tree=15
num_leaves=31
num_cat=0
split_feature=2 7 4 0 5 0 0 2 7 7 4 10 5 5 0 7 0 7 0 0 5 0 0 4 0 4 4 4 5 4
split_gain=6298.25 1214.5 597.493 4437.04 22.2406 697.991 18.6604 9.1067 6.52155 3.05593 0.363573 0.145257 0.0966319 0.0368755 0.00929193 0.00826103 0.00493895 0.001655 0.000821159 0.000760237 0.000345034 0.000227344 0.000135938 0.000117915 8.63603e-05 5.12967e-05 3.38992e-05 2.62916e-05 1.70436e-05 1.32731e-05
threshold=401.50000000000006 120.35000000000001 4.5000000000000009 11883.435000000001 0.65450000000000019 11883.435000000001 21807.355000000003 69.500000000000014 24.750000000000004 26.150000000000002 6.5000000000000009 1.5000000000000002 0.95050000000000001 0.94750000000000012 11883.435000000001 26.150000000000002 17757.770000000004 119.65000000000002 17757.770000000004 11883.435000000001 0.93550000000000011 21807.355000000003 21807.355000000003 1.5000000000000002 21807.355000000003 3.5000000000000004 3.5000000000000004 2.5000000000000004 0.9215000000000001 2.5000000000000004
decision_type=2 2 2 2 2 2 2 2 2 2 2 2 2 2 2 2 2 2 2 2 2 2 2 2 2 2 2 2 2 2
left_child=1 2 3 11 10 13 7 -5 -7 -8 -4 12 -1 -6 -2 -12 19 18 20 -3 -16 -18 -19 -13 28 -22 -26 -21 -20 -23
right_child=14 16 4 6 5 8 9 -9 -10 -11 15 23 -14 -15 17 -17 21 22 24 27 25 29 -24 -25 26 -27 -28 -29 -30 -31
leaf_value=-0.05370129604846216 -0.051028282933896545 -0.051027079916383125 0.088641364755843263 0.048755474983781077 -0.055966693069195377 -0.093936915781564559 0.077368344165756442 0.082386491644463558 0.088561471015921309 0.092815847251921296 0.085723424342311588 -0.051024647411401017 -0.051317543547910439 -0.051678411858588562 -0.051934029355345482 0.086246131468444023 -0.052253668066143059 -0.051172628135082866 -0.052285507840070591 -0.051594341796467616 -0.051049665524439569 -0.053237627496835395 -0.0515851438759585 -0.051182225274448406 -0.05259736675567004 -0.05160348521856252 -0.052345606239415178 -0.051854018154077836 -0.052022642689924639 -0.053015043477817506
leaf_weight=561.57988234236836 998.14722563698888 174.55334869772196 108.43049216270447 21.349036835134029 84.589482102543116 0.48971323668956657 32.512333750724792 352.21531932801008 1256.4623817801476 2097.1668917685747 8586.325279712677 14.975041594356297 45.996833065524697 5.3289755824953309 10.796560542657973 76.260119676589966 1.0261504389345639 6.1775219496339542 3.957013823091982 1.8411546144634479 1.3859852645546187 1.370300602167845 2.9511810764670372 57.289525639265776 4.6885138303041458 0.59873215481638897 1.870498366653919 2.0713805705308914 0.73048212751746167 1.3101191855967043
leaf_count=9196 50554 8852 30 39 995 2 21 278 363 626 2370 761 1864 186 302 21 25 278 95 62 69 24 100 2614 100 22 44 62 20 25
internal_value=0.0680362 0.0771453 0.0789015 0.0600079 0.0848454 0.0788632 0.090772 0.0804645 0.0884904 0.09258 0.085764 -0.0532688 -0.0535208 -0.0557126 -0.0510556 0.085728 -0.05108 -0.0518791 -0.0520968 -0.0510425 -0.0518226 -0.0528865 -0.051306 -0.0511496 -0.0524084 -0.0512167 -0.0525256 -0.0517318 -0.0522445 -0.0531288
internal_weight=14514.4 13483.1 13301 3183.08 10117.9 1346.87 2503.24 373.564 1256.95 2129.68 8771.02 679.841 607.577 89.9185 1031.3 8662.59 182.172 33.1565 24.0278 178.466 12.7813 3.70657 9.1287 72.2646 11.2465 1.98472 6.55901 3.91254 4.6875 2.68042
internal_count=80000 28416 19366 15399 3967 1546 964 317 365 647 2421 14435 11060 1181 51584 2391 9050 1030 652 8976 393 74 378 3375 259 91 144 124 115 49
is_linear=0
shrinkage=0.05


Tree=16
num_leaves=31
num_cat=0
split_feature=2 3 0 5 5 0 0 5 4 2 0 4 2 3 4 3 10 0 5 4 4 0 4 0 5 4 4 5 3 0
split_gain=5760.89 861.855 2913.5 219.337 126.126 2190.23 41.6271 17.8257 38.4509 8.98068 6.24129 4.7029 4.51658 2.3553 0.702685 0.145473 0.0684304 0.0627437 0.0447339 0.0340127 0.0206088 0.00796573 0.00530768 0.000713773 0.000253328 0.000165343 0.000132321 9.36244e-05 8.44845e-05 6.43412e-05
threshold=401.50000000000006 1.5000000000000002 11883.435000000001 0.94950000000000012 0.65450000000000019 11883.435000000001 17757.770000000004 0.85250000000000015 3.5000000000000004 224.50000000000003 28815.715000000004 3.5000000000000004 94.500000000000014 2.5000000000000004 5.5000000000000009 2.5000000000000004 1.5000000000000002 11883.435000000001 0.95050000000000001 3.5000000000000004 7.5000000000000009 11883.435000000001 5.5000000000000009 17757.770000000004 0.93550000000000011 4.5000000000000009 3.5000000000000004 0.95050000000000001 2.5000000000000004 21807.355000000003
decision_type=2 2 2 2 2 2 2 2 2 2 2 2 2 2 2 2 2 2 2 2 2 2 2 2 2 2 2 2 2 2
left_child=1 2 16 4 14 15 7 8 -4 -9 12 -12 -8 -7 -3 -6 18 27 19 -1 -16 -2 25 24 -23 -18 -20 -5 -29 -25
right_child=21 3 6 17 5 13 10 9 -10 -11 11 -13 -14 -15 20 -17 22 -19 26 -21 -22 23 -24 29 -26 -27 -28 28 -30 -31
leaf_value=-0.052652351378035769 -0.05097712724826188 0.088672735556074189 -0.028651788954024367 -0.051852223280537804 -0.053305490418135704 0.087519157563180211 0.062032907630847026 0.042374172196958437 0.078006974641499194 0.087674392146031302 0.094264578785458783 0.087011367198192413 0.083950122546325834 0.084487145248011236 0.082161148745420354 -0.055797347614248496 -0.050975697791527677 -0.058613782143303199 -0.051162924948052781 -0.053897216707944631 0.08279217477429511 -0.051645789277948419 -0.053706343586475774 -0.051906202945506685 -0.051116473090506431 -0.051382449984133952 -0.051414347201733761 -0.051087253910309466 -0.051293263707526342 -0.052120080211558888
leaf_weight=372.44343462213874 950.39576070383191 50.933971598744392 17.059439079836011 0.46191993355751648 236.03339693695307 1279.3799587283283 27.390164565294981 16.948369938880205 16.74323808029294 30.865714378654957 461.56781167909503 433.26118031516671 165.75988744199276 1282.6577075123787 131.40149972960353 77.900352109223604 70.627523321658373 3.1197521965950719 39.940191060304642 64.350525330752134 8449.7657635211945 14.093254111707216 1.8437582477927197 5.7447009142488232 2.6922512743622056 2.5900499112904063 6.0221678949892512 21.670468866825107 6.4603373780846587 9.0656040795147401
leaf_count=9221 50554 28 94 16 5457 461 32 58 15 57 162 123 113 377 38 1225 3762 35 1826 1231 2370 479 35 175 132 105 236 1063 276 244
internal_value=0.0658541 0.0745035 0.0415654 0.079434 0.0797959 0.0707273 0.0864097 0.0519699 0.0241787 0.0716171 0.0889933 0.0907527 0.0808421 0.0860012 0.0828173 -0.0539238 -0.0524613 -0.0518808 -0.0526796 -0.0528358 0.0827825 -0.0510031 -0.0510568 -0.0517841 -0.0515609 -0.0509901 -0.0511959 -0.0511462 -0.0511346 -0.0520371
internal_weight=14249.2 13267.2 1727.41 11539.8 11508.1 2875.97 1169.6 81.6168 33.8027 47.8141 1087.98 894.829 193.15 2562.04 8632.1 313.934 557.818 31.7125 482.756 436.794 8581.17 981.992 75.0613 31.5958 16.7855 73.2176 45.9624 28.5927 28.1308 14.8103
internal_count=80000 28416 17070 11346 9956 7520 654 224 109 115 430 285 145 838 2436 6682 16416 1390 12514 10452 2408 51584 3902 1030 611 3867 2062 1355 1339 419
is_linear=0
shrinkage=0.05


Tree=17
num_leaves=31
num_cat=0
split_feature=2 3 0 5 5 0 0 5 4 2 0 2 4 5 4 3 10 0 5 4 4 0 4 0 5 4 4 5 3 0
split_gain=5287.91 790.365 2660.96 200.747 118.061 2000.3 40.1484 15.2776 34.731 7.68302 6.27491 4.1949 3.24135 1.77338 0.521074 0.124034 0.0586287 0.0538452 0.0383131 0.029107 0.0162974 0.0068345 0.00454802 0.00061144 0.000217109 0.000141968 0.000113565 8.04454e-05 7.24983e-05 5.50269e-05
threshold=401.50000000000006 1.5000000000000002 11883.435000000001 0.94950000000000012 0.65450000000000019 11883.435000000001 17757.770000000004 0.85250000000000015 3.5000000000000004 224.50000000000003 28815.715000000004 94.500000000000014 3.5000000000000004 0.94350000000000012 5.5000000000000009 2.5000000000000004 1.5000000000000002 11883.435000000001 0.95050000000000001 3.5000000000000004 7.5000000000000009 11883.435000000001 5.5000000000000009 17757.770000000004 0.93550000000000011 4.5000000000000009 3.5000000000000004 0.95050000000000001 2.5000000000000004 21807.355000000003
decision_type=2 2 2 2 2 2 2 2 2 2 2 2 2 2 2 2 2 2 2 2 2 2 2 2 2 2 2 2 2 2
left_child=1 2 16 4 14 15 7 8 -4 -9 11 -8 -12 -7 -3 -6 18 27 19 -1 -16 -2 25 24 -23 -18 -20 -5 -29 -25
right_child=21 3 6 17 5 13 10 9 -10 -11 12 -13 -14 -15 20 -17 22 -19 26 -21 -22 23 -24 29 -26 -27 -28 28 -30 -31
leaf_value=-0.052517473012463539 -0.050928564368150846 0.085280781312150167 -0.027544066778165812 -0.051759597346484609 -0.053137737810673706 0.082680408996129606 0.058966001612111921 0.039948143006726312 0.074120755285222148 0.081599829921792613 0.089968943191383752 0.080099944960174474 0.08391775373496857 0.091010998416547015 0.079619977847757095 -0.055491262065389374 -0.050927208206508007 -0.058157411100790438 -0.051104957741391469 -0.05369617452329456 0.080186591653555642 -0.051563144924687582 -0.053514487720135034 -0.051810151736914528 -0.051061007487706693 -0.051313403830281469 -0.051343620921003169 -0.051033197893938932 -0.051228750606492006 -0.052012759262922703
leaf_weight=355.1660609357059 904.88470602966845 50.326865488663316 16.863319169729948 0.44015828892589226 225.21281097643077 2460.3961761072278 27.37423187494278 17.075343385338783 16.739923279732466 31.488159758970141 459.47153520956635 165.05715810507536 426.92935405671597 65.586568243801594 128.87907770648599 74.499496541917324 67.245333457365632 2.990297205746173 38.034291137009859 61.435502171516418 8292.0816361904144 13.426862437278034 1.7599658630788315 5.4744035601615897 2.5636603310704222 2.46696320362389 5.7361552305519572 20.634871486574415 6.1528065539896479 8.6408133730292302
leaf_count=9221 50554 28 94 16 5457 816 32 58 15 57 162 113 123 22 38 1225 3762 35 1826 1231 2370 479 35 175 132 105 236 1063 276 244
internal_value=0.0639016 0.0721495 0.0402833 0.0769119 0.0772561 0.0684059 0.0827117 0.0490204 0.0231017 0.0669547 0.0852777 0.0770935 0.0870544 0.0828967 0.0802082 -0.0537228 -0.0523366 -0.0517886 -0.0525434 -0.0526913 0.0801779 -0.0509532 -0.0510042 -0.0516943 -0.0514826 -0.0509409 -0.0511362 -0.0510891 -0.0510781 -0.0519342
internal_weight=13955 13020 1692.84 11327.2 11297 2825.7 1161 82.1667 33.6032 48.5635 1078.83 192.431 886.401 2525.98 8471.29 299.712 531.844 30.2181 460.372 416.602 8420.96 934.99 71.4723 30.1057 15.9905 69.7123 43.7704 27.2278 26.7877 14.1152
internal_count=80000 28416 17070 11346 9956 7520 654 224 109 115 430 145 285 838 2436 6682 16416 1390 12514 10452 2408 51584 3902 1030 611 3867 2062 1355 1339 419
is_linear=0
shrinkage=0.05


Tree=18
num_leaves=31
num_cat=0
split_feature=7 4 0 4 0 0 0 3 0 0 0 3 4 7 12 0 7 12 6 4 7 10 3 3 0 0 4 0 0 0
split_gain=2537.61 1467.67 5212.9 41.9889 279.525 467.914 36.6674 32.2071 15.699 15.3768 2.90199 3.73124 2.39723 1.99005 1.42605 0.610693 0.551682 1.49638 3.05025 0.474519 0.344686 0.0840654 0.0853087 0.011408 0.00669411 0.00577781 0.00478486 0.000924657 0.000605574 0.000359392
threshold=120.35000000000001 4.5000000000000009 11883.435000000001 7.5000000000000009 12761.115000000002 160.37500000000003 21807.355000000003 1.5000000000000002 11883.435000000001 17757.770000000004 28815.715000000004 2.5000000000000004 1.5000000000000002 91.450000000000017 1.0000000180025095e-35 28815.715000000004 23.250000000000004 2.5000000000000004 2.5000000000000004 5.5000000000000009 43.650000000000013 1.5000000000000002 2.5000000000000004 1.5000000000000002 8222.4850000000024 17757.770000000004 8.5000000000000018 11883.435000000001 7853.8650000000007 21807.355000000003
decision_type=2 2 2 2 2 2 2 2 2 2 2 2 2 2 2 2 2 2 2 2 2 2 2 2 2 2 2 2 2 2
left_child=1 2 21 4 5 14 7 9 -7 -4 13 -12 -9 -8 -3 20 26 18 -18 -17 -6 22 23 -1 -24 27 -5 -2 -28 -27
right_child=25 3 6 16 15 8 10 12 -10 -11 11 -13 -14 -15 -16 19 17 -19 -20 -21 -22 -23 24 -25 -26 29 28 -29 -30 -31
leaf_value=-0.051873549212212891 -0.05088265258872126 0.067304544980386835 0.026988405998254247 0.077375085920203465 0.073439093978224984 -0.053400182481816744 0.078920882911464485 0.083621753415889899 0.04327048585217301 0.062953686655582805 0.084230197661800857 0.079388002366509836 0.072286234099125865 0.066994096853706012 0.079279676044463301 0.08128885413639958 0.041209730856530166 0.078132150051731519 0.078065880476381092 0.079056067316168516 0.078196365124839184 -0.050921935443583956 -0.053971988201326371 -0.052276234060929211 -0.056938119853112451 -0.051740290035778014 0.077849807505043001 -0.051418882719982878 0.077880380351682377 -0.052488302925702029
leaf_weight=618.88064033724368 462.93889346905053 29.889685908332467 64.325563522055745 51.530066048726439 47.638286132365465 117.52431808970869 205.10350838303566 60.513018608093262 4.3553734049201003 55.241812558844686 1227.4567412622273 588.62210997194052 203.4562573581934 42.165041968226433 147.76332640647888 437.42370527610183 9.4976350720971841 54.947582244873047 13.728070020675657 521.83280838280916 189.68190621770918 179.40187108144164 49.332192294299603 245.70879005081952 1.9784692581742991 2.2727089542895547 5732.8110971450806 8.181378046050666 2257.5251734256744 5.4722401704639196
leaf_count=23802 27163 84 409 21 31 3641 136 17 9 115 415 176 247 46 43 131 69 16 4 153 98 10220 1342 8669 36 85 1674 340 659 149
internal_value=0.062147 0.0662616 0.0387479 0.0763965 0.0686993 0.025503 0.07933 0.0651333 -0.0499457 0.0436049 0.0819689 0.0826608 0.0748848 0.0768871 0.0772649 0.0795124 0.0778147 0.0736346 0.0629944 0.0800742 0.0772414 -0.0519117 -0.0521055 -0.051988 -0.0540864 -0.0509142 0.0778553 -0.050892 0.0778584 -0.0522688
internal_weight=13637.2 13158.3 3542.19 9616.15 1496.11 299.533 2446.88 383.537 121.88 119.567 2063.35 1816.08 263.969 247.269 177.653 1196.58 8120.04 78.1733 23.2257 959.257 237.32 1095.3 915.9 864.589 51.3107 478.865 8041.87 471.12 7990.34 7.74495
internal_count=80000 52263 45630 6633 4190 3777 1561 788 3650 524 773 591 264 182 127 413 2443 89 73 284 129 44069 33849 32471 1378 27737 2354 27503 2333 234
is_linear=0
shrinkage=0.05


Tree=19
num_leaves=31
num_cat=0
split_feature=2 7 5 0 0 5 0 10 5 7 7 12 2 2 0 0 7 0 5 0 0 5 0 0 5 5 1 5 2 5
split_gain=4504.87 865.404 362.239 3683.44 17.3832 11.2095 3.73583 0.0798703 0.0704303 0.0327804 0.139575 0.0744985 0.0152591 0.0155714 0.00833722 0.00715462 0.00160632 0.00126839 0.000973013 0.000754311 0.000265869 0.000241625 8.00986e-05 7.19276e-05 3.20182e-05 1.81314e-05 1.33733e-05 1.28082e-05 9.64031e-06 4.22862e-06
threshold=401.50000000000006 120.35000000000001 0.65450000000000019 11883.435000000001 17757.770000000004 0.70650000000000002 28815.715000000004 1.5000000000000002 0.95050000000000001 22.550000000000004 28.150000000000002 4.5000000000000009 34.500000000000007 19.500000000000004 11883.435000000001 17757.770000000004 119.65000000000002 11883.435000000001 0.94750000000000012 17757.770000000004 21807.355000000003 0.93550000000000011 21807.355000000003 21807.355000000003 0.95750000000000013 0.87450000000000017 5.5000000000000009 0.9215000000000001 877.50000000000011 0.74050000000000005
decision_type=2 2 2 2 2 2 2 2 2 2 2 2 2 2 2 2 2 2 2 2 2 2 2 2 2 2 2 2 2 2
left_child=1 2 9 7 5 -5 -6 8 -4 12 -11 -12 13 -1 -2 17 19 -3 -9 21 -17 29 27 -18 26 -22 -19 -21 -23 -16
right_child=14 15 3 4 6 -7 -8 18 -10 10 11 -13 -14 -15 16 20 23 24 -20 22 25 28 -24 -25 -26 -27 -28 -29 -30 -31
leaf_value=0.075771417262192164 -0.05083833892604929 -0.050835556898362513 -0.053241948817654663 -0.077232846281112266 0.074825271153798556 0.066229293767997174 0.079297707332374706 -0.051382627262338866 -0.051094503761060964 0.077405690614346434 0.072255382598606477 0.076205593065512875 0.075019446158127182 0.076321860954287196 -0.051667868158533838 -0.052368915061247169 -0.050956274150212061 -0.051982151857117388 -0.050855341685586114 -0.052091091841711804 -0.053402116100808555 -0.051189600223939286 -0.05233539624641103 -0.051287323882047042 -0.051421097166958953 -0.053142562056253763 -0.051753832399268784 -0.051853752426359603 -0.050951191689604915 -0.051747464191949678
leaf_weight=7737.6265981197357 819.84046981669962 143.03527817130089 526.47663872689009 1.3683240041136731 563.61860831081867 277.37156154960394 2721.3486912548542 60.707203282043338 41.167288227006793 118.22169701009989 24.211296066641808 23.540815830230713 66.408470774069428 130.65130209922791 2.1401831693947369 1.0659319907426827 5.076300246641039 0.87803270667791355 10.222437601536511 3.6473855506628734 1.6630206406116488 1.0928573571145523 6.1085801869630814 2.424395103007555 0.61157829500734795 1.1300602331757543 2.3792005926370621 0.67339495196938504 0.69283681176602829 7.5728526003658772
leaf_count=2313 50554 8852 9947 7 246 250 826 3011 2003 37 33 7 24 39 69 25 278 25 623 95 28 53 144 100 23 21 76 20 38 233
internal_value=0.0605521 0.0681503 0.0696093 0.0576974 0.0775131 0.065525 0.0785303 -0.0528885 -0.0530862 0.0757887 0.0764842 0.0742028 0.0757742 0.0757806 -0.050868 -0.0509155 -0.0516949 -0.0508597 -0.0513066 -0.0519109 -0.0530407 -0.0516317 -0.0522189 -0.0510633 -0.0517531 -0.0532971 -0.0518154 -0.0520541 -0.0510971 -0.0517299
internal_weight=13303 12453.7 12302.9 4202.28 3563.71 278.74 3284.97 638.574 567.644 8100.66 165.974 47.7521 7934.69 7868.28 849.269 150.763 29.4288 146.904 70.9296 21.9281 3.85901 11.4987 10.4294 7.5007 3.86881 2.79308 3.25723 4.32078 1.78569 9.71304
internal_count=80000 28416 19366 16913 1329 257 1072 15584 11950 2453 77 40 2376 2352 51584 9050 1030 8976 3634 652 74 393 259 378 124 49 101 115 91 302
is_linear=0
shrinkage=0.05


Tree=20
num_leaves=31
num_cat=0
split_feature=2 7 3 0 5 0 0 5 0 0 3 11 3 5 9 2 0 0 7 0 0 0 5 3 0 0 9 3 3 5
split_gain=4169.19 799.488 425.072 1784.03 81.8661 1444.96 33.3824 18.3635 5.4772 2.06183 0.15408 0.104634 0.0740257 0.0237672 0.0180882 0.00975829 0.00715151 0.00612873 0.00137613 0.00108856 0.000645428 0.000226895 0.000206905 8.41548e-05 6.84827e-05 6.17027e-05 5.64116e-05 3.80991e-05 2.54702e-05 1.53962e-05
threshold=401.50000000000006 120.35000000000001 1.5000000000000002 11883.435000000001 0.65450000000000019 11883.435000000001 17757.770000000004 0.73050000000000004 28815.715000000004 21807.355000000003 2.5000000000000004 1.5000000000000002 2.5000000000000004 0.95050000000000001 1.0000000180025095e-35 24.500000000000004 11883.435000000001 17757.770000000004 119.65000000000002 11883.435000000001 17757.770000000004 21807.355000000003 0.93550000000000011 1.5000000000000002 21807.355000000003 21807.355000000003 1.0000000180025095e-35 1.5000000000000002 1.5000000000000002 0.87450000000000017
decision_type=2 2 2 2 2 2 2 2 2 2 2 2 2 2 2 2 2 2 2 2 2 2 2 2 2 2 2 2 2 2
left_child=1 2 3 13 10 12 7 -5 -8 -7 11 -4 -6 14 -1 -12 -2 19 20 -3 22 -19 27 -21 -22 -20 -15 -18 -26 -23
right_child=16 17 4 6 5 9 8 -9 -10 -11 15 -13 -14 26 -16 -17 18 21 25 23 24 29 -24 -25 28 -27 -28 -29 -30 -31
leaf_value=-0.052508689489270836 -0.05079678395003117 -0.050794144898247233 0.077295884005766494 -0.07104557309697547 -0.052905383755038532 0.071840016119544936 0.069075807163111416 0.048460054618726517 0.07856726445064019 0.076070550238732854 0.0738911085149873 0.074390800982123029 -0.05490819202393854 -0.051024103182605446 -0.050903695678056686 0.073499131750648483 -0.051576401433354485 -0.05224816938918822 -0.050908786691413035 -0.051461426730742534 -0.051949954413020118 -0.053225292008934916 -0.051042655354586797 -0.051945390017581222 -0.052286718925842593 -0.051222990439611538 -0.050793825427634776 -0.05179788627839578 -0.052060952468800263 -0.052980437823715337
leaf_weight=319.22539535537362 780.4782541366294 136.1674968842417 54.471683863550425 3.3535295501351348 176.80406621936709 335.14689253270626 185.32927630841732 77.558366484940052 845.08522182703018 2047.5842645764351 7607.9958865642548 71.917747735977173 62.426292834803462 29.506420369260013 18.576008791103959 162.16332501545548 6.4827118366956764 1.0162299312651151 4.8331168601289383 2.1363053619861598 4.1180852297693473 1.5870367363095286 1.7003709319978941 1.5499414652585981 4.0087516792118549 2.3089792486280203 2.9229862224310628 2.7718181796371937 1.8148211799561975 1.0781528446823356
leaf_count=7656 50554 8852 25 17 4118 168 111 128 272 633 2333 22 958 1527 1157 51 219 25 278 79 115 28 91 45 96 100 190 83 48 21
internal_value=0.0591147 0.0664344 0.0678375 0.0427633 0.0713693 0.0637142 0.0744318 0.0435069 0.0768601 0.0754755 0.0739111 0.0756428 -0.053428 -0.0522963 -0.0524204 0.0738829 -0.050825 -0.0508701 -0.0516095 -0.0508171 -0.0518143 -0.0528839 -0.0515496 -0.0516649 -0.052106 -0.0510104 -0.0510033 -0.0516427 -0.0522164 -0.0531262
internal_weight=12952.1 12143.6 12000.1 1481.56 10518.5 2621.96 1111.33 80.9119 1030.41 2382.73 7896.55 126.389 239.23 370.231 337.801 7770.16 808.517 143.535 28.0387 139.854 20.8966 3.68142 10.9549 3.68625 9.94166 7.1421 32.4294 9.25453 5.82357 2.66519
internal_count=80000 28416 19366 11058 8308 5877 528 145 383 801 2431 47 5076 10530 8813 2384 51584 9050 1030 8976 652 74 393 124 259 378 1717 302 144 49
is_linear=0
shrinkage=0.05


Tree=21
num_leaves=31
num_cat=0
split_feature=2 7 3 0 4 0 0 0 0 0 7 0 0 4 10 4 0 0 4 7 0 0 0 3 0 0 3 3 2 4
split_gain=3866.93 740.325 397.554 1645.72 73.7387 951.126 228.612 33.2621 14.2782 5.66579 3.55668 83.2424 2.51314 0.54356 0.0302286 0.0159271 0.00613533 0.00525124 0.00276649 0.00117917 0.00093424 0.000552435 0.000193718 7.2146e-05 5.85565e-05 5.29421e-05 3.66948e-05 2.1771e-05 1.06618e-05 1.03333e-05
threshold=401.50000000000006 120.35000000000001 1.5000000000000002 11883.435000000001 5.5000000000000009 11883.435000000001 147.17500000000004 17757.770000000004 12761.115000000002 28815.715000000004 30.250000000000004 15105.005000000003 21807.355000000003 6.5000000000000009 1.5000000000000002 3.5000000000000004 11883.435000000001 17757.770000000004 5.5000000000000009 119.65000000000002 11883.435000000001 17757.770000000004 21807.355000000003 1.5000000000000002 21807.355000000003 21807.355000000003 1.5000000000000002 1.5000000000000002 254.50000000000003 2.5000000000000004
decision_type=2 2 2 2 2 2 2 2 2 2 2 2 2 2 2 2 2 2 2 2 2 2 2 2 2 2 2 2 2 2
left_child=1 2 3 14 5 6 -4 8 -5 -9 13 -12 -7 -6 15 -1 -2 20 -16 21 -3 26 -19 -22 -23 -21 -18 -26 -25 -24
right_child=16 17 4 7 10 12 -8 9 -10 -11 11 -13 -14 -15 18 -17 19 22 -20 25 23 24 29 28 27 -27 -28 -29 -30 -31
leaf_value=-0.05219008047534851 -0.050757322036037701 -0.050754814365488538 0.065560511713388878 0.07006431012809218 0.067580567964074384 0.069356671786979074 -0.053072580028022266 0.06653074883574342 0.025963869290782426 0.076255741674013111 -0.021564043258101531 0.07303082613540586 0.074341465724476974 0.072181032784489438 -0.050771971896383508 -0.053178255186202811 -0.051410341027566947 -0.052133830922989614 -0.053099251275805462 -0.050863693814237443 -0.051388209364003345 -0.05185128960549399 -0.053063211070623943 -0.051960478401418077 -0.052170240323148979 -0.051161947328790217 -0.05161486242365803 -0.051956444164282072 -0.05168786560318938 -0.052861567079278318
leaf_weight=266.56032367236912 742.97653175052255 129.62436826247722 50.742330727167428 28.05996485054493 64.755199072882533 299.67837483435869 203.35843560006469 182.86037117242813 53.060135044157505 827.60857301950455 24.73242843337357 389.7932340502739 1618.1159727424383 7588.1468448415399 36.916203676722944 48.140674650669098 7.3012193571776205 0.9687343649566168 1.3226950429379929 4.60137581732124 2.0349387787282462 3.924509519711135 1.3008508123457434 0.86372904479503609 3.8215412721037865 2.1989234983921051 3.1347618773579597 1.7296960316598413 0.61334036290645599 1.2418915424495933
leaf_count=7080 50554 8852 110 34 51 158 4702 111 111 272 252 123 514 2398 2487 938 285 25 25 278 79 115 24 25 96 100 108 48 20 25
internal_value=0.0578078 0.0648788 0.066232 0.0416766 0.0696962 0.0615185 -0.0293823 0.0720229 0.0412185 0.0744959 0.0718978 0.0673869 0.0735625 0.0721421 -0.0521799 -0.0523412 -0.0507841 -0.050827 -0.0508525 -0.0515286 -0.0507766 -0.0517227 -0.0527355 -0.0515813 -0.0519991 -0.0509601 -0.0514718 -0.0521036 -0.0518473 -0.0529647
internal_weight=12590.2 11820.5 11683.9 1444.53 10239.3 2171.9 254.101 1091.59 81.1201 1010.47 8067.43 414.526 1917.79 7652.9 352.94 314.701 769.689 136.648 38.2389 26.712 133.136 19.9117 3.51148 3.51201 9.47575 6.8003 10.436 5.55124 1.47707 2.54274
internal_count=80000 28416 19366 11058 8308 5484 4812 528 145 383 2824 375 672 2449 10530 8018 51584 9050 2512 1030 8976 652 74 124 259 378 393 144 45 49
is_linear=0
shrinkage=0.05


Tree=22
num_leaves=31
num_cat=0
split_feature=2 7 3 0 5 0 0 5 0 0 4 3 5 4 0 4 0 7 0 0 5 0 3 4 0 0 3 4 3 5
split_gain=3592.8 686.814 372.768 1521.01 74.6163 1243.99 33.4633 16.6281 5.87696 2.5861 0.21363 0.056277 0.0174532 0.0143961 0.00526486 0.00473994 0.00450223 0.00101074 0.000886193 0.000472824 0.000152071 7.93507e-05 6.18547e-05 5.70109e-05 5.00856e-05 4.54305e-05 2.79611e-05 2.68321e-05 1.86153e-05 1.11995e-05
threshold=401.50000000000006 120.35000000000001 1.5000000000000002 11883.435000000001 0.65450000000000019 11883.435000000001 17757.770000000004 0.73050000000000004 28815.715000000004 21807.355000000003 5.5000000000000009 2.5000000000000004 0.95050000000000001 3.5000000000000004 11883.435000000001 7.5000000000000009 11883.435000000001 119.65000000000002 21807.355000000003 17757.770000000004 0.93550000000000011 17757.770000000004 1.5000000000000002 3.5000000000000004 21807.355000000003 21807.355000000003 1.5000000000000002 3.5000000000000004 1.5000000000000002 0.87450000000000017
decision_type=2 2 2 2 2 2 2 2 2 2 2 2 2 2 2 2 2 2 2 2 2 2 2 2 2 2 2 2 2 2
left_child=1 2 3 12 10 11 7 -5 -8 -7 -4 -6 13 -1 -2 -12 -3 19 21 20 26 22 -18 -14 -21 -19 -16 -22 -26 -20
right_child=14 16 4 6 5 9 8 -9 -10 -11 15 -13 23 -15 17 -17 18 25 29 24 27 -23 -24 -25 28 -27 -28 -29 -30 -31
leaf_value=-0.052034515951540995 -0.050719841724249273 -0.050717462132627136 0.074067441388506905 -0.070659838775105205 -0.052643339251093525 0.067504772993280143 0.064182647521005165 0.043658868246940874 0.074168905835513887 0.072338065111839253 0.070320152321130092 -0.054464482361551651 -0.050877389353924163 -0.052981603750549569 -0.051422141228247953 0.070646076456303372 -0.051318751262608653 -0.050820877799751432 -0.052900530241154889 -0.051757787711588246 -0.050803041249228242 -0.052025531685596572 -0.05175423781866393 -0.051080662122216104 -0.052059932600955289 -0.051104014620542731 -0.051621283165663071 -0.051256012858451799 -0.051857427673411428 -0.052681609070937274
leaf_weight=259.59378686081618 707.25022752024233 123.39103357214481 45.773307476192713 3.3159262090921393 161.52426289860159 322.64555235207081 180.14179763197899 78.112381167709827 808.82516926527023 1945.8989453315735 113.28204441070557 57.530388352461159 25.375180133618418 47.45972793828696 5.8834488280117565 7306.5769007205963 1.9382474068552249 4.3805586863309136 1.4447426125407221 3.7396826408803445 1.0700535755604494 0.92335839197039593 1.4074939955025909 3.9920207643881431 3.6426703296601772 2.0939920265227556 2.5166332051157951 0.47075723856687535 1.6484000515192745 0.98080643080174912
leaf_count=7778 50554 8852 24 17 4118 168 111 128 272 633 37 958 1517 1035 219 2370 79 278 28 115 69 25 45 200 96 100 83 22 48 21
internal_value=0.0566044 0.0634499 0.064758 0.0406666 0.0681631 0.0606634 0.0698131 0.0390036 0.0723499 0.0716506 0.0706621 -0.0531216 -0.0520695 -0.0521809 -0.0507453 0.0706411 -0.050786 -0.0514519 -0.0520488 -0.051636 -0.051398 -0.0516152 -0.051502 -0.050905 -0.0518978 -0.0509124 -0.0514818 -0.0509414 -0.0519968 -0.052812
internal_weight=12222.8 11490.1 11360 1406.82 9953.23 2487.6 1070.4 81.4283 988.967 2268.54 7465.63 219.055 336.421 307.054 732.696 7419.86 130.086 25.4462 6.69465 18.9716 9.94089 4.2691 3.34574 29.3672 9.03075 6.47455 8.40008 1.54081 5.29107 2.42555
internal_count=80000 28416 19366 11058 8308 5877 528 145 383 801 2431 5076 10530 8813 51584 2407 9050 1030 198 652 393 149 124 1717 259 378 302 91 144 49
is_linear=0
shrinkage=0.05


Tree=23
num_leaves=31
num_cat=0
split_feature=2 7 4 10 2 7 5 2 2 7 1 4 9 12 7 5 7 9 9 1 10 5 5 5 5 2 1 7 4 5
split_gain=3344.36 638.453 345.065 223.889 188.461 170.903 15.6098 17.3606 26.5537 6.20187 0.149957 0.113969 0.0740587 0.0448441 0.00233008 0.000650269 5.17584e-05 2.39513e-05 2.2459e-05 1.69089e-05 2.5768e-05 3.37839e-05 1.50166e-05 1.30075e-05 8.1969e-06 1.21847e-05 2.77668e-06 3.68537e-06 2.69005e-06 2.20924e-06
threshold=401.50000000000006 120.35000000000001 4.5000000000000009 1.5000000000000002 49.500000000000007 24.750000000000004 0.65450000000000019 54.500000000000007 49.500000000000007 25.450000000000003 8.5000000000000018 6.5000000000000009 1.0000000180025095e-35 1.0000000180025095e-35 26.150000000000002 0.65450000000000019 119.65000000000002 1.0000000180025095e-35 1.0000000180025095e-35 9.5000000000000018 1.5000000000000002 0.80750000000000022 0.88350000000000006 0.93350000000000011 0.9235000000000001 114.50000000000001 21.500000000000004 114.25000000000001 4.5000000000000009 0.70450000000000002
decision_type=2 2 2 2 2 2 2 2 2 2 2 2 2 2 2 2 2 2 2 2 2 2 2 2 2 2 2 2 2 2
left_child=1 2 3 4 10 -6 11 8 -8 -9 -1 -4 13 -5 -13 -14 17 23 19 20 22 -22 -3 26 25 -21 29 -28 -25 -2
right_child=16 18 6 12 5 -7 7 9 -10 -11 -12 14 15 -15 -16 -17 -18 -19 -20 24 21 -23 -24 28 -26 -27 27 -29 -30 -31
leaf_value=-0.056397676296010057 -0.050694227101727468 -0.050738096147618629 0.071017630618872896 -0.054024744203751751 -0.058060512744606774 0.052989008518578851 -0.060133146204655555 0.036795032145129067 0.059287519743693722 0.064291766326647709 -0.062945214098722321 0.069235433107945998 -0.052147585884837949 -0.062922579706030352 0.069540297771572668 -0.050751993510989357 -0.050690351374543779 -0.050686638604952754 -0.050688989442326263 -0.050791719934748791 -0.051018136020957644 -0.050778432118374663 -0.050800824531583993 -0.050703042391074926 -0.050706999013113485 -0.050733652030269118 -0.050739456624441806 -0.050833183005967744 -0.050734704146173953 -0.050726887386173619
leaf_weight=13.613463981077073 5.27697511576116 23.801738997921348 91.123465538024902 26.836346822790805 35.126159152016044 2535.4313605660573 7.1862113447859892 20.903232952579856 13.21457632817328 1081.5767052425072 24.45161119941622 7087.581963300705 0.86335440725088375 1.4949243534356345 63.234467267990112 25.123879166319966 253.28291514981538 51.57035466004163 14.676041293889282 12.143688759766517 2.4317052867263547 3.7165484745055437 15.92373641207814 78.941158960573375 15.860839257016776 35.279522916302085 24.55054970737547 1.095617502927779 7.3316389787942162 275.40723011735827
leaf_count=392 394 1751 30 1567 1027 9953 110 108 19 1309 621 2370 32 52 21 1755 18889 3861 1098 871 158 266 1132 5860 1176 2598 1786 76 533 20185
internal_value=0.0555087 0.0621519 0.0634197 0.0477441 0.0498361 0.0514715 0.06841 0.0629247 0.0172214 0.0637704 -0.0606036 0.0692605 -0.052726 -0.0544942 0.0692381 -0.0507984 -0.0507084 -0.0507187 -0.0507471 -0.0507549 -0.050778 -0.0508732 -0.0507632 -0.0507229 -0.0507381 -0.0507485 -0.0507277 -0.0507435 -0.0507057 -0.0507263
internal_weight=11849.1 11151.6 11027.8 2662.94 2608.62 2570.56 8364.82 1122.88 20.4008 1102.48 38.0651 7241.94 54.3185 28.3313 7150.82 25.9872 697.456 444.174 123.834 109.158 45.8737 6.14825 39.7255 392.603 63.2841 47.4232 306.33 25.6462 86.2728 280.684
internal_count=80000 28416 19366 15399 11993 10980 3967 1546 129 1417 1013 2421 3406 1619 2391 1787 51584 32695 9050 7952 3307 424 2883 28834 4645 3469 22441 1862 6393 20579
is_linear=0
shrinkage=0.05


Tree=24
num_leaves=31
num_cat=0
split_feature=2 7 3 10 5 2 5 10 2 2 3 10 2 11 9 9 2 7 9 9 1 10 5 5 5 5 2 1 7 3
split_gain=3101.06 591.058 366.399 122.948 109.563 99.2498 74.4276 129.274 96.3029 0.115388 0.0671419 0.0579222 0.0723262 0.0390399 0.0253521 0.00605557 0.00464868 4.46478e-05 2.06489e-05 1.94047e-05 1.45982e-05 2.22405e-05 2.91677e-05 1.29567e-05 1.12108e-05 7.09089e-06 1.05284e-05 2.39353e-06 3.17779e-06 2.01558e-06
threshold=401.50000000000006 120.35000000000001 1.5000000000000002 1.5000000000000002 0.95050000000000001 49.500000000000007 0.65450000000000019 1.5000000000000002 49.500000000000007 360.50000000000006 2.5000000000000004 2.5000000000000004 74.500000000000014 1.5000000000000002 1.0000000180025095e-35 1.0000000180025095e-35 24.500000000000004 119.65000000000002 1.0000000180025095e-35 1.0000000180025095e-35 9.5000000000000018 1.5000000000000002 0.80750000000000022 0.88350000000000006 0.93350000000000011 0.9235000000000001 114.50000000000001 21.500000000000004 114.25000000000001 1.5000000000000002
decision_type=2 2 2 2 2 2 2 2 2 2 2 2 2 2 2 2 2 2 2 2 2 2 2 2 2 2 2 2 2 2
left_child=1 2 3 4 5 -1 10 8 -8 -6 13 12 -5 -4 -9 -13 -12 18 24 20 21 23 -23 -3 27 26 -22 -2 -29 -27
right_child=17 19 6 11 9 -7 7 14 -10 -11 16 15 -14 -15 -16 -17 -18 -19 -20 -21 25 22 -24 -25 -26 29 -28 28 -30 -31
leaf_value=-0.061286509870967301 -0.050690424609846275 -0.050701741982271537 0.070227277871793573 -0.062629623138151944 -0.054794205673401354 0.044105152257892771 -0.059583709722250938 -0.054742417729487569 0.059811458484252671 -0.064335915080945577 0.06794943663209807 -0.05275915195097014 -0.053522002015369823 0.068355742642192088 -0.051598842125295578 -0.050743599482896133 0.06766224146534279 -0.050656230875879282 -0.050652705015363099 -0.050654942219470256 -0.050752828411477983 -0.050968389819702531 -0.050740123883680113 -0.050761462394097893 -0.050670879618183888 -0.050659091232005196 -0.050697505207269004 -0.050702969255423218 -0.050792170502440337 -0.050697767901601569
leaf_weight=22.73880160599947 267.17913543246686 22.656738754361868 49.335481882095337 2.6893542539328328 25.401323548518125 1269.4279318340123 17.012402189895511 14.273474390618503 2329.9014776786789 3.6200194749981156 6759.2319669723511 4.7177558606490519 11.505948751233516 64.026991367340088 11.647275634109974 17.736973429098725 143.90111269429326 241.08835181593895 49.087274666875601 13.96942895464599 11.560062540695069 2.3153103403747073 3.5378920780494809 15.158575865440069 82.120247540995479 10.023945360444484 33.582244980148971 23.36958724074066 1.0430039102211583 5.0734837744384995
leaf_count=592 20579 1751 25 139 1229 6579 365 591 4355 126 2333 308 738 22 566 1347 51 18889 3861 1098 871 158 266 1132 6393 786 2598 1786 76 390
internal_value=0.0542323 0.0606424 0.0618637 0.0375868 0.0400927 0.0422505 0.0653745 0.0577195 0.058946 -0.0559844 0.0679633 -0.0527475 -0.0552475 0.0691702 -0.0533299 -0.0511671 0.0679434 -0.0506734 -0.0506832 -0.0507103 -0.0507177 -0.0507397 -0.0508304 -0.0507257 -0.0506872 -0.0507018 -0.0507117 -0.0506918 -0.0507068 -0.0506721
internal_weight=11528.9 10865 10747.2 1357.84 1321.19 1292.17 9389.33 2372.83 2346.91 29.0213 7016.5 36.65 14.1953 113.362 25.9208 22.4547 6903.13 663.888 422.799 117.878 103.908 43.6685 5.8532 37.8153 373.712 60.2397 45.1423 291.592 24.4126 15.0974
internal_count=80000 28416 19366 11058 8526 7171 8308 5877 4720 1355 2431 2532 877 47 1157 1655 2384 51584 32695 9050 7952 3307 424 2883 28834 4645 3469 22441 1862 1176
is_linear=0
shrinkage=0.05


Tree=25
num_leaves=31
num_cat=0
split_feature=4 0 7 0 0 5 0 5 7 7 0 7 5 7 5 0 0 5 4 0 7 4 10 5 5 7 5 4 5 10
split_gain=1540.46 4046.42 92.246 62.8492 50.4012 38.3192 511.679 36.64 22.1958 10.4995 3.95438 10.4373 4.77315 6.31398 4.24518 0.903627 0.92013 0.231292 0.155693 0.12249 0.092355 0.0825016 0.0580062 0.0552896 0.0401829 0.0294202 0.0213838 0.0209497 0.0195483 0.0146719
threshold=4.5000000000000009 11883.435000000001 116.95000000000002 13729.490000000002 21807.355000000003 0.65450000000000019 11883.435000000001 0.94850000000000001 25.450000000000003 114.25000000000001 43105.460000000014 25.450000000000003 0.93350000000000011 26.850000000000005 0.94850000000000001 28815.715000000004 17757.770000000004 0.93250000000000022 1.5000000000000002 43105.460000000014 120.35000000000001 6.5000000000000009 1.5000000000000002 0.95050000000000001 0.95050000000000001 96.350000000000009 0.85350000000000004 3.5000000000000004 0.94750000000000012 1.5000000000000002
decision_type=2 2 2 2 2 2 2 2 2 2 2 2 2 2 2 2 2 2 2 2 2 2 2 2 2 2 2 2 2 2
left_child=1 20 5 -4 7 21 28 8 26 -10 12 -12 13 -6 -14 16 -8 -17 -13 -5 22 -2 24 -9 27 -25 -3 -1 29 -7
right_child=2 4 3 19 10 6 15 23 9 -11 11 18 14 -15 -16 17 -18 -19 -20 -21 -22 -23 -24 25 -26 -27 -28 -29 -30 -31
leaf_value=-0.051809189745885942 0.068333126077673903 -0.071667503464571042 -0.050828219361196553 0.058981720339773946 0.022923964904185599 -0.053615248646084461 0.058118237522068544 -0.070587187444772326 0.053694410014930027 0.017385010135736158 -0.10998749292852712 0.069370859137232968 0.060887907765791442 0.066969489430727502 0.027033194710241799 0.067933379623553378 0.066251287276191312 0.071164622789084142 0.070650970467646818 0.066684849472074689 -0.050618617519879019 0.066771782190644002 -0.050651453252363692 -0.060472969526630428 -0.050728820925869215 -0.053350206261114197 -0.079545656451047053 -0.052564962041802915 -0.050872180960533558 -0.051918824853546201
leaf_weight=533.2676791921258 85.688384294509888 1.6260271035134786 28.8034224845469 9.4421533346176165 8.2521208263933641 72.21118545345962 45.034209087491035 1.0423963088542212 325.38929296284914 21.207663384266198 0.80354949086904426 335.61169273406267 25.262541219592094 580.91969531960785 14.617680964991449 729.36064777709544 152.67317214794457 59.931879997253418 812.73607944138348 11.381035098806022 302.20610189437866 6703.1128952503204 127.02499477844685 4.5554692279547453 76.750248328782618 2.1264642169699073 1.8315629102289674 110.73302760068327 9.0265937494114024 15.477283569984136
leaf_count=24042 30 26 2263 38 19 2306 52 15 594 369 5 119 22 394 57 258 80 20 287 6 25035 2391 10220 77 5621 93 18 4186 615 742
internal_value=0.0530312 0.0242493 0.0649694 -0.00298569 0.0649611 0.0653977 0.0566668 0.0478383 0.0502152 0.0514727 0.0684063 0.0701508 0.0652194 0.0663526 0.0484788 0.0674216 0.0643987 0.0681787 0.0702769 0.0631919 -0.0513691 0.0667915 -0.0516366 -0.059877 -0.0518103 -0.0582062 -0.0758407 -0.0519391 -0.0530878 -0.0533158
internal_weight=11208.1 3285.96 7922.14 49.6266 2135.98 7872.52 1083.71 357.779 350.055 346.597 1778.2 1149.15 629.052 589.172 39.8802 987 197.707 789.293 1148.35 20.8232 1149.98 6788.8 847.776 7.72433 720.751 6.68193 3.45759 644.001 96.7151 87.6885
internal_count=80000 71199 8801 2307 2095 6494 4073 1192 1007 963 903 411 492 413 79 410 132 278 406 44 69104 2421 44069 185 33849 170 44 28228 3663 3048
is_linear=0
shrinkage=0.05


Tree=26
num_leaves=31
num_cat=0
split_feature=4 0 7 7 0 0 5 0 5 7 0 5 0 0 0 5 0 4 7 4 10 5 5 1 4 5 10 7 7 0
split_gain=1441.5 3776 85.8206 64.3881 59.0321 46.2562 36.344 477.367 31.8477 9.84374 3.18001 3.59647 0.985598 0.998614 0.443308 0.197515 0.136897 0.12438 0.0794777 0.0695704 0.0498965 0.046386 0.0345622 0.0303036 0.018024 0.0167959 0.0125755 0.0036874 0.00132715 0.000805573
threshold=4.5000000000000009 11883.435000000001 116.95000000000002 24.750000000000004 13729.490000000002 21807.355000000003 0.65450000000000019 11883.435000000001 0.94850000000000001 114.25000000000001 43105.460000000014 0.93350000000000011 28815.715000000004 17757.770000000004 21807.355000000003 0.93250000000000022 43105.460000000014 1.5000000000000002 120.35000000000001 6.5000000000000009 1.5000000000000002 0.95050000000000001 0.95050000000000001 13.500000000000002 3.5000000000000004 0.94750000000000012 1.5000000000000002 120.35000000000001 26.150000000000002 6768.5000000000009
decision_type=2 2 2 2 2 2 2 2 2 2 2 2 2 2 2 2 2 2 2 2 2 2 2 2 2 2 2 2 2 2
left_child=1 18 6 14 27 8 19 25 9 -5 11 -7 13 -9 23 -14 -6 -12 20 -2 22 -10 24 -3 -1 26 -8 29 -21 -4
right_child=2 3 4 5 16 10 7 12 21 -11 17 -13 15 -15 -16 -17 -18 -19 -20 28 -22 -23 -24 -25 -26 -27 -28 -29 -30 -31
leaf_value=-0.051719727923056749 0.06714604688109492 -0.076432243692540175 -0.05209505371991914 0.051642168520037994 0.05728293506134189 0.065372439874211027 -0.053434096953430002 0.05635958934868647 -0.069328416566984449 0.016493250337573831 0.068045900521266217 0.04956183288614463 0.066735091779395336 0.064927828844018071 -0.097435195060774082 0.069767467093029251 0.065536219211859134 0.069207834364753945 -0.050588083724455501 0.065686332785836909 -0.050619331354025854 -0.05771906571750525 -0.05069281335742809 -0.067224867458136023 -0.052437683431810295 -0.050829279533448693 -0.051825413548454581 -0.050590473782143153 0.065927937126770753 -0.054283496483680131
leaf_weight=508.11519268155098 82.913474559783936 2.2580373063683505 2.3516796333715351 321.31730325520039 9.2412232728675026 571.54251505434513 68.916390738449991 44.140359176322818 1.0091018360108126 21.23586561717093 325.3007436580956 38.383864779025316 705.92832660116255 148.11181547492743 3.564719071611762 58.121381759643555 11.010872279293833 788.80613685026765 287.6364714326337 6421.3181071281433 120.90465576387942 5.8397529553622007 73.057642888277769 1.4789456594735382 105.58172529004514 8.5934258075430972 14.74831416364759 24.555805577896535 57.347208261489868 0.51207277178764332
leaf_count=24042 30 30 117 597 38 399 2306 52 15 369 119 73 258 80 25 20 6 287 25035 2370 10220 160 5621 21 4186 615 742 2136 21 10
internal_value=0.052161 0.0238408 0.0639067 0.0633957 -0.00297079 0.0639177 0.0643256 0.0556819 0.0473287 0.0494632 0.0672797 0.0643774 0.0661606 0.0629606 -0.084821 0.0669658 0.0617702 0.0688686 -0.0513018 0.0657069 -0.051556 -0.0594296 -0.0517209 -0.0727883 -0.0518432 -0.0529343 -0.0531505 -0.0507885 0.0656885 -0.0524864
internal_weight=10833.8 3176.03 7657.81 2080.74 47.6717 2073.44 7610.14 1048.56 349.402 342.553 1724.03 609.926 956.302 192.252 7.3017 764.05 20.2521 1114.11 1095.3 6561.58 807.659 6.84885 686.755 3.73698 613.697 92.2581 83.6647 27.4196 6478.67 2.86375
internal_count=80000 71199 8801 2095 2307 2019 6494 4073 1141 966 878 472 410 132 76 278 44 406 69104 2421 44069 175 33849 51 28228 3663 3048 2263 2391 127
is_linear=0
shrinkage=0.05


Tree=27
num_leaves=31
num_cat=0
split_feature=2 7 4 0 0 3 2 0 7 7 12 0 4 3 10 10 10 0 0 7 0 0 0 0 0 0 3 3 3 7
split_gain=2531.33 482.435 336.231 1951.16 29.6807 25.7935 13.2005 310.251 3.09135 2.2188 7.61296 0.399921 0.0940218 0.0444947 0.031863 0.00828675 0.00825594 0.0060269 0.0044748 0.000883543 0.000659984 0.00042836 6.58229e-05 6.04264e-05 0.000163266 5.69203e-05 4.89651e-05 2.83378e-05 1.5534e-05 1.32213e-05
threshold=401.50000000000006 120.35000000000001 4.5000000000000009 11883.435000000001 21807.355000000003 1.5000000000000002 44.500000000000007 11883.435000000001 26.850000000000005 26.850000000000005 1.0000000180025095e-35 28815.715000000004 5.5000000000000009 2.5000000000000004 1.5000000000000002 1.5000000000000002 1.5000000000000002 11883.435000000001 17757.770000000004 119.65000000000002 11883.435000000001 17757.770000000004 21807.355000000003 28815.715000000004 21807.355000000003 21807.355000000003 1.5000000000000002 1.5000000000000002 1.5000000000000002 24.750000000000004
decision_type=2 2 2 2 2 2 2 2 2 2 2 2 2 2 2 2 2 2 2 2 2 2 2 2 2 2 2 2 2 2
left_child=1 2 3 13 5 -5 9 15 -6 12 -11 -9 -4 14 -1 -8 -15 -2 20 21 -3 27 -21 24 -20 -23 -22 29 -27 -19
right_child=17 18 6 4 8 -7 7 11 -10 10 -12 -13 -14 16 -16 -17 -18 19 23 22 26 25 -24 -25 -26 28 -28 -29 -30 -31
leaf_value=-0.052151264083860539 -0.050558100211698209 -0.050556869816921937 0.067123675847079969 0.02982846956188422 0.051474644384831049 0.059573113402017645 -0.054032246383874043 0.063306476690351374 0.06649701071536139 0.019927177950992581 0.064338895487832878 0.065859724823542729 0.064679954671896703 -0.05421674386855866 -0.050635697548837247 -0.052363897845351573 -0.050767861048555053 -0.050993578241096009 -0.051774295398665349 -0.050720956581487876 -0.051143049020310576 -0.051649263706771358 -0.051072674327818861 -0.052791321333910526 -0.052682429845213347 -0.051970629534080395 -0.051556720686715164 -0.051446123904032616 -0.051781784018694876 -0.051274523188998035
leaf_weight=378.22280007787049 551.84508814942092 96.380746619775891 39.610612604767084 108.73512913286686 34.979760035872459 221.0564596131444 49.263916483148932 192.83889901638031 1632.9659189730883 12.286372268572448 44.958358608186245 749.24014227092266 6243.6946483030915 28.200104075483981 38.180588666349649 8.7677175970748049 1.8489717608317722 0.45056589134038016 0.80752453580498662 3.839679066091775 1.681104073300957 3.4902004431933147 2.0353807481005788 1.0822242610156534 1.2784936632961035 3.4860278535634279 1.2452025068923829 2.7730171363800764 1.5836528185755012 5.9333573020994663
leaf_count=10620 50554 8852 20 180 25 137 827 84 622 78 20 278 2390 440 3242 270 133 25 25 278 79 115 100 22 27 96 45 108 48 260
internal_value=0.0513524 0.0572855 0.0584157 0.0423533 0.063472 0.049766 0.063764 0.0584253 0.066182 0.0646061 0.0548069 0.0653371 0.0646954 -0.0521464 -0.0520123 -0.0537802 -0.0540045 -0.0505916 -0.0506383 -0.0513742 -0.0505793 -0.0515504 -0.0508428 -0.0524882 -0.0523309 -0.0518047 -0.0513191 -0.0513127 -0.0519116 -0.0512547
internal_weight=10462.8 9887.33 9784.85 2444.19 1997.74 329.792 7340.66 1000.11 1667.95 6340.55 57.2447 942.079 6283.31 446.452 416.403 58.0316 30.0491 575.437 102.475 23.5919 99.3071 17.7168 5.87506 3.16824 2.08602 8.55988 2.92631 9.15694 5.06968 6.38392
internal_count=80000 28416 19366 15399 964 317 3967 1459 647 2508 98 362 2410 14435 13862 1097 573 51584 9050 1030 8976 652 378 74 52 259 124 393 144 285
is_linear=0
shrinkage=0.05


Tree=28
num_leaves=31
num_cat=0
split_feature=2 7 4 0 0 3 5 0 7 0 3 3 10 4 5 10 0 0 7 0 0 5 0 0 0 0 3 4 3 3
split_gain=2371.11 451.483 320.08 1819.71 30.6133 25.3306 16.0363 311.747 3.10578 0.689584 0.0726975 0.0380169 0.0273091 0.0113212 0.00934659 0.00704806 0.00517473 0.00383751 0.000757713 0.000566856 0.000366846 0.000121172 5.65041e-05 5.16172e-05 0.000139591 4.87112e-05 4.20123e-05 2.78369e-05 2.16761e-05 1.3292e-05
threshold=401.50000000000006 120.35000000000001 4.5000000000000009 11883.435000000001 21807.355000000003 1.5000000000000002 0.65450000000000019 11883.435000000001 26.850000000000005 28815.715000000004 2.5000000000000004 2.5000000000000004 1.5000000000000002 6.5000000000000009 0.94750000000000012 1.5000000000000002 11883.435000000001 17757.770000000004 119.65000000000002 11883.435000000001 17757.770000000004 0.93550000000000011 21807.355000000003 28815.715000000004 21807.355000000003 21807.355000000003 1.5000000000000002 3.5000000000000004 1.5000000000000002 1.5000000000000002
decision_type=2 2 2 2 2 2 2 2 2 2 2 2 2 2 2 2 2 2 2 2 2 2 2 2 2 2 2 2 2 2
left_child=1 2 3 11 5 -5 10 14 -6 -9 -4 12 -1 -12 -8 -13 -2 19 20 -3 21 28 -20 24 -19 -22 -21 -23 -18 -27
right_child=16 17 6 4 8 -7 7 9 -10 -11 13 15 -14 -15 -16 -17 18 23 22 26 25 27 -24 -25 -26 29 -28 -29 -30 -31
leaf_value=-0.052042503249099696 -0.050530585709826187 -0.05052941630236412 0.065130721915229645 0.028404329660891493 0.050040899736663182 0.058022892766309377 -0.053763228193762197 0.061433502663242545 0.065269849417808015 0.06483504187623948 0.063026245782772161 -0.05399582848794985 -0.050604422094604078 0.063772152228919063 -0.051050603213721672 -0.050730053872453051 -0.051266143567493774 -0.051684884911219399 -0.050685315579652869 -0.051086132390402911 -0.051566311417262881 -0.050614482409869183 -0.051019285095937464 -0.052647991469783585 -0.052544986194323608 -0.051870860581742284 -0.051478753850176653 -0.051124913506382 -0.051451287705575471 -0.05169190829217335
leaf_weight=360.50954922195524 525.20991327334195 91.728757563047111 99.16079568862915 108.48399050533772 34.202793568372726 215.74990956485271 56.546410256996751 187.62662020325661 1581.7835689932108 723.67553380131721 51.30796480178833 26.931742087937895 36.340379927307367 5961.0571897029877 3.3644492430612436 1.7600740501657117 5.2499018441885763 0.76943637244403285 3.6549192611128083 1.6008523320779198 3.3251872919499856 0.81096526049077489 1.9380890075117347 1.0321753323078153 1.2192415427416563 3.3222292866557837 1.1862219236791132 0.39829495083540678 2.2620487753301859 1.5089702215045688
leaf_count=10620 50554 8852 38 180 25 137 995 87 622 278 21 440 3242 2362 186 133 219 25 278 79 115 69 100 22 27 96 45 22 83 48
internal_value=0.0506114 0.056416 0.0575208 0.0415975 0.0621343 0.0481129 0.0628395 0.0568714 0.0649475 0.0641347 0.0637879 -0.0520379 -0.0519108 0.0637658 -0.0536109 -0.0537955 -0.0505624 -0.0506068 -0.0513054 -0.0505508 -0.0514726 -0.0512471 -0.050801 -0.0523611 -0.0522122 -0.0517136 -0.0512532 -0.0507826 -0.0513219 -0.051815
internal_weight=10093.7 9546.04 9448.5 2365.76 1940.22 324.234 7082.74 971.213 1615.99 911.302 6111.53 425.542 396.85 6012.37 59.9109 28.6918 547.681 97.5367 22.4706 94.5158 16.8776 8.72121 5.59301 3.02085 1.98868 8.15639 2.78707 1.20926 7.51195 4.8312
internal_count=80000 28416 19366 15399 964 317 3967 1546 647 365 2421 14435 13862 2383 1181 573 51584 9050 1030 8976 652 393 378 74 52 259 124 91 302 144
is_linear=0
shrinkage=0.05


Tree=29
num_leaves=31
num_cat=0
split_feature=2 7 4 0 0 3 5 0 7 0 3 3 10 4 5 10 0 0 7 0 0 5 0 0 0 0 3 4 3 3
split_gain=2223.22 422.96 305.331 1698.74 31.5755 24.8673 15.4163 291.843 3.13232 0.750035 0.0610523 0.0324944 0.0234109 0.00934636 0.00799071 0.00601944 0.00444325 0.00329158 0.000649843 0.000486919 0.000314347 0.0001039 4.85116e-05 4.41097e-05 0.00011939 4.16988e-05 3.60527e-05 2.39279e-05 1.85817e-05 1.13767e-05
threshold=401.50000000000006 120.35000000000001 4.5000000000000009 11883.435000000001 21807.355000000003 1.5000000000000002 0.65450000000000019 11883.435000000001 26.850000000000005 28815.715000000004 2.5000000000000004 2.5000000000000004 1.5000000000000002 6.5000000000000009 0.94750000000000012 1.5000000000000002 11883.435000000001 17757.770000000004 119.65000000000002 11883.435000000001 17757.770000000004 0.93550000000000011 21807.355000000003 28815.715000000004 21807.355000000003 21807.355000000003 1.5000000000000002 3.5000000000000004 1.5000000000000002 1.5000000000000002
decision_type=2 2 2 2 2 2 2 2 2 2 2 2 2 2 2 2 2 2 2 2 2 2 2 2 2 2 2 2 2 2
left_child=1 2 3 11 5 -5 10 14 -6 -9 -4 12 -1 -12 -8 -13 -2 19 20 -3 21 28 -20 24 -19 -22 -21 -23 -18 -27
right_child=16 17 6 4 8 -7 7 9 -10 -11 13 15 -14 -15 -16 -17 18 23 22 26 25 27 -24 -25 -26 29 -28 -29 -30 -31
leaf_value=-0.051939422329593955 -0.050504440951730283 -0.050503331032280191 0.06418885314241711 0.027054453535744767 0.048661763402430107 0.056549218726459571 -0.053568859144736573 0.060283165641976222 0.064132319995025375 0.063888641191491374 0.062230692648776634 -0.053787240457778857 -0.050574697170542818 0.06292129391622496 -0.050998659845070959 -0.050694127203505281 -0.051202881462532657 -0.051600115680359028 -0.050651458406941387 -0.051032105109163443 -0.051487649344202115 -0.050584172010253892 -0.050968605583551291 -0.052512373068818591 -0.052414907069043552 -0.051776317701642816 -0.051404790073585796 -0.051069169862169805 -0.051378525056204993 -0.051606709346132762
leaf_weight=343.59068406093866 499.84722776152194 87.299024247564375 95.673424243927002 108.20900159329176 33.433265432715416 210.43941314518452 53.9788429569453 181.79490055143833 1530.6459299474955 698.31854295730591 49.413679361343384 25.715101576410238 34.587843028828502 5745.0560488700867 3.203540511429309 1.6753908274695266 4.999875441193586 0.73308255709707659 3.4789319904521099 1.5243493188172572 3.1677264329046002 0.77186458650976397 1.8453541798517106 0.98430719412863243 1.1625839713960886 3.1658270210027695 1.1299517713487146 0.37927299458533525 2.1546977274119854 1.4376867637038229
leaf_count=10620 50554 8852 38 180 25 137 995 87 622 278 21 440 3242 2362 186 133 219 25 278 79 115 69 100 22 27 96 45 22 83 48
internal_value=0.0499229 0.0556092 0.0566906 0.0408842 0.060879 0.0465332 0.0619883 0.0560323 0.0638016 0.0631439 0.0629361 -0.0519351 -0.0518146 0.0629154 -0.0534249 -0.053598 -0.0505346 -0.0505769 -0.0512401 -0.0505236 -0.0513987 -0.0511848 -0.0507614 -0.0522408 -0.0520998 -0.0516273 -0.0511908 -0.050744 -0.0512558 -0.0517233
internal_weight=9729.82 9208.57 9115.74 2288.3 1882.73 318.648 6827.44 937.296 1564.08 880.113 5890.14 405.569 378.179 5794.47 57.1824 27.3905 521.248 92.8333 21.4012 89.9533 16.077 8.30571 5.32429 2.87997 1.89567 7.77124 2.6543 1.15114 7.15457 4.60351
internal_count=80000 28416 19366 15399 964 317 3967 1546 647 365 2421 14435 13862 2383 1181 573 51584 9050 1030 8976 652 393 378 74 52 259 124 91 302 144
is_linear=0
shrinkage=0.05


Tree=30
num_leaves=31
num_cat=0
split_feature=2 7 4 5 2 10 5 2 2 7 1 2 3 3 1 4 7 9 9 5 1 10 5 1 5 2 7 4 1 4
split_gain=2086.32 396.598 291.724 144.831 134.097 120.239 14.8328 12.3786 18.6975 4.86976 0.304946 0.0983724 0.0923373 0.0513767 0.0502567 0.00773575 4.56722e-05 2.37942e-05 1.98259e-05 1.53781e-05 1.23251e-05 2.22512e-05 3.2106e-05 1.06365e-05 9.11902e-06 1.04464e-05 6.9327e-06 3.32642e-06 3.11498e-06 2.3045e-06
threshold=401.50000000000006 120.35000000000001 4.5000000000000009 0.95050000000000001 49.500000000000007 1.5000000000000002 0.65450000000000019 54.500000000000007 49.500000000000007 25.450000000000003 8.5000000000000018 360.50000000000006 1.5000000000000002 2.5000000000000004 12.500000000000002 6.5000000000000009 119.65000000000002 1.0000000180025095e-35 1.0000000180025095e-35 0.93350000000000011 9.5000000000000018 1.5000000000000002 0.80750000000000022 7.5000000000000009 0.9235000000000001 114.50000000000001 26.150000000000002 4.5000000000000009 10.500000000000002 2.5000000000000004
decision_type=2 2 2 2 2 2 2 2 2 2 2 2 2 2 2 2 2 2 2 2 2 2 2 2 2 2 2 2 2 2
left_child=1 2 3 4 10 -6 13 8 -8 -9 -1 14 -13 -4 -5 -15 17 19 20 26 21 23 -23 -3 25 -22 29 -21 -28 -2
right_child=16 18 6 11 5 -7 7 9 -10 -11 -12 12 -14 15 -16 -17 -18 -19 -20 27 24 22 -24 -25 -26 -27 28 -29 -30 -31
leaf_value=-0.056672355217363052 -0.05051953067759847 -0.050548158084847986 0.063317681624978514 -0.057030715936388511 0.044804421324595174 -0.053859848735922193 -0.061682723893359617 0.02968279276585277 0.051096425286162796 0.056561835473811328 -0.067444025553222903 -0.067304491244797648 -0.05260876889299268 0.061492860945107891 -0.053099282722295908 0.062133316656900653 -0.050488186550476349 -0.050481761272810059 -0.050483534418012288 -0.050498975931218597 -0.050600212689102031 -0.050847597519758141 -0.050573856989894451 -0.050622878552536069 -0.050501112982279661 -0.050536724100105401 -0.050527016687695714 -0.050540612942281717 -0.050539663368233435 -0.050487257397370866
leaf_weight=9.856145001016559 11.820660525001587 22.334313349798325 92.227606058120728 18.839484338648617 2112.9376157578081 31.337215687148273 5.6278724521398553 17.183445954695344 10.591320417821407 870.44563176948577 19.709725570864975 3.5091610243543974 1.5370974093675611 47.553370475769043 14.298436184413729 5532.4065718650818 179.89189027436078 36.476775446906686 10.383114444091914 55.958863634616137 8.726197016425429 1.7960731470957387 2.6538601657375693 6.0537126250565043 11.24641124717891 25.160525150597095 89.487638935446739 5.246622158214449 106.80050553195179 10.396034461446105
leaf_count=412 1217 2284 38 1188 9257 2608 110 108 19 1309 659 177 93 21 1005 2362 18889 3861 1098 5860 871 158 266 599 1176 2598 9216 533 10907 1101
internal_value=0.0492792 0.0548561 0.0559158 0.0402087 0.0419043 0.0433625 0.0611993 0.0552505 0.0119634 0.0560415 -0.0638532 -0.0563247 -0.0628282 0.0621472 -0.0553344 0.0621279 -0.0505083 -0.0505197 -0.0505484 -0.0505247 -0.0505571 -0.0505804 -0.0506843 -0.0505641 -0.0505401 -0.0505531 -0.0505309 -0.0505025 -0.0505339 -0.0505044
internal_weight=9372.49 8876.41 8788.06 2212.02 2173.84 2144.27 6576.04 903.848 16.2192 887.629 29.5659 38.1842 5.04626 5672.19 33.1379 5579.96 496.079 316.187 88.3542 279.71 77.9711 32.838 4.44993 28.388 45.1331 33.8867 218.505 61.2055 196.288 22.2167
internal_count=80000 28416 19366 15399 12936 11865 3967 1546 129 1417 1071 2463 270 2421 2193 2383 51584 32695 9050 28834 7952 3307 424 2883 4645 3469 22441 6393 20123 2318
is_linear=0
shrinkage=0.05


Tree=31
num_leaves=31
num_cat=0
split_feature=2 4 7 5 2 7 5 10 2 2 7 1 2 7 2 7 1 4 4 7 2 7 9 9 5 1 10 5 7 4
split_gain=1948.1 401.056 238.306 133.593 123.772 115.557 20.3544 49.832 9.78163 16.6007 7.17506 0.275945 0.113165 0.156365 0.0880244 0.0705418 0.0458279 0.0287894 0.0026699 0.00110122 0.00011937 3.94107e-05 2.05266e-05 1.71335e-05 1.326e-05 9.34616e-06 1.7715e-05 8.04854e-06 5.9819e-06 2.86712e-06
threshold=401.50000000000006 4.5000000000000009 120.35000000000001 0.95050000000000001 49.500000000000007 24.750000000000004 0.65450000000000019 1.5000000000000002 54.500000000000007 49.500000000000007 118.25000000000001 8.5000000000000018 74.500000000000014 66.65000000000002 360.50000000000006 71.550000000000011 12.500000000000002 6.5000000000000009 5.5000000000000009 26.150000000000002 7.5000000000000009 119.65000000000002 1.0000000180025095e-35 1.0000000180025095e-35 0.93350000000000011 9.5000000000000018 1.5000000000000002 0.9235000000000001 26.150000000000002 4.5000000000000009
decision_type=2 2 2 2 2 2 2 2 2 2 2 2 2 2 2 2 2 2 2 2 2 2 2 2 2 2 2 2 2 2
left_child=1 2 3 4 11 -6 17 8 9 -8 -10 -1 13 -9 16 -16 -5 -3 -14 20 -19 22 24 25 28 26 -4 -27 -2 -26
right_child=21 6 23 14 5 -7 7 12 10 -11 -12 -13 18 -15 15 -17 -18 19 -20 -21 -22 -23 -24 -25 29 27 -28 -29 -30 -31
leaf_value=-0.05655799208596949 -0.050479620087899468 0.062425678592268267 -0.05053728846115868 -0.05685475252700261 -0.058690053787406563 0.04315404433216493 -0.060318173594261462 -0.079082814753917749 0.055851162366611473 0.051238818312306991 0.020517332356614282 -0.067047111533566933 -0.050986194083763071 -0.051888502606660107 -0.055304294896886701 -0.067559588046701341 -0.053009799676306896 0.061400782263337152 -0.052759771894242503 0.061640161273147503 0.061358306067395479 -0.05046415629281701 -0.050458042511602463 -0.050457678036631239 -0.05047443899059359 -0.050528218090761093 -0.050652363250977578 -0.050475956239948196 -0.050507679985463697 -0.050514063202297614
leaf_weight=9.3939394783228654 21.143298039212823 69.509270180016756 24.910924861207608 17.974749892018739 28.229334484785795 2085.9901311779395 4.9582412131130669 1.0031154733151191 844.96480021812022 10.185174463316798 14.616115971468387 18.856700399890542 4.401055680587886 1.1174228554591534 2.0151493642479172 2.8136664889752865 13.623476428911088 5169.9352762699127 4.0975586259737611 47.92978835105896 170.86958813667297 171.19788769446313 34.713679624721408 9.0034624626860005 53.254943485371768 29.771051500923932 3.8630445012822738 9.7893587825819832 186.80953668896109 4.9932985585182896
leaf_count=412 2318 32 2658 1188 1064 10801 136 20 1136 20 509 659 276 55 139 131 1005 2294 121 21 76 18889 3861 1002 5860 3198 387 1076 20123 533
internal_value=0.0484056 0.0538344 0.0357292 0.0387907 0.040405 0.0417942 0.0602739 0.0532416 0.0545486 0.0147129 0.0552504 -0.0635593 -0.0544196 -0.0647527 -0.0561578 -0.0624452 -0.055197 0.0614146 -0.0518413 0.0614016 0.0613994 -0.0504833 -0.0504942 -0.0505225 -0.0504989 -0.0505311 -0.0505527 -0.0505153 -0.0505048 -0.0504778
internal_weight=9071.94 8599.82 2256.23 2178.9 2142.47 2114.22 6343.59 885.343 874.724 15.1434 859.581 28.2506 10.6192 2.12054 36.427 4.82882 31.5982 5458.24 8.49861 5388.73 5340.8 472.113 300.915 77.3378 266.201 68.3344 28.774 39.5604 207.953 58.2482
internal_count=80000 28416 23720 15399 12936 11865 4696 2273 1801 156 1645 1071 472 75 2463 270 2193 2423 397 2391 2370 51584 32695 8321 28834 7319 3045 4274 22441 6393
is_linear=0
shrinkage=0.05


Tree=32
num_leaves=31
num_cat=0
split_feature=2 3 0 5 0 2 2 5 0 0 2 11 5 7 2 0 7 7 4 7 5 4 0 7 7 0 5 7 0 0
split_gain=1819.78 416.516 1458.57 371.036 55.0864 16.1832 19.3754 13.9396 268.029 9.12003 11.7967 7.36967 1.67541 0.476919 0.188635 0.123573 0.202386 0.0587538 0.0252526 0.0216941 0.0102491 0.010107 0.00283427 0.000501835 0.000413277 0.000199921 6.59085e-05 6.53676e-05 5.79649e-05 3.08663e-05
threshold=401.50000000000006 2.5000000000000004 11883.435000000001 0.65450000000000019 17757.770000000004 345.50000000000006 380.50000000000006 0.65450000000000019 11883.435000000001 28815.715000000004 69.500000000000014 1.0000000180025095e-35 0.94150000000000011 26.850000000000005 119.50000000000001 113.46500000000002 21.150000000000002 120.35000000000001 5.5000000000000009 118.95000000000002 0.94850000000000001 6.5000000000000009 11883.435000000001 24.050000000000004 119.65000000000002 17757.770000000004 0.93550000000000011 121.05000000000001 11883.435000000001 21807.355000000003
decision_type=2 2 2 2 2 2 2 2 2 2 2 2 2 2 2 2 2 2 2 2 2 2 2 2 2 2 2 2 2 2
left_child=1 2 3 15 5 11 -7 21 19 10 -6 -4 -11 -10 -15 -1 -17 18 -5 20 -9 -3 -2 28 25 26 -24 -21 -23 -26
right_child=22 7 4 17 9 6 -8 8 13 12 -12 -13 -14 14 -16 16 -18 -19 -20 27 -22 23 24 -25 29 -27 -28 -29 -30 -31
leaf_value=0.061937319219810688 -0.050433526809890661 0.059962080173341925 0.023334235016768817 -0.051924051716124402 0.013581231113240277 -0.094268987376361482 0.027577519264732776 -0.054123689036169591 0.054092141330078461 0.062547190660567784 0.054936908700006476 0.04677849171095818 0.053496757437858068 0.059705672324539064 0.06159862557479262 0.061565707011888487 0.051982901791219574 -0.050433779361673203 -0.054184047293509043 -0.051141294344980229 -0.050916962157854566 0.060723717359351781 -0.051078433317441066 0.060887804553601203 -0.050559849241427479 -0.051397033963047047 -0.050639641309653274 -0.05043704439134164 0.060706701175300117 -0.05083212710010402
leaf_weight=63.488540649414062 430.78860147949308 43.978071845136583 75.273255030624568 399.41355656180531 18.472815735265613 5.6472109695896489 7.7264895346015692 46.753286116756499 24.277796760201454 1238.8243917729706 259.16324732452631 60.43306896276772 53.337052693590522 166.09474704787135 633.84937972389162 13.468397846445443 9.3242682600393874 70.689337821677327 12.75509867724031 0.35482403077185054 2.6320010749623171 4510.3032641410828 6.1866273451596516 45.954676866531372 3.0003914488479486 6.7309376364573836 0.99316648114472617 4.6157528338953853 562.9384822845459 1.5937882075086234
leaf_count=28 50554 24 201 14424 32 40 15 777 15 542 198 81 37 83 283 8 46 8292 202 22 166 2081 302 21 278 259 91 538 260 100
internal_value=0.0475587 0.0528457 0.0346771 -0.0347002 0.0576487 0.028603 -0.0238737 0.0597261 0.053904 0.0604071 0.0521853 0.0337745 0.0621736 0.0609961 0.0612056 0.0608036 0.0576455 -0.0517656 -0.051994 -0.0536359 -0.0539528 0.0607168 -0.0504596 0.0607233 -0.0510655 -0.0512013 -0.0510177 -0.0504873 0.0607218 -0.0506543
internal_weight=8779.06 8329.77 2288.02 569.139 1718.88 149.08 13.3737 6041.75 878.578 1569.8 277.636 135.706 1292.16 824.222 799.944 86.2812 22.7927 482.858 412.169 54.3559 49.3853 5163.17 449.294 5119.2 18.5049 13.9107 7.17979 4.97058 5073.24 4.59418
internal_count=80000 28416 24146 23000 1146 337 55 4270 1884 809 230 282 579 381 366 82 54 22918 14626 1503 943 2386 51584 2362 1030 652 393 560 2341 378
is_linear=0
shrinkage=0.05


Tree=33
num_leaves=31
num_cat=0
split_feature=2 3 0 0 0 2 2 2 4 0 0 0 2 2 0 7 2 2 7 4 7 4 7 0 7 2 7 0 2 0
split_gain=1711.3 397.505 1362.2 301.384 55.1657 51.2543 14.745 17.8042 12.1419 103.27 141.35 9.54393 11.3599 7.35068 1.16359 0.491831 0.18819 0.162363 0.0489082 0.0328811 0.021813 0.021213 0.0176478 0.00243482 0.00146621 0.000861946 0.000354703 0.000171458 7.07537e-05 2.65123e-05
threshold=401.50000000000006 2.5000000000000004 11883.435000000001 160.37500000000003 17757.770000000004 44.500000000000007 345.50000000000006 380.50000000000006 7.5000000000000009 11883.435000000001 160.37500000000003 28815.715000000004 69.500000000000014 135.50000000000003 43105.460000000014 26.850000000000005 119.50000000000001 34.500000000000007 120.35000000000001 8.5000000000000018 23.250000000000004 5.5000000000000009 118.95000000000002 11883.435000000001 121.05000000000001 24.500000000000004 119.65000000000002 17757.770000000004 7.5000000000000009 21807.355000000003
decision_type=2 2 2 2 2 2 2 2 2 2 2 2 2 2 2 2 2 2 2 2 2 2 2 2 2 2 2 2 2 2
left_child=1 2 3 5 6 20 13 -8 9 10 17 12 -6 -4 -13 -11 -17 -3 21 -10 -1 -5 -12 -2 -7 28 27 -25 -21 -28
right_child=23 8 4 18 11 24 7 -9 19 15 22 14 -14 -15 -16 16 -18 -19 -20 25 -22 -23 -24 26 -26 -27 29 -29 -30 -31
leaf_value=0.061004265513436531 -0.050412204770369978 0.059566493535198606 0.013793510297792119 -0.051822181811484451 0.012973302000865159 -0.052091084515459289 -0.091176056003604053 0.026431169275055785 0.05852413250514879 0.053120285038596005 -0.053723218437279785 0.058699341882494871 0.053695496023253408 0.039733767817128098 0.062191278312096067 0.058936162718087916 0.060862706901019394 0.054388327592412605 -0.050412754070444724 0.060090144117946755 0.059327491423528549 -0.053960717620026188 -0.050469272480070028 -0.050967150430931779 -0.050412812556934222 0.059878081767838265 -0.05053225536312439 -0.05132709574081265 0.060153905015844035 -0.050790897128408188
leaf_weight=51.866077690385282 409.94773917552084 43.012437824159861 38.106685978360474 371.03191483812407 18.374110693112016 10.09800713136792 5.5493129231035692 7.6602397542446852 33.818208505399525 23.505549550056458 45.647783310618252 321.48593677952886 252.07819820940495 96.388121693395078 924.91499470733106 160.00468897819519 610.06619064882398 23.359573857858777 65.73278309777379 4771.1249899864197 30.981503203976899 11.970137369818984 4.5854360470548263 6.8362385565415043 1.4939388902857889 48.132060972973704 2.8555798185989252 6.4111700197681785 43.909554719924927 1.5172578645870087
leaf_count=27 50554 23 111 14125 32 315 40 15 27 15 918 176 198 171 403 83 282 44 8100 2291 50 199 540 393 184 26 278 259 21 100
internal_value=0.0470271 0.0522265 0.0341671 -0.0345867 0.0566027 0.0465989 0.0274331 -0.0229754 0.0590921 0.053789 0.00985221 0.0594431 0.0509289 0.0323841 0.0612906 0.0602449 0.0604624 0.057744 -0.0516728 0.0600778 0.0603772 -0.051889 -0.0534262 -0.0504369 -0.0518748 0.0600886 -0.0510125 -0.0511413 0.0600907 -0.050622
internal_weight=8442.47 8014.9 2207.73 543.174 1664.56 94.4395 147.704 13.2096 5807.17 910.182 116.605 1516.85 270.452 134.495 1246.4 793.576 770.071 66.372 448.735 4896.98 82.8476 383.002 50.2332 427.568 11.5919 4863.17 17.6202 13.2474 4815.03 4.37284
internal_count=80000 28416 24146 23000 1146 576 337 55 4270 1905 1525 809 230 282 579 380 365 67 22424 2365 77 14324 1458 51584 499 2338 1030 652 2312 378
is_linear=0
shrinkage=0.05


Tree=34
num_leaves=31
num_cat=0
split_feature=3 0 5 0 7 0 5 5 0 7 7 0 11 1 5 0 7 0 5 4 0 5 7 0 5 7 10 5 7 5
split_gain=955.963 2096.19 351.125 71.3636 32.2677 34.9793 26.72 19.1452 277.816 16.8644 17.2415 14.4576 5.75947 11.6663 2.18367 3.59924 1.50998 0.951063 2.17082 4.12076 0.610729 0.583478 0.544614 0.289745 0.0625628 0.0446513 0.0246169 0.0188606 0.0125745 0.010084
threshold=2.5000000000000004 11883.435000000001 0.65450000000000019 17757.770000000004 116.95000000000002 13729.490000000002 0.93550000000000011 0.65450000000000019 11883.435000000001 26.850000000000005 107.95000000000002 28815.715000000004 1.0000000180025095e-35 3.5000000000000004 0.9425 63032.060000000005 43.650000000000013 136.93000000000004 0.39550000000000007 10.500000000000002 43105.460000000014 0.94650000000000001 25.450000000000003 43105.460000000014 0.95050000000000001 120.35000000000001 1.5000000000000002 0.95050000000000001 20.450000000000003 0.94850000000000001
decision_type=2 2 2 2 2 2 2 2 2 2 2 2 2 2 2 2 2 2 2 2 2 2 2 2 2 2 2 2 2 2
left_child=1 2 17 6 7 -6 9 -2 29 28 -11 12 13 -5 20 -16 -14 -1 -19 -20 -13 -8 -10 -24 -23 26 27 -4 -3 -9
right_child=4 3 25 11 5 -7 21 8 22 10 -12 14 16 -15 15 -17 -18 18 19 -21 -22 24 23 -25 -26 -27 -28 -29 -30 -31
leaf_value=0.06058940650137791 0.059497973557729379 -0.081292406728046288 -0.051487364708893903 -0.0089393463867813699 -0.050507127674136093 0.057517328113224853 -0.090374394358276336 -0.052975703307688859 0.04745545552160163 0.034650200493152809 -0.029521476991325069 0.0588042597814247 0.041512938979382075 0.044816223969966811 0.033913351855500699 0.06210889690504811 0.057744098100892705 0.059402270230599012 -0.050931740430987284 0.059312492571250854 0.061414587568195116 -0.069944649363373565 0.058475938588417035 0.060470062686058472 -0.057076364497888998 -0.05039307120794722 -0.050478603952233109 -0.050464013868541095 -0.087473314120652748 -0.050600944938898475
leaf_weight=69.252669453620911 4765.2711736746132 1.5346248233690851 470.56453010486439 10.898365145549176 14.238609161693605 15.820145097561179 2.213435827754437 54.665074629709125 9.3587163221091014 132.16720605641603 11.367379748262463 303.86182308569551 16.587002407759428 136.59820701135322 20.338234233669937 25.521765233017504 105.2509736022912 7.9430795907974225 1.4861869676969945 1.9727805852890015 853.41066604107618 1.2149167684838174 325.12848389986902 414.2526935338974 4.2439659764058888 196.89823472965509 86.512277359608561 49.787927421741188 1.7741577206179497 4.8683843929320565
leaf_count=33 2385 17 28741 60 1760 31 27 2382 10 368 311 212 27 332 33 12 121 4 138 1 404 23 195 196 149 25444 10365 5705 23 491
internal_value=0.0465238 0.0208894 -0.0410675 0.0545688 0.0580124 0.00634694 0.0222427 0.0582911 0.0511757 0.0269954 0.0295681 0.057961 0.0474896 0.0408443 0.0603052 0.0496046 0.0555344 0.0583863 0.0450054 0.0119447 0.0607292 -0.0687204 0.0594415 0.0595932 -0.0599403 -0.0510473 -0.0512596 -0.0513894 -0.0846066 -0.0527815
internal_weight=8115 2511.4 884.418 1626.98 5603.6 30.0588 154.516 5573.54 808.273 146.843 143.535 1472.47 269.335 147.497 1203.13 45.86 121.838 80.6547 11.402 3.45897 1157.27 7.67232 748.74 739.381 5.45888 803.763 606.865 520.352 3.30878 59.5335
internal_count=80000 72550 70431 2119 7450 1791 918 5659 3274 719 679 1201 540 392 661 45 148 176 143 139 616 199 401 391 172 70255 44811 34446 40 2873
is_linear=0
shrinkage=0.05


Tree=35
num_leaves=31
num_cat=0
split_feature=2 3 0 5 0 2 2 5 0 0 2 11 5 7 0 0 7 7 10 7 4 5 0 7 7 0 5 7 0 0
split_gain=1519.8 362.732 1191.42 315.714 54.6509 13.3557 16.239 12.6179 223.49 10.3632 11.3689 6.97321 1.91556 0.530351 0.193971 0.112728 0.186264 0.0371875 0.0170901 0.0137985 0.00679252 0.00649141 0.00257173 0.000344522 0.000342786 0.000186587 5.92813e-05 4.1657e-05 3.52849e-05 3.23023e-05
threshold=401.50000000000006 2.5000000000000004 11883.435000000001 0.65450000000000019 17757.770000000004 345.50000000000006 380.50000000000006 0.65450000000000019 11883.435000000001 28815.715000000004 69.500000000000014 1.0000000180025095e-35 0.94150000000000011 26.850000000000005 43105.460000000014 113.46500000000002 21.150000000000002 120.35000000000001 1.5000000000000002 118.95000000000002 6.5000000000000009 0.94850000000000001 11883.435000000001 119.65000000000002 24.050000000000004 17757.770000000004 0.93550000000000011 121.05000000000001 11883.435000000001 21807.355000000003
decision_type=2 2 2 2 2 2 2 2 2 2 2 2 2 2 2 2 2 2 2 2 2 2 2 2 2 2 2 2 2 2
left_child=1 2 3 15 5 11 -7 20 19 10 -6 -4 -11 -10 -15 -1 -17 18 -5 21 -3 -9 -2 25 28 26 -24 -21 -22 -25
right_child=22 7 4 17 9 6 -8 8 13 12 -12 -13 -14 14 -16 16 -18 -19 -20 27 24 -23 23 29 -26 -27 -28 -29 -30 -31
leaf_value=0.059964967003593266 -0.050372488112827157 0.058291251168844919 0.019961573346648859 -0.051816423786032774 0.01015665489151178 -0.089350865884879685 0.024514227259215874 -0.053535104907770484 0.051218584125650772 0.060116350530678292 0.051467236449072806 0.043125595660080507 0.049979089090293784 0.058187810193656 0.059846892375027841 0.059620643113493368 0.049889275518969961 -0.050373036386596348 -0.050589223669498321 -0.050981443061611856 0.058954514152214456 -0.050789648119176668 -0.05099760101157641 -0.050500755956277947 0.059098598834409766 -0.051319459517821298 -0.050550065476405004 -0.050377459193525875 0.05894040834885942 -0.050789724775312295
leaf_weight=56.439732909202576 371.02947600185871 38.96279555093497 73.814157708548009 325.77473801001906 17.902893280610442 5.3917217170819622 7.4687344953417778 40.852232259698212 21.980073809623718 1108.7606689073145 238.86648819968104 58.033196210861206 48.645551726222038 318.96052987128496 393.5392724275589 11.964861499145629 8.3480424936860782 60.932905677706003 31.075754205230623 0.30745761841535468 3995.6260389089584 2.2728106444701544 5.7178233359009045 2.6777479182928792 40.762861609458923 6.3720857128500938 0.84994216030463565 3.9940010993741453 498.66572964191437 1.5138447117060421
leaf_count=28 50554 24 201 11216 32 40 15 777 15 542 198 81 37 172 194 8 46 8292 3410 22 2081 166 302 278 21 259 91 538 260 100
internal_value=0.0460427 0.0510951 0.0332281 -0.0343913 0.0546795 0.0254133 -0.0232235 0.0579452 0.0520755 0.0576743 0.0485869 0.0301573 0.0596903 0.0588682 0.0591042 0.0588154 0.0556213 -0.0515146 -0.0517096 -0.0531211 0.0589486 -0.0533904 -0.0504001 -0.0509991 0.0589543 -0.0511267 -0.0509397 -0.0504206 0.0589529 -0.0506051
internal_weight=7797.5 7409.34 2053.42 494.536 1558.88 144.708 12.8605 5355.92 781.906 1414.18 256.769 131.847 1157.41 734.48 712.5 76.7526 20.3129 417.783 356.85 47.4265 4574.02 43.125 388.161 17.1314 4535.05 12.9399 6.56777 4.30146 4494.29 4.19159
internal_count=80000 28416 24146 23000 1146 337 55 4270 1884 809 230 282 579 381 366 82 54 22918 14626 1503 2386 943 51584 1030 2362 652 393 560 2341 378
is_linear=0
shrinkage=0.05


Tree=36
num_leaves=31
num_cat=0
split_feature=2 4 0 0 2 5 0 2 5 0 5 0 2 0 10 5 4 4 5 10 0 5 0 4 4 1 5 0 0 10
split_gain=1431.52 342.295 1381.98 43.0001 19.6606 18.5371 243.653 14.6651 5.41811 3.94707 3.69104 2.24022 0.412363 0.0957689 0.0193267 0.0132367 0.0130899 0.00680787 0.00583643 0.00546365 0.00220971 0.000389042 0.000165366 5.24422e-05 5.9726e-05 4.98475e-05 4.83371e-05 2.8486e-05 1.62197e-05 1.56874e-05
threshold=401.50000000000006 4.5000000000000009 11883.435000000001 21807.355000000003 59.500000000000007 0.65450000000000019 11883.435000000001 49.500000000000007 0.93150000000000011 43105.460000000014 0.9295000000000001 17757.770000000004 69.500000000000014 63032.060000000005 1.5000000000000002 0.95050000000000001 6.5000000000000009 3.5000000000000004 0.94950000000000012 1.5000000000000002 11883.435000000001 0.65450000000000019 17757.770000000004 9.5000000000000018 8.5000000000000018 16.500000000000004 0.93450000000000022 11883.435000000001 21807.355000000003 1.5000000000000002
decision_type=2 2 2 2 2 2 2 2 2 2 2 2 2 2 2 2 2 2 2 2 2 2 2 2 2 2 2 2 2 2
left_child=1 2 14 4 7 16 18 -4 -6 10 -5 -8 -13 -11 15 17 -3 -1 19 -7 -2 25 26 24 -18 -16 -22 -25 -24 -20
right_child=20 5 3 9 8 6 11 -9 -10 13 -12 12 -14 -15 21 -17 23 -19 29 -21 22 -23 28 27 -26 -27 -28 -29 -30 -31
leaf_value=-0.051546429069690251 -0.050354189255432107 0.059201942754107131 -0.086902934704209858 0.055481506530545538 0.041038273557742602 -0.053002846784337782 0.045849918465476036 0.024023439702801498 0.013378878703706347 0.059437609149374716 0.03846036741124001 0.053642817560335704 0.0589458594851342 0.060534017835873255 -0.051128322931545671 -0.050458699295865266 0.058446854483792693 -0.052140353803119523 -0.050728888020275635 -0.051521269430697285 -0.050839830583990046 -0.050395716093675415 -0.051018739138598203 0.058441518431987839 0.058521203871164301 -0.051930874429318478 -0.050487435443175299 0.058428530126923894 -0.051164863001161659 -0.050452734742595276
leaf_weight=265.74735137773678 353.05917736468837 57.247839622199535 5.4515734594315273 412.600291877985 249.81164618209004 42.919911635573953 36.229517493396997 6.570999781601131 19.05583387054503 368.32680506259203 34.514410071074963 39.008609477430582 608.37290162406862 433.66915268823504 0.38893524184822936 24.928745104465634 73.705202341079712 58.952380809932947 2.8863482759334143 7.277790924999862 7.0914200302213448 39.884753087069839 3.0445044264197332 3812.8599479198456 42.637139081954956 0.38500661123543978 1.1278783120214937 474.70824563503265 5.0476084388792515 0.62576155504211772
leaf_count=12290 50554 32 41 259 323 1189 33 13 82 184 40 25 321 206 29 2867 40 2134 237 394 478 5236 175 2070 23 16 133 258 244 74
internal_value=0.0455935 0.0505733 0.0325338 0.053957 0.0362807 0.0572369 0.0498926 -0.0262755 0.0390779 0.0579319 0.0541676 0.0579492 0.0586263 0.0600305 -0.051449 -0.051569 0.0584507 -0.0516543 -0.0526502 -0.052788 -0.0503805 -0.0504173 -0.0509494 0.058441 0.0584741 -0.0515276 -0.0507915 0.0584401 -0.0511099 -0.0506797
internal_weight=7488.14 7118.77 1920.29 1530 280.89 5198.48 737.321 12.0226 268.867 1249.11 447.115 683.611 647.382 801.996 390.287 349.628 4461.16 324.7 53.7098 50.1977 369.371 40.6587 16.3114 4403.91 116.342 0.773942 8.2193 4287.57 8.09211 3.51211
internal_count=80000 28416 23720 1148 459 4696 2273 54 405 689 299 379 346 390 22572 17291 2423 14424 1894 1583 51584 5281 1030 2391 63 45 611 2328 419 311
is_linear=0
shrinkage=0.05


Tree=37
num_leaves=31
num_cat=0
split_feature=2 3 0 5 0 2 2 5 0 0 2 2 5 7 0 0 7 7 10 7 4 5 0 7 7 0 5 7 0 0
split_gain=1348.91 334.097 1041.63 283.789 56.2605 12.434 14.8237 11.6631 198.337 11.3572 11.1758 6.57324 2.10672 0.582218 0.20727 0.113575 0.187888 0.0273865 0.0125661 0.010117 0.00581756 0.00475798 0.00189939 0.000254225 0.000244322 0.0001374 4.36813e-05 3.07305e-05 2.47872e-05 2.38091e-05
threshold=401.50000000000006 2.5000000000000004 11883.435000000001 0.65450000000000019 17757.770000000004 345.50000000000006 380.50000000000006 0.65450000000000019 11883.435000000001 28815.715000000004 69.500000000000014 135.50000000000003 0.94150000000000011 26.850000000000005 43105.460000000014 113.46500000000002 21.150000000000002 120.35000000000001 1.5000000000000002 118.95000000000002 6.5000000000000009 0.94850000000000001 11883.435000000001 119.65000000000002 24.050000000000004 17757.770000000004 0.93550000000000011 121.05000000000001 11883.435000000001 21807.355000000003
decision_type=2 2 2 2 2 2 2 2 2 2 2 2 2 2 2 2 2 2 2 2 2 2 2 2 2 2 2 2 2 2
left_child=1 2 3 15 5 11 -7 20 19 10 -6 -4 -11 -10 -15 -1 -17 18 -5 21 -3 -9 -2 25 28 26 -24 -21 -22 -25
right_child=22 7 4 17 9 6 -8 8 13 12 -12 -13 -14 14 -16 16 -18 -19 -20 27 24 -23 23 29 -26 -27 -28 -29 -30 -31
leaf_value=0.058861039384330349 -0.050336795819677496 0.057322294777105848 0.0096927424789013117 -0.051638638993499519 0.0077099179185389499 -0.087976463786498579 0.021810858031899069 -0.05318225476817872 0.049379688881400714 0.058740500906265064 0.049279667980053392 0.034669352728101864 0.047764675637128766 0.05696290558759487 0.058745439001964453 0.058525204869508629 0.048378373352910252 -0.050336983726525043 -0.0505330906535644 -0.050885926296468223 0.057962644511201492 -0.050713576145881803 -0.050901048767879209 -0.050452507446794005 0.058089459381030897 -0.051191081043942266 -0.050497424119891401 -0.050340831783138654 0.057950317846225556 -0.050713199768538532
leaf_weight=52.033994674682617 335.95339603349566 35.797180972062051 36.903206529095769 295.77579184668139 17.417767429724336 5.3183465590700489 7.2879122672602534 37.242020091041923 20.462792754173279 1026.8330971896648 225.37589805014431 92.047506844624877 45.663454405963421 296.425343234092 362.52570748329163 11.02823541685939 7.7812597611919037 55.122986629605293 28.149375448003411 0.2785000223666424 3675.6817154884338 2.0597410611808291 5.1838172730058414 2.424319136422127 37.511697173118591 5.7806305205449462 0.76986811961978663 3.6117628603242338 458.72380614280701 1.3712382391095159
leaf_count=28 50554 24 111 11216 32 40 15 777 15 542 198 171 37 172 194 8 46 8292 3410 22 2081 166 302 278 21 259 91 538 260 100
internal_value=0.0451648 0.0500757 0.0323025 -0.0341994 0.0528391 0.0228882 -0.0245064 0.0569492 0.0510809 0.0560626 0.0462975 0.0275215 0.0582732 0.0576856 0.0579436 0.0576574 0.0543276 -0.0513672 -0.0515426 -0.0528121 0.057957 -0.0530529 -0.0503618 -0.0509024 0.0579624 -0.0510174 -0.0508489 -0.0503799 0.0579613 -0.0505467
internal_weight=7188.54 6837.06 1906.74 449.892 1456.85 141.557 12.6063 4930.32 722.606 1315.29 242.794 128.951 1072.5 679.414 658.951 70.8435 18.8095 379.048 323.925 43.192 4207.71 39.3018 351.483 15.5299 4171.92 11.7343 5.95369 3.89026 4134.41 3.79556
internal_count=80000 28416 24146 23000 1146 337 55 4270 1884 809 230 282 579 381 366 82 54 22918 14626 1503 2386 943 51584 1030 2362 652 393 560 2341 378
is_linear=0
shrinkage=0.05


Tree=38
num_leaves=31
num_cat=0
split_feature=2 3 0 0 0 2 0 2 2 2 4 0 0 11 0 7 0 2 4 7 7 4 7 0 2 7 7 0 2 0
split_gain=1271.64 320.766 975.012 232.255 56.2228 38.142 11.8388 11.3316 13.6922 10.744 10.1685 74.5544 106.472 6.65136 1.54222 0.604447 0.223008 0.139403 0.0309858 0.0228257 0.0205142 0.0100114 0.00811322 0.00163228 0.000842003 0.00068281 0.000218289 0.000117902 3.03657e-05 2.0457e-05
threshold=401.50000000000006 2.5000000000000004 11883.435000000001 160.37500000000003 17757.770000000004 44.500000000000007 28815.715000000004 345.50000000000006 380.50000000000006 69.500000000000014 7.5000000000000009 11883.435000000001 160.37500000000003 1.0000000180025095e-35 43105.460000000014 26.850000000000005 43105.460000000014 34.500000000000007 8.5000000000000018 120.35000000000001 25.450000000000003 5.5000000000000009 118.95000000000002 11883.435000000001 24.500000000000004 121.05000000000001 119.65000000000002 17757.770000000004 7.5000000000000009 21807.355000000003
decision_type=2 2 2 2 2 2 2 2 2 2 2 2 2 2 2 2 2 2 2 2 2 2 2 2 2 2 2 2 2 2
left_child=1 2 3 5 7 20 9 13 -9 -6 11 12 17 -4 -8 -13 -17 -3 -12 21 -1 -5 -14 -2 28 -7 27 -25 -20 -28
right_child=23 10 4 19 6 25 14 8 -10 -11 18 15 22 -15 -16 16 -18 -19 24 -21 -22 -23 -24 26 -26 -27 29 -29 -30 -31
leaf_value=0.058105540852048526 -0.050320261959874373 0.057050248781410351 0.016380376174632894 -0.051410192773806852 0.0073493534460125831 -0.051617091872063085 0.054358251207328491 -0.085471569388985855 0.020885804574940867 0.048213378742005077 0.055828715190454063 0.04852742649800687 -0.052862842437956852 0.039387475975591675 0.058764755984344053 0.056362568300305393 0.058249390055626404 0.051735643271974552 0.057512865033208328 -0.050320973058509334 0.056207899965102039 -0.053056278512179658 -0.050368397143897528 -0.050806799115196394 0.057280232399961065 -0.050320570827441992 -0.050430253019906571 -0.051131681418318788 0.057559188893458429 -0.050677942384457421
leaf_weight=47.417861022986472 319.67111006611958 34.916587667539716 72.290364800021052 291.40331152128056 17.360192121937871 7.94202873110771 268.40383772179484 5.2034141635522229 7.2316341623663902 219.00523461587727 27.563374100718647 19.798016898334026 36.183464866597205 55.556824021041393 763.09250774234533 284.931709934026 347.70726180076599 19.081697516608983 3877.9784694910049 51.262956955004483 20.355647554155439 9.539328898303209 3.5825066193938246 5.6678904197178763 39.143358597997576 1.1643846631050108 2.3070757323876019 5.5049324724823236 35.70208740234375 1.3052467312663791
leaf_count=30 50554 23 201 14125 32 315 176 40 15 198 27 15 918 81 403 171 194 44 2291 8100 47 199 540 393 26 184 278 259 21 100
internal_value=0.0447581 0.049604 0.0318753 -0.0341097 0.051982 0.0446261 0.0553053 0.0219463 -0.0236192 0.0452121 0.0564952 0.051139 0.00944921 0.0263783 0.0576181 0.0571304 0.0573996 0.0551722 0.0574993 -0.0512962 0.0575356 -0.0514624 -0.0526381 -0.050344 0.057511 -0.0514513 -0.0508576 -0.0509669 0.0575133 -0.0505198
internal_weight=6898.27 6563.82 1837.23 429.086 1408.14 76.8799 1267.86 140.282 12.435 236.365 4726.59 746.201 93.7643 127.847 1031.5 652.437 632.639 53.9983 3980.39 352.206 67.7735 300.943 39.766 334.456 3952.82 9.10641 14.7851 11.1728 3913.68 3.61232
internal_count=80000 28416 24146 23000 1146 576 809 337 55 230 4270 1905 1525 282 579 380 365 67 2365 22424 77 14324 1458 51584 2338 499 1030 652 2312 378
is_linear=0
shrinkage=0.05


Tree=39
num_leaves=31
num_cat=0
split_feature=2 3 0 5 0 0 2 5 0 2 2 2 5 7 0 0 7 7 10 7 4 5 0 7 7 0 5 7 0 0
split_gain=1199.21 308.192 912.944 255.327 56.1014 12.3268 11.4252 11.0102 176.723 10.3312 12.6697 6.1623 2.62886 0.626205 0.247085 0.115246 0.18978 0.0201988 0.00925515 0.00755721 0.00461643 0.0035426 0.0014029 0.000197545 0.000187471 0.000101167 3.22151e-05 2.26698e-05 1.79091e-05 1.75787e-05
threshold=401.50000000000006 2.5000000000000004 11883.435000000001 0.65450000000000019 17757.770000000004 28815.715000000004 64.500000000000014 0.65450000000000019 11883.435000000001 345.50000000000006 380.50000000000006 135.50000000000003 0.9425 26.850000000000005 43105.460000000014 113.46500000000002 21.150000000000002 120.35000000000001 1.5000000000000002 118.95000000000002 6.5000000000000009 0.94850000000000001 11883.435000000001 24.050000000000004 119.65000000000002 17757.770000000004 0.93550000000000011 121.05000000000001 11883.435000000001 21807.355000000003
decision_type=2 2 2 2 2 2 2 2 2 2 2 2 2 2 2 2 2 2 2 2 2 2 2 2 2 2 2 2 2 2
left_child=1 2 3 15 9 6 -6 20 19 11 -11 -4 -7 -10 -15 -1 -17 18 -5 21 -3 -9 -2 28 25 26 -24 -21 -22 -26
right_child=22 7 4 17 5 12 -8 8 13 10 -12 -13 -14 14 -16 16 -18 -19 -20 27 23 -23 24 -25 29 -27 -28 -29 -30 -31
leaf_value=0.057898073385073148 -0.050304545717306151 0.056499567009711572 0.0079778256314899931 -0.051479046002201559 0.0018653117814776299 0.057516875912605729 0.047085916887066037 -0.052883653217862772 0.04768918069639063 -0.083179420976583651 0.01999548724267914 0.032313000588633123 0.044281608123034534 0.055758259946096358 0.057785249496411506 0.057560867848684964 0.046966129310918842 -0.050304865108052155 -0.050481779940920284 -0.050801092384353444 0.057094343508627299 -0.050647759722971003 -0.050813944273210079 0.057213350294025515 -0.050409099097927269 -0.051075306692468118 -0.050449681646835366 -0.050310103761227867 0.057083409165619658 -0.05064445002133279
leaf_weight=47.884402990341187 304.17317371536046 32.918981059454381 36.566278813406825 268.49201172590256 14.937514796853064 952.58047368749976 215.17819519899786 34.018071528989822 19.155111975967884 5.0825308128260058 7.1773624243214726 90.150033143348992 39.056533619761467 273.86022842675447 333.33860528469086 10.142650761641564 7.2467511007562271 49.924823723733425 25.472060900181532 0.25321713974699323 3375.227294921875 1.8689053747802962 4.6985783884301764 34.480910658836365 2.1954559837467964 5.2420877143740654 0.69701751461252559 3.2851406955160201 421.21219027042389 1.2423894759267566
leaf_count=28 50554 24 111 11216 29 544 201 777 15 40 15 171 35 172 194 8 46 8292 3410 22 2081 166 302 21 278 259 91 538 260 100
internal_value=0.0443688 0.0491528 0.0314605 -0.0340267 0.0511521 0.0545762 0.0441505 0.0560659 0.0501273 0.0210503 -0.0227773 0.0252906 0.0569956 0.0565902 0.056871 0.056632 0.0531457 -0.0512347 -0.0513926 -0.0525498 0.0570891 -0.0527672 -0.0503271 0.0570942 -0.0508151 -0.0509189 -0.0507669 -0.0503452 0.0570931 -0.0504942
internal_weight=6617.76 6299.51 1769.89 409.163 1360.73 1221.75 230.116 4529.62 665.779 138.976 12.2599 126.716 991.637 626.354 607.199 65.2738 17.3894 343.889 293.964 39.4253 3863.84 35.887 318.249 3830.92 14.0755 10.6377 5.3956 3.53836 3796.44 3.43785
internal_count=80000 28416 24146 23000 1146 809 230 4270 1884 337 55 282 579 381 366 82 54 22918 14626 1503 2386 943 51584 2362 1030 652 393 560 2341 378
is_linear=0
shrinkage=0.05


Tree=40
num_leaves=31
num_cat=0
split_feature=2 3 0 0 0 2 4 2 4 0 0 0 2 0 2 0 0 0 4 4 6 10 4 10 0 4 2 4 0 2
split_gain=1131.31 296.533 855.02 209.468 56.5723 33.9778 14.2957 15.3325 9.58606 65.7162 95.1551 5.04019 3.60219 1.28483 0.62203 1.40672 0.146632 0.118476 0.0641095 0.0337974 0.0167461 0.0088896 0.00730169 0.00322594 0.00120579 0.00110382 0.000945216 0.000134319 8.98161e-05 2.1642e-05
threshold=401.50000000000006 2.5000000000000004 11883.435000000001 160.37500000000003 21807.355000000003 44.500000000000007 4.5000000000000009 59.500000000000007 7.5000000000000009 11883.435000000001 160.37500000000003 43105.460000000014 59.500000000000007 17757.770000000004 119.50000000000001 43105.460000000014 99.990000000000023 63032.060000000005 3.5000000000000004 8.5000000000000018 2.5000000000000004 1.5000000000000002 5.5000000000000009 1.5000000000000002 11883.435000000001 5.5000000000000009 24.500000000000004 4.5000000000000009 17757.770000000004 7.5000000000000009
decision_type=2 2 2 2 2 2 2 2 2 2 2 2 2 2 2 2 2 2 2 2 2 2 2 2 2 2 2 2 2 2
left_child=1 2 3 5 6 20 7 -4 9 10 16 12 -6 -8 15 -11 -3 -13 -16 -10 -1 22 -5 -12 -2 -23 29 -7 -26 -21
right_child=24 8 4 21 11 27 13 -9 19 14 23 17 -14 -15 18 -17 -18 -19 -20 26 -22 25 -24 -25 28 -27 -28 -29 -30 -31
leaf_value=0.055362828350935978 -0.050289604270753289 0.056533658645100265 -0.042249889834127537 -0.051222344084035469 0.032595235887273387 -0.051253848677284476 0.041987424417770029 0.024554025455337195 0.054865592226602804 0.046307824508476127 -0.052537995615323629 0.056999899480387674 0.051840597423698315 0.057184328608648222 0.057515647645004248 0.057175677032729848 0.051027004814732449 0.058298041985992435 0.056354123043447724 0.056699351805574533 0.05713672894974884 -0.050364483688085951 -0.052789454980355699 -0.050991970515971652 -0.050646252354439772 -0.051659536684904285 0.056441995381672175 -0.05202940213107831 -0.050905160179992887 0.056740178230262256
leaf_weight=19.23615724593401 289.42226855549961 28.919257044792175 9.0477252556011063 276.19034786336124 26.128145329654217 7.6603285605087859 25.933719146065414 169.45473505184054 25.362869223114103 48.654989816248417 32.396871518343687 339.17105259746313 350.16051455587149 29.994477715343237 230.63495200499892 76.73543906211853 20.772638352587819 364.80899464711547 244.98606151714921 3558.0042594671249 43.145311117172241 33.957871936261654 7.638571929652243 3.7664187643676987 6.748167369514702 1.7291465057060111 35.930962438229471 0.60217037191614498 6.6512656761333346 32.759397625923157
leaf_count=50 50554 19 49 16863 32 472 27 354 27 43 1100 199 263 18 136 47 48 204 154 2291 27 5252 232 358 611 77 26 27 419 21
internal_value=0.0439976 0.0487229 0.0310544 -0.0339444 0.050344 0.0439698 0.0280792 0.0211679 0.0556652 0.0502461 0.00932679 0.0551757 0.0505043 0.0501376 0.0560914 0.0529586 0.0542317 0.0576726 0.0569174 0.0566845 0.0565897 -0.051171 -0.0512645 -0.052377 -0.0503111 -0.0504272 0.0566972 -0.0513104 -0.0507748 0.0566997
internal_weight=6346.61 6043.78 1704.86 390.16 1314.7 70.644 234.431 178.502 4338.92 686.867 85.8552 1080.27 376.289 55.9282 601.011 125.39 49.6919 703.98 475.621 3652.06 62.3815 319.516 283.829 36.1633 302.822 35.687 3626.69 8.2625 13.3994 3590.76
internal_count=80000 28416 24146 23000 1146 576 448 403 4270 1905 1525 698 295 45 380 90 67 403 290 2365 77 22424 17095 1458 51584 5329 2338 499 1030 2312
is_linear=0
shrinkage=0.05


Tree=41
num_leaves=31
num_cat=0
split_feature=3 7 10 5 4 7 7 7 5 3 10 4 10 4 1 9 1 7 12 3 7 5 4 4 5 4 10 5 7 9
split_gain=665.975 311.102 177.289 126.873 94.6886 75.3716 21.4667 21.9128 14.5696 25.1034 19.0534 5.46133 2.40269 0.239481 0.405952 0.214933 0.132277 0.203733 0.11281 0.0948575 0.108689 0.041804 0.0206565 0.00256661 0.000737876 0.00036162 0.000338282 0.000231189 0.000162636 5.25843e-05
threshold=2.5000000000000004 120.35000000000001 1.5000000000000002 0.95050000000000001 4.5000000000000009 24.750000000000004 116.95000000000002 120.35000000000001 0.65450000000000019 3.5000000000000004 1.5000000000000002 2.5000000000000004 1.0000000180025095e-35 5.5000000000000009 18.500000000000004 1.0000000180025095e-35 22.500000000000004 95.65000000000002 1.0000000180025095e-35 1.5000000000000002 66.65000000000002 0.9425 2.5000000000000004 6.5000000000000009 0.94450000000000001 5.5000000000000009 1.5000000000000002 0.65450000000000019 24.050000000000004 1.0000000180025095e-35
decision_type=2 2 2 2 2 2 2 2 2 2 2 2 2 2 2 2 2 2 2 2 2 2 2 2 2 2 2 2 2 2
left_child=1 2 3 4 5 -1 8 13 23 10 11 -10 -6 14 -8 16 18 -18 -4 20 -5 -12 -21 -2 26 27 -11 -17 -25 -3
right_child=6 29 15 19 12 -7 7 -9 9 24 21 -13 -14 -15 -16 25 17 -19 -20 22 -22 -23 -24 28 -26 -27 -28 -29 -30 -31
leaf_value=-0.060196609714320837 0.055868403542850456 -0.050371474702032883 -0.054561769066138278 -0.054947611967470604 0.045758115038505881 0.024941968247342742 0.025968713372367298 -0.050393989629061713 0.057309769761503648 -0.052430115841577411 -0.050711465484607601 0.04673047702671148 0.053035935326625441 0.056209860305246731 0.052638584207040928 -0.051132294530027746 -0.056575065868907849 -0.089280266499270719 -0.067894383511199724 -0.055596758496255817 -0.060883694930510004 -0.063078722830441913 -0.051265812917720678 0.056330308141854683 -0.05040560031594632 -0.051280192561661678 -0.051339009635230283 -0.050300916576371472 0.056444165159926396 -0.050278769394308101
leaf_weight=26.587592402473092 30.198553262278438 130.92687839921564 33.113372450228781 15.124064611271026 205.41854887828231 1166.9026071997359 2.3180661099031585 9.7360787987709028 170.88340246677399 4.7851025084964922 3.7087376243434838 426.36083614174277 253.17920337338001 6.5194190409965813 3.7111431788653135 0.85970503604039805 1.3418048867024475 0.73811538331210602 1.6664064936339844 4.2067433251067978 15.732940992806105 0.83762383740395296 7.9677656316198409 3480.5412430763245 0.58733860636129964 1.0201084339059878 0.83421396929770697 30.584604047238827 31.649575233459473 17.3198063345626
leaf_count=2562 23 22889 4737 2072 1341 25589 65 1693 104 241 466 2210 628 12 21 83 182 45 141 526 2086 98 1138 2341 88 80 67 5296 21 3155
internal_value=0.0436385 0.0192075 0.0250526 0.0282577 0.0304654 0.0230453 0.0548373 0.00589473 0.0551001 0.0479494 0.0489812 0.0497574 0.049776 0.0495673 0.0423847 -0.0533203 -0.0559331 -0.0681814 -0.0552006 -0.0564997 -0.0579742 -0.05299 -0.0527623 0.0563274 -0.0520919 -0.0503537 -0.0522681 -0.0503236 0.0563313 -0.0503606
internal_weight=6085.36 1912.69 1764.44 1695.12 1652.09 1193.49 4172.67 22.2847 4150.39 607.997 601.791 597.244 458.598 12.5486 6.02921 69.3241 36.8597 2.07992 34.7798 43.0315 30.857 4.54636 12.1745 3542.39 6.20666 32.4644 5.61932 31.4443 3512.19 148.247
internal_count=80000 72550 46506 35942 30120 28151 7450 1791 5659 3274 2878 2314 1969 98 86 10564 5105 227 4878 5822 4158 564 1664 2385 396 5459 308 5379 2362 26044
is_linear=0
shrinkage=0.05


Tree=42
num_leaves=31
num_cat=0
split_feature=2 3 0 5 0 5 0 11 0 0 5 2 2 0 0 0 0 0 10 5 5 10 2 0 3 0 2 5 0 10
split_gain=1031.71 286.297 799.044 221.002 58.4014 11.1708 159.111 9.29666 9.57996 5.34255 4.72795 4.55481 0.658513 1.52963 0.12405 0.10997 0.154186 0.0710036 0.00886695 0.00652622 0.00360498 0.00317979 0.00152066 0.00108762 0.000102737 7.67946e-05 3.35838e-05 2.52762e-05 1.084e-05 9.89663e-06
threshold=401.50000000000006 2.5000000000000004 11883.435000000001 0.65450000000000019 21807.355000000003 0.65450000000000019 11883.435000000001 1.0000000180025095e-35 15105.005000000003 43105.460000000014 0.93150000000000011 265.50000000000006 119.50000000000001 43105.460000000014 63032.060000000005 113.46500000000002 136.93000000000004 43105.460000000014 1.5000000000000002 0.95050000000000001 0.94850000000000001 1.5000000000000002 34.500000000000007 11883.435000000001 1.5000000000000002 17757.770000000004 24.500000000000004 0.93450000000000022 11883.435000000001 1.5000000000000002
decision_type=2 2 2 2 2 2 2 2 2 2 2 2 2 2 2 2 2 2 2 2 2 2 2 2 2 2 2 2 2 2
left_child=1 2 3 15 7 22 20 8 -4 10 -6 -9 13 -8 -11 -1 -17 -14 19 -5 21 -7 26 -2 -20 27 28 -25 -3 -22
right_child=23 5 4 18 9 6 12 11 -10 14 -12 -13 17 -15 -16 16 -18 -19 24 -21 29 -23 -24 25 -26 -27 -28 -29 -30 -31
leaf_value=0.05669018071091228 -0.050269906531764046 0.055984474716730383 0.0011280611630656043 -0.051309925089970822 0.051036043395825618 -0.052689033253321915 0.044682157176420351 0.044088007783561374 0.028694780386764842 0.056201387174882017 0.030061111046379416 0.018708906473396354 0.055400653074873275 0.056442888252315852 0.057574099730939556 0.056805249147397596 0.046805578169886689 0.056674718676518993 -0.050303319104317158 -0.050343679185350071 -0.050567302076945667 -0.051011145457095008 0.055623436917599238 -0.050660485685473544 -0.050493893687066999 -0.050867695317800769 0.055937926934738862 -0.050367123303361128 0.055975390487936039 -0.05029777129238279
leaf_weight=42.247971892356873 269.63379665650427 2949.7959961891174 52.989604639820755 261.95074247056618 326.41675915941596 31.148595042526722 45.401058059185743 73.373807422816753 77.771872451063246 317.46945234388113 29.276175379753113 23.290791918057948 205.65116347745061 70.703336358070374 341.74709349870682 7.6359933614730817 7.7850312390364707 233.5375030040741 21.38095840672031 18.724538253620267 1.9573433352634304 3.1051522600464514 29.680031329393387 5.5317266732454282 10.567009669728579 6.2968141767196357 40.99030339717865 0.84662261977791775 369.53058695793152 0.41231503151357163
leaf_count=28 50554 2073 171 14682 254 930 43 87 141 199 41 49 138 47 204 5 49 153 3870 2896 209 290 24 478 1470 419 29 133 260 74
internal_value=0.042969 0.0476751 0.0299015 -0.0345653 0.0491165 0.0548731 0.0485354 0.0262154 0.0175237 0.0542483 0.0493097 0.0379731 0.0551928 0.051844 0.056913 0.055371 0.0517571 0.0560781 -0.0511556 -0.0512455 -0.0524065 -0.0525369 0.0559798 -0.0502912 -0.0503664 -0.0507438 0.0559829 -0.0506215 0.0559835 -0.0505204
internal_weight=5876.85 5594.54 1612.63 370.292 1242.34 3981.91 591.916 227.426 130.761 1014.91 355.693 96.6646 555.293 116.104 659.217 57.669 15.421 439.189 312.623 280.675 36.6234 34.2537 3390 282.309 31.948 12.6752 3360.32 6.37835 3319.33 2.36966
internal_count=80000 28416 24146 23000 1146 4270 1884 448 312 698 295 136 381 90 403 82 54 291 22918 17578 1503 1220 2386 51584 5340 1030 2362 611 2333 283
is_linear=0
shrinkage=0.05


Tree=43
num_leaves=31
num_cat=0
split_feature=2 3 0 0 0 2 2 7 4 4 0 0 0 2 7 7 0 7 4 7 7 4 7 4 0 7 7 0 0 0
split_gain=974.068 276.367 748.601 180.599 58.9976 30.1818 20.0656 16.5974 11.8964 9.72871 60.7113 83.8792 5.59695 3.84925 0.773346 0.446971 0.364893 0.16771 0.0356133 0.0279664 0.0132749 0.00626011 0.00458372 0.00115682 0.000935201 0.000392611 0.00013528 6.51463e-05 9.58515e-06 9.55076e-06
threshold=401.50000000000006 2.5000000000000004 11883.435000000001 160.37500000000003 21807.355000000003 44.500000000000007 59.500000000000007 31.050000000000004 4.5000000000000009 7.5000000000000009 11883.435000000001 160.37500000000003 43105.460000000014 59.500000000000007 26.850000000000005 26.150000000000002 15105.005000000003 24.750000000000004 8.5000000000000018 25.450000000000003 120.35000000000001 5.5000000000000009 118.95000000000002 9.5000000000000018 11883.435000000001 121.05000000000001 119.65000000000002 17757.770000000004 11883.435000000001 21807.355000000003
decision_type=2 2 2 2 2 2 2 2 2 2 2 2 2 2 2 2 2 2 2 2 2 2 2 2 2 2 2 2 2 2
left_child=1 2 3 5 6 19 7 -4 -8 10 11 17 13 -6 -12 -14 -16 -3 -11 -1 21 -5 -13 -20 -2 -7 27 -26 -25 -28
right_child=24 9 4 20 12 25 8 -9 -10 18 14 22 15 -15 16 -17 -18 -19 23 -21 -22 -23 -24 28 26 -27 29 -29 -30 -31
leaf_value=0.056122841117348256 -0.050256674679997615 0.055092544306121288 0.054258062551307919 -0.051185478724081572 0.029384800287657484 -0.051358182792587553 0.021839020832110097 -0.089457652074312791 0.049532648929443257 0.053650138292042751 0.044123365217872912 -0.052407139159937048 0.047635547373716405 0.049985042554102369 0.049712602377271695 0.056650225059999497 0.055429415094820494 0.048517645744767156 0.055323752172954446 0.053668264541319913 -0.050249654979271169 -0.052597739059499986 -0.050296070885184167 0.055658693351139904 -0.050668502014496103 -0.050248825479254224 -0.050334624423287816 -0.050933955305263935 0.055649926026729135 -0.050526186337150752
leaf_weight=38.443089460022748 256.5494298315607 29.235727872699499 2.8838689848780614 242.34617333253846 24.409844752401114 6.6430459870025507 164.30539178848267 6.6219391375780106 50.759080467745662 22.306626609060913 16.557877272367477 30.682999118231237 14.063404679298399 319.29428581520915 29.612626135349274 618.01973943412304 486.15860546380281 14.513809025753288 26.145059043075889 16.621913391165435 39.939676615875214 8.1093685240484756 2.8064942988567045 2801.5626136064529 4.6818929491564614 0.9063705913722514 1.799768008757382 4.564735721796751 350.78284323215485 1.0191031796857712
leaf_count=30 50554 24 3 14125 32 315 354 50 41 27 15 918 11 263 24 392 341 43 22 47 8100 199 540 2058 393 184 278 259 258 100
internal_value=0.0426387 0.0472919 0.0295162 -0.0344897 0.0483395 0.0425283 0.025233 -0.0458572 0.0283752 0.0545385 0.0487491 0.00732379 0.0536573 0.048522 0.0547597 0.0564497 0.0551012 0.0529113 0.055641 0.0553819 -0.0510962 -0.0512312 -0.0522302 0.055655 -0.0502769 -0.051225 -0.0507071 -0.0507995 0.0556577 -0.0504039
internal_weight=5632.35 5363.73 1553.37 353.01 1200.36 62.6144 224.57 9.50581 215.064 3810.37 609.568 77.239 975.787 343.704 532.329 632.083 515.771 43.7495 3200.8 55.065 290.395 250.456 33.4895 3178.49 268.615 7.54942 12.0655 9.24663 3152.35 2.81887
internal_count=80000 28416 24146 23000 1146 576 448 53 395 4270 1905 1525 698 295 380 403 365 67 2365 77 22424 14324 1458 2338 51584 499 1030 652 2316 378
is_linear=0
shrinkage=0.05


Tree=44
num_leaves=31
num_cat=0
split_feature=2 3 0 5 0 2 5 0 10 0 0 2 5 2 0 0 0 0 10 5 5 10 2 0 3 0 5 2 0 10
split_gain=919.883 266.732 701.637 199.142 59.2342 18.4151 10.606 142.353 9.30045 9.11646 5.90755 4.35746 3.22971 0.710881 1.68336 0.113696 0.156432 0.086348 0.00654586 0.0048171 0.00271033 0.00236451 0.00145283 0.000804004 7.60271e-05 5.66562e-05 1.86722e-05 1.85102e-05 7.92358e-06 7.42619e-06
threshold=401.50000000000006 2.5000000000000004 11883.435000000001 0.65450000000000019 21807.355000000003 59.500000000000007 0.65450000000000019 11883.435000000001 1.0000000180025095e-35 15105.005000000003 28815.715000000004 135.50000000000003 0.9425 119.50000000000001 43105.460000000014 113.46500000000002 136.93000000000004 43105.460000000014 1.5000000000000002 0.95050000000000001 0.94850000000000001 1.5000000000000002 34.500000000000007 11883.435000000001 1.5000000000000002 17757.770000000004 0.93450000000000022 24.500000000000004 11883.435000000001 1.5000000000000002
decision_type=2 2 2 2 2 2 2 2 2 2 2 2 2 2 2 2 2 2 2 2 2 2 2 2 2 2 2 2 2 2
left_child=1 2 3 15 5 8 22 20 -4 -7 11 -6 -12 14 -9 -1 -17 -15 19 -5 21 -8 27 -2 -20 26 -25 28 -3 -22
right_child=23 6 4 18 10 9 7 13 -10 -11 12 -13 -14 17 -16 16 -18 -19 24 -21 29 -23 -24 25 -26 -27 -28 -29 -30 -31
leaf_value=0.055987820932327292 -0.050244093862399225 0.055352434899498176 -0.087633253707770101 -0.051183160798906946 0.025080203209399687 0.013908465604323831 -0.052445854110160242 0.04293019575646724 0.013377182886211404 0.035345949473893822 0.055195222206804187 0.047938421315953432 0.039321592481541087 0.054507621010988751 0.05576314585221253 0.056086954041451115 0.045598338852059439 0.055973689874080516 -0.050274219643002438 -0.050310623877124941 -0.050516939269913332 -0.050929715840959316 0.054984092718057959 -0.050596953288234651 -0.050446530411161331 -0.050783915198955212 -0.050331957140665386 0.055316199401537841 0.055344315072122258 -0.050271821186353295
leaf_weight=38.732829809188843 244.09693018440157 2698.8500158786774 5.3348298314958793 237.65966699738055 27.566863734275103 79.088243813253939 28.442750088870529 42.198342271149158 3.9781229589134455 132.97683119447902 791.47471430152655 85.556855250149965 33.396422769874334 189.15123144909739 64.788619518280029 7.0004338026046735 7.222670363727957 214.13519740104675 19.349484690465033 16.94613158935681 1.7781285694800311 2.827217038255184 27.203912467695773 5.011604044120757 9.5664620934985596 5.7067620824091136 0.76640545949339856 37.528301477432251 338.08373403549194 0.37398843513801683
leaf_count=28 50554 2073 38 14682 38 195 930 43 15 200 544 81 35 138 47 5 49 153 3870 2896 209 290 24 478 1470 419 133 29 260 74
internal_value=0.0423208 0.0469233 0.0291446 -0.03442 0.0475926 0.024329 0.0542187 0.0477771 -0.0444856 0.027351 0.0530831 0.0423682 0.0545525 0.0543248 0.0507015 0.0545839 0.0507607 0.0552861 -0.0510441 -0.0511251 -0.0521907 -0.0523088 0.0553479 -0.0502633 -0.0503312 -0.0506722 -0.0505618 0.0553511 0.0553515 -0.0504743
internal_weight=5396.79 5141.21 1495.85 336.478 1159.37 221.378 3645.36 543.695 9.31295 212.065 937.995 113.124 824.871 510.273 106.987 52.9559 14.2231 403.286 283.522 254.606 33.4221 31.27 3101.67 255.582 28.9159 11.4848 5.77801 3074.46 3036.93 2.15212
internal_count=80000 28416 24146 23000 1146 448 4270 1884 53 395 698 119 579 381 90 82 54 291 22918 17578 1503 1220 2386 51584 5340 1030 611 2362 2333 283
is_linear=0
shrinkage=0.05


Tree=45
num_leaves=31
num_cat=0
split_feature=3 0 5 0 5 5 0 7 5 0 7 7 7 4 5 0 0 0 7 0 4 5 5 4 5 7 7 5 4 4
split_gain=569.563 1097.64 200.144 69.6951 23.444 19.5657 187.515 12.6749 11.688 7.81526 10.6575 7.99679 5.01998 4.16083 3.4285 5.22298 0.924122 0.784544 1.07117 0.698499 4.3056 0.522985 0.380447 0.265944 0.0191721 0.0108591 0.00598702 0.00563399 0.00485748 0.00406307
threshold=2.5000000000000004 11883.435000000001 0.65450000000000019 21807.355000000003 0.93550000000000011 0.65450000000000019 11883.435000000001 25.450000000000003 0.88850000000000018 28815.715000000004 35.95000000000001 92.050000000000011 106.65000000000002 4.5000000000000009 0.9425 63032.060000000005 43105.460000000014 43105.460000000014 43.650000000000013 136.93000000000004 6.5000000000000009 0.94650000000000001 0.85150000000000003 3.5000000000000004 0.9275000000000001 120.35000000000001 118.95000000000002 0.85350000000000004 5.5000000000000009 6.5000000000000009
decision_type=2 2 2 2 2 2 2 2 2 2 2 2 2 2 2 2 2 2 2 2 2 2 2 2 2 2 2 2 2 2
left_child=1 2 19 4 7 29 26 27 -9 10 -5 -12 21 -14 16 -16 -11 18 22 -1 -21 -6 -8 -20 -19 28 -7 -3 -4 -2
right_child=5 3 25 9 12 6 17 8 -10 14 11 -13 13 -15 15 -17 -18 24 23 20 -22 -23 -24 -25 -26 -27 -28 -29 -30 -31
leaf_value=0.05567860987461834 0.054428588840470693 -0.081302917350877829 -0.05075442779632558 -0.027548153189284198 -0.094070166756501344 -0.051759948944824954 0.038630041149396069 0.018811158633730118 0.045056424888606582 0.051720436827322129 0.049264545110956688 0.011641057789826451 -0.059230746273487435 0.053260880552713032 0.016818962348351844 0.056887595583504084 0.055651524489575548 0.05546113475047857 0.055119438949411542 -0.050931777654422 0.055164024028043657 -0.065181839771631542 0.048584183092239455 0.051318226859598914 0.056883778908641727 -0.050225914555874301 -0.050239008497499654 -0.085902588028441376 -0.051896432114321149 0.055064363999864432
leaf_weight=43.749855995178223 25.346353666391224 1.2959332726895803 363.87381413858384 5.5815375363454214 2.2502622278407198 38.519910298287868 17.743148406036198 153.59152465686202 58.607521432917565 204.54990521073341 89.577210584655404 16.766932655125856 1.5560183618217707 1.7425970332697034 15.351836164016275 17.295829112641513 555.51282996125519 240.55139225116 89.736773941665888 1.1267044241540123 6.3214148283004761 5.1574732377193868 20.912806962616742 94.437484304886311 26.268038272857666 113.88817271543667 7.7765880981460205 1.3690206827595828 9.5559509368613345 2940.1273962259293
leaf_count=33 27 24 44175 25 21 2920 25 723 191 212 110 129 99 6 33 12 404 183 74 138 5 114 23 115 18 25444 1703 16 636 2362
internal_value=0.0420133 0.0179741 -0.0407732 0.0459657 0.0211008 0.05347 0.0446781 0.0246989 0.0260599 0.0521658 0.0397979 0.0433326 -0.0511106 0.000196484 0.0539121 0.0380462 0.0545936 0.0537722 0.0515821 0.0532689 0.0391145 -0.0739573 0.0440152 0.0531703 0.0556012 -0.0506533 -0.0515045 -0.0836658 -0.0507837 0.0550589
internal_weight=5170.14 1668.72 538.516 1130.21 225.57 3501.42 535.946 214.864 212.199 904.636 111.926 106.344 10.7064 3.29862 792.71 32.6477 760.063 489.65 222.83 51.198 7.44812 7.40774 38.656 184.174 266.819 487.318 46.2965 2.66495 373.43 2965.47
internal_count=80000 72550 70431 2119 1194 7450 5061 954 914 925 264 239 240 105 661 45 616 438 237 176 143 135 48 189 201 70255 4623 40 44811 2389
is_linear=0
shrinkage=0.05


Tree=46
num_leaves=31
num_cat=0
split_feature=2 3 0 5 0 2 7 4 5 0 0 5 7 7 0 0 7 7 10 4 7 5 0 7 7 0 5 7 0 0
split_gain=823.251 248.997 616.99 179.408 59.3893 16.7792 14.7363 12.0454 10.0334 126.999 6.45846 5.4423 0.896012 0.519825 0.463905 0.11782 0.196656 0.008679 0.00406181 0.00335419 0.00328082 0.00159822 0.00081043 0.00010843 9.71868e-05 5.39792e-05 1.94369e-05 1.31021e-05 8.45595e-06 7.91748e-06
threshold=401.50000000000006 2.5000000000000004 11883.435000000001 0.65450000000000019 21807.355000000003 59.500000000000007 31.050000000000004 4.5000000000000009 0.65450000000000019 11883.435000000001 43105.460000000014 0.93150000000000011 26.850000000000005 26.150000000000002 15105.005000000003 113.46500000000002 21.150000000000002 120.35000000000001 1.5000000000000002 6.5000000000000009 118.95000000000002 0.94850000000000001 11883.435000000001 119.65000000000002 24.050000000000004 17757.770000000004 0.93550000000000011 120.35000000000001 21807.355000000003 21807.355000000003
decision_type=2 2 2 2 2 2 2 2 2 2 2 2 2 2 2 2 2 2 2 2 2 2 2 2 2 2 2 2 2 2
left_child=1 2 3 15 5 6 -4 -7 19 20 11 -6 -11 -12 -14 -1 -17 18 -5 -3 21 -10 -2 25 -21 26 -24 -22 -27 -25
right_child=22 8 4 17 10 7 -8 -9 9 12 13 -13 14 -15 -16 16 -18 -19 -20 24 27 -23 23 29 -26 28 -28 -29 -30 -31
leaf_value=0.055359872681675408 -0.050220674638954903 0.054202142822214153 0.053264267978355165 -0.051122886837223463 0.048228052615005762 0.019036577607726382 -0.085154304367378336 0.047821232371706032 -0.052221093393697099 0.041422510174102652 0.045136791145433119 0.024480770141670674 0.047485326842881523 0.055445123872104735 0.054314457329943992 0.055061211681056689 0.042667372390250424 -0.050214288394985374 -0.050338131164185 0.054792151763255893 -0.050686956417404942 -0.050501653582260803 -0.050657443668698322 -0.050309542739865168 0.054890406404870522 -0.050784172392656451 -0.050324184275736532 -0.050221141886771084 -0.050928249765065103 -0.050490650795633529
leaf_weight=35.433901429176331 220.88509687036276 24.223223648034036 2.7480934858322126 203.97136479848996 283.02358803898096 159.30287272576243 6.4028643639758229 47.087295356206596 26.42671810975299 14.817375741899012 12.510885775089262 26.374860722571611 26.404473595321178 544.40932188183069 427.30922282114625 7.5565652921795827 5.5523731843568385 35.193601620849222 17.939037593081594 2784.8370615243912 0.16125649912282769 1.4242936624214042 3.7911865562200529 1.6553782783448689 25.397076368331909 1.698161212261766 0.49460389092564572 2.363657386507839 2.5440289797261357 0.94965982297435392
leaf_count=28 50554 24 3 11216 254 354 50 41 777 15 11 41 24 392 342 8 46 8292 3410 2341 15 166 302 278 21 115 91 545 144 100
internal_value=0.0417094 0.0462286 0.0284302 -0.0342986 0.0461524 0.0226662 -0.0435863 0.0256037 0.0536371 0.0470986 0.0519958 0.0462037 0.0535219 0.0552136 0.053917 0.0538616 0.0498117 -0.0509438 -0.0510594 0.054788 -0.0519767 -0.0521332 -0.0502417 -0.0506579 0.054793 -0.0507441 -0.050619 -0.0502509 -0.0508706 -0.0503756
internal_weight=4952.89 4720.87 1387.51 305.647 1081.86 215.541 9.15096 206.39 3333.36 498.907 866.319 309.398 468.531 556.92 453.714 48.5428 13.1089 257.104 221.91 2834.46 30.3759 27.851 232.018 11.133 2810.23 8.52798 4.28579 2.52491 4.24219 2.60504
internal_count=80000 28416 24146 23000 1146 448 53 395 4270 1884 698 295 381 403 366 82 54 22918 14626 2386 1503 943 51584 1030 2362 652 393 560 259 378
is_linear=0
shrinkage=0.05


Tree=47
num_leaves=31
num_cat=0
split_feature=2 3 0 0 0 2 4 3 4 0 0 0 2 0 7 7 0 6 4 7 7 4 7 4 0 7 7 0 0 0
split_gain=777.914 241.045 578.364 147.322 59.4449 24.1882 13.0806 12.9142 8.75682 47.6047 67.5299 6.74864 4.40987 1.72225 0.929216 0.537214 0.49638 0.276203 0.0372371 0.0281463 0.0072513 0.00342203 0.00246995 0.00120833 0.000696781 0.000213982 9.31657e-05 4.63564e-05 7.25857e-06 6.80659e-06
threshold=401.50000000000006 2.5000000000000004 11883.435000000001 160.37500000000003 21807.355000000003 44.500000000000007 4.5000000000000009 1.5000000000000002 7.5000000000000009 11883.435000000001 160.37500000000003 43105.460000000014 59.500000000000007 17757.770000000004 26.850000000000005 26.150000000000002 15105.005000000003 2.5000000000000004 8.5000000000000018 25.450000000000003 120.35000000000001 5.5000000000000009 118.95000000000002 9.5000000000000018 11883.435000000001 121.05000000000001 119.65000000000002 17757.770000000004 21807.355000000003 21807.355000000003
decision_type=2 2 2 2 2 2 2 2 2 2 2 2 2 2 2 2 2 2 2 2 2 2 2 2 2 2 2 2 2 2
left_child=1 2 3 5 6 19 7 -4 9 10 17 12 -6 -8 -11 -13 -16 -3 -10 -1 21 -5 -12 -20 -2 -7 27 -26 -29 -28
right_child=24 8 4 20 11 25 13 -9 18 14 22 15 -14 -15 16 -17 -18 -19 23 -21 -22 -23 -24 -25 26 -27 29 28 -30 -31
leaf_value=0.054904857982141758 -0.050209866837721544 0.04497465413812371 0.0030802426612268328 -0.050968355687270039 0.02383539516445075 -0.051108149213406756 0.035311587868191906 0.031158914954815764 0.052295089452888868 0.040639854255351243 -0.051958534357436359 0.044415064967220072 0.047156930712821336 0.054666768154137374 0.046796258751587577 0.055076687627127863 0.053989519925930166 0.05446537324183174 0.054163183848036811 0.052219665502005366 -0.050204602304063706 -0.052115576075537517 -0.050249718360643181 0.054536504102126661 -0.050588447423227802 -0.050203388718601742 -0.050294359294711377 -0.050745366016433813 -0.050882177846837566 -0.0504664981260061
leaf_weight=32.242139796726406 210.15649018762633 10.910011960193513 93.957495654001832 199.40102424938232 21.869088906794786 5.4684742654208085 22.002323942258954 72.585311092901975 18.71173742832616 14.359312713146208 25.356892856536437 12.089225918054579 277.19368954002857 24.06259560957551 25.477230586111546 521.2347811833024 408.90781610459089 25.781830310821533 21.855112156365067 13.99520198535174 32.72873025899753 6.7192889009602359 2.3070437121205023 2632.6293985843658 4.0791687192395312 0.74220463912934054 1.5751079032197588 1.6165450480766592 2.4220911199226975 0.90376579482108343
leaf_count=30 50554 44 272 14125 32 315 27 131 27 15 918 11 263 18 24 392 341 23 22 47 8100 199 540 2316 393 184 278 115 144 100
internal_value=0.0414204 0.045894 0.0280695 -0.0342335 0.0454367 0.0416475 0.0218405 0.0153179 0.0533694 0.0473864 0.00717039 0.0514637 0.0454515 0.045422 0.053154 0.054835 0.0535676 0.0516434 0.0545178 0.0540921 -0.050896 -0.0510058 -0.051816 0.0545334 -0.0502298 -0.051 -0.0506254 -0.0507073 -0.0508274 -0.0503571
internal_weight=4743.34 4522.59 1336.29 291.297 1044.99 52.448 212.608 166.543 3186.3 513.1 64.3558 832.387 299.063 46.0649 448.744 533.324 434.385 36.6918 2673.2 46.2373 238.849 206.12 27.6639 2654.48 220.753 6.21068 10.5967 8.1178 4.03864 2.47887
internal_count=80000 28416 24146 23000 1146 576 448 403 4270 1905 1525 698 295 45 380 403 365 67 2365 77 22424 14324 1458 2338 51584 499 1030 652 259 378
is_linear=0
shrinkage=0.05


Tree=48
num_leaves=31
num_cat=0
split_feature=3 0 0 0 4 10 4 0 0 4 3 0 7 7 0 0 4 0 7 7 6 7 11 0 7 12 4 0 7 0
split_gain=498.128 911.497 137.845 68.4419 35.3613 21.5122 15.8379 76.3605 76.2162 13.0779 13.9445 8.67261 10.6463 8.26641 2.61441 1.73841 1.69322 0.928669 1.20561 0.703345 1.76674 0.569396 0.295487 0.238932 0.237246 0.177977 0.601437 0.109966 0.0702403 0.162001
threshold=2.5000000000000004 11883.435000000001 160.37500000000003 21807.355000000003 4.5000000000000009 1.5000000000000002 7.5000000000000009 11883.435000000001 160.37500000000003 4.5000000000000009 1.5000000000000002 28815.715000000004 35.95000000000001 92.050000000000011 43105.460000000014 17757.770000000004 3.5000000000000004 43105.460000000014 43.650000000000013 26.850000000000005 2.5000000000000004 26.150000000000002 1.0000000180025095e-35 21807.355000000003 97.750000000000014 1.0000000180025095e-35 8.5000000000000018 15105.005000000003 21.850000000000005 136.93000000000004
decision_type=2 2 2 2 2 2 2 2 2 2 2 2 2 2 2 2 2 2 2 2 2 2 2 2 2 2 2 2 2 2
left_child=1 2 4 5 -1 9 7 8 19 10 -3 12 -5 -14 16 -11 -13 18 23 -2 -21 -16 -20 -9 27 26 -6 -7 -8 -30
right_child=6 3 -4 11 25 24 28 17 -10 15 -12 14 13 -15 21 -17 -18 -19 22 20 -22 -23 -24 -25 -26 -27 -28 -29 29 -31
leaf_value=-0.050609790734912556 0.053824678116297514 0.0026179476344064625 -0.050560761209047303 -0.03168821718904629 0.024229529101840196 -0.068938132520008383 0.054295508137648919 0.036648816479246532 -0.051247911919496604 0.035420534183250411 0.031933573973878138 0.043654822284619886 0.047187689684961995 0.0075722616138777527 0.043510875831631123 0.055206535913373357 0.05328512672282866 0.054761774739200901 0.049784164643505678 0.00028799589838719968 0.054372088834967559 0.054666440793502781 0.054051995804562797 0.045101489450934035 -0.058688540952371582 0.054729584520825561 0.05436288857890989 -0.086093107990680942 0.054310342600371958 0.045910624138639479
leaf_weight=10.066444075666366 28.76890480145812 95.291458602296188 410.50374983600341 5.3530262541025868 2.2115795593708736 1.3754311946686346 2527.0918874070048 14.247175675816832 38.367863224586472 21.504119951277971 70.631396527867764 113.22315000835806 81.025776809081435 15.723649960476903 11.706799896433948 22.948245823848993 76.469603357370943 233.69501239666715 81.64989723591134 2.2970144951250395 4.4070590734481812 499.19339219946414 80.584240382537246 20.233697726391256 1.7378179240040479 35.707464846316725 6.5904556512832642 2.9117209454998374 18.689401831943545 8.2848154534585756
leaf_count=1560 29 709 68751 25 80 36 2329 26 4478 48 261 158 110 129 13 26 78 201 112 98 4 412 76 22 82 34 6 32 19 56
internal_value=0.0411353 0.0173673 -0.0406355 0.0438377 0.0340197 0.018882 0.0526697 0.0445718 -0.002404 0.0215499 0.0150973 0.0505656 0.0369517 0.0407494 0.0525497 0.0456349 0.047537 0.0526309 0.0500995 0.050426 0.0358413 0.0544108 0.0519041 0.0416089 -0.0742724 0.0531598 0.0467916 -0.0805893 0.0542684 0.0517305
internal_weight=4542.49 1484.18 465.08 1019.1 54.5759 216.4 3058.32 504.251 73.8408 210.375 165.923 802.695 102.102 96.7494 700.593 44.4524 189.693 430.41 196.715 35.473 6.70407 510.9 162.234 34.4809 6.02497 44.5095 8.80204 4.28715 2554.07 26.9742
internal_count=80000 72550 70431 2119 1680 1194 7450 5046 4609 1044 970 925 264 239 661 74 236 437 236 131 102 425 188 48 150 120 86 68 2404 75
is_linear=0
shrinkage=0.05


Tree=49
num_leaves=31
num_cat=0
split_feature=2 3 0 5 0 2 0 0 5 0 5 4 5 2 0 2 0 4 0 0 5 10 0 5 4 0 0 4 5 0
split_gain=696.898 226.049 510.578 115.587 82.4395 26.8247 17.682 17.4864 9.42183 103.446 8.32339 6.58314 3.11606 0.927097 2.38293 0.171827 0.393913 0.894086 0.130413 0.115985 0.162229 0.00307706 0.00149784 0.0012069 0.000912563 0.000677311 4.74631e-05 2.7233e-05 1.38588e-05 6.83328e-06
threshold=401.50000000000006 2.5000000000000004 15105.005000000003 0.65450000000000019 11883.435000000001 54.500000000000007 28815.715000000004 12761.115000000002 0.71250000000000002 11883.435000000001 0.91850000000000021 4.5000000000000009 0.9425 119.50000000000001 43105.460000000014 59.500000000000007 43105.460000000014 3.5000000000000004 43105.460000000014 113.46500000000002 0.29450000000000004 1.5000000000000002 136.93000000000004 0.94850000000000001 7.5000000000000009 11883.435000000001 17757.770000000004 9.5000000000000018 0.93550000000000011 21807.355000000003
decision_type=2 2 2 2 2 2 2 2 2 2 2 2 2 2 2 2 2 2 2 2 2 2 2 2 2 2 2 2 2 2
left_child=1 2 3 19 21 10 11 -6 15 22 -4 -7 -8 14 -11 24 17 -17 -15 -1 -21 -5 -10 -24 -3 -2 28 -26 -27 -28
right_child=25 8 5 4 7 6 12 -9 9 13 -12 -13 -14 18 -16 16 -18 -19 -20 20 -22 -23 23 -25 27 26 29 -29 -30 -31
leaf_value=0.054566446061977407 -0.050189798339743845 0.053808570443165039 -0.043913880571316233 -0.050874093135295118 0.03150035133173177 0.030963187656347414 0.053310957845517329 -0.014848602742444894 -0.053818886223193578 0.037030597753647525 0.029345191054534221 0.050734161519988434 0.036211830699483284 0.052494349733277761 0.054380845486622614 0.050314953399579171 0.054415993972480994 0.011539793295149231 0.054563776563830393 0.054119758135069189 0.0422151174116768 -0.050257697761238056 -0.05176506276832217 -0.050363082628476774 0.054112233999518269 -0.050529803645484518 -0.050638788455546813 0.054068792459375382 -0.050277508298519041 -0.050758213245198115
leaf_weight=31.008670806884766 190.2018782175146 33.989977987483144 10.162469713017346 199.45359531487338 40.151287202723324 160.41402100771666 632.28510679677129 41.263391474727541 0.83967825211584823 32.473081283271313 6.2689120518043628 57.086720816791058 27.816031701862812 147.73075349628925 50.667671084403992 6.0378889206331223 15.548600077629089 1.9722795796114949 157.08050763607025 6.279262959957121 5.2582220146432519 22.534305253066123 22.982464986620474 1.6449342805426557 36.626662969589233 4.4416828784160298 1.8916699946857987 2402.2337415218353 0.62032782309688617 3.2654375052079558
leaf_count=28 50554 39 35 17578 71 257 532 155 24 41 13 50 33 133 46 23 14 55 140 6 48 5340 1124 280 35 479 175 2316 132 244
internal_value=0.0408517 0.0452497 0.0273732 -0.0242048 -0.0350276 0.0473314 0.0485165 0.00800932 0.0528675 0.0458761 -0.015964 0.0361524 0.0525904 0.0522843 0.0476042 0.0540254 0.0497755 0.0407677 0.0535608 0.052974 0.0486942 -0.0508115 -0.0517422 -0.0516714 0.0540659 -0.0502111 -0.0506076 0.0540694 -0.0504989 -0.0507144
internal_weight=4350.23 4149.81 1239.98 345.949 303.403 894.033 877.602 81.4147 2909.83 413.419 16.4314 217.501 660.101 387.952 83.1408 2496.41 23.5588 8.01017 304.811 42.5462 11.5375 221.988 25.4671 24.6274 2472.85 200.421 10.2191 2438.86 5.06201 5.15711
internal_count=80000 28416 24146 23226 23144 920 872 226 4270 1788 48 307 565 360 87 2482 92 78 273 82 54 22918 1428 1404 2390 51584 1030 2351 611 419
is_linear=0
shrinkage=0.05


Tree=50
num_leaves=31
num_cat=0
split_feature=3 0 0 0 4 10 7 0 4 0 0 0 4 3 7 0 7 6 7 0 7 7 0 12 4 1 0 1 7 0
split_gain=457.195 805.125 124.821 68.2976 31.7063 28.8862 24.0074 16.2787 14.9065 67.9885 68.5765 2.90182 1.85516 1.81382 1.08056 0.708066 0.678658 1.63375 0.622609 0.616203 0.538875 0.347638 0.335615 0.179652 0.593224 0.142161 0.13495 0.0936708 0.0773971 0.174371
threshold=2.5000000000000004 11883.435000000001 160.37500000000003 28815.715000000004 4.5000000000000009 1.5000000000000002 25.450000000000003 17757.770000000004 7.5000000000000009 11883.435000000001 160.37500000000003 43105.460000000014 3.5000000000000004 1.5000000000000002 26.850000000000005 15105.005000000003 26.850000000000005 2.5000000000000004 26.150000000000002 17757.770000000004 79.850000000000009 97.750000000000014 43105.460000000014 1.0000000180025095e-35 8.5000000000000018 15.500000000000002 15105.005000000003 22.500000000000004 21.850000000000005 136.93000000000004
decision_type=2 2 2 2 2 2 2 2 2 2 2 2 2 2 2 2 2 2 2 2 2 2 2 2 2 2 2 2 2 2
left_child=1 2 4 5 -1 6 19 -8 9 10 16 12 13 -5 -11 20 -2 -18 -13 -3 -16 26 -17 24 -6 -14 -7 -20 -10 -30
right_child=8 3 -4 11 23 21 7 -9 28 14 -12 18 25 -15 15 22 17 -19 27 -21 -22 -23 -24 -25 -26 -27 -28 -29 29 -31
leaf_value=-0.05055158518595964 0.053364386840677472 -0.079120150390458416 -0.050507657232490212 0.03573796961287784 0.023076323855808142 -0.067977816602234259 0.013227636343268304 0.037019430522258485 0.053854286489276537 0.037674226174239815 -0.051132284791029207 0.041907755577974916 0.053925128402485506 0.04886319121566865 0.034912269401616479 0.051162251437433949 0.00027944408154532583 0.05392382178416677 0.054188696517278916 -0.11890336678747465 0.050434260500879194 -0.05746181087101962 0.054254554846024421 0.054243047595765474 0.053920545838845063 0.048953952278687429 -0.086393328683231851 0.050926181565442888 0.053858109073408655 0.044780410531556042
leaf_weight=9.118746010353787 26.25389564409852 2.5671930387616149 371.87697019823827 55.022975026629865 2.1036094410810602 1.3278685580007721 123.18754167761654 172.67479606904089 2304.8655711943284 12.886246421374379 34.869361706078053 10.854800044558941 50.179091176018119 50.46261171810329 9.6850437549874204 152.6976426304318 2.1935286200605324 4.0212169289588928 434.76960890647024 1.5677400315180419 13.229436764959244 2.0356003670021892 206.27397060533985 32.631998457480222 6.0199158787727356 20.159123790450394 3.9663832469377667 23.173498010262847 17.049868574831638 7.6698067700490347
leaf_count=1560 29 37 68751 99 80 36 765 463 2329 18 4478 13 54 59 19 183 98 4 390 21 22 91 195 34 6 24 45 22 19 56
internal_value=0.0405772 0.0169626 -0.0405462 0.0424413 0.0337295 0.0230451 0.0254412 0.0271133 0.0521972 0.0439938 -0.00244252 0.0516886 0.0462108 0.0420169 0.0519147 0.0523952 0.0498473 0.0349897 0.0537431 -0.0942038 0.0438737 -0.0750225 0.0529392 0.0525867 0.0459333 0.0525004 -0.0817745 0.0540236 0.0538244 0.0510416
internal_weight=4165.4 1373.7 421.751 951.949 49.8743 307.327 299.997 295.862 2791.7 462.11 67.338 644.622 175.824 105.486 394.772 381.886 32.4686 6.21475 468.798 4.13493 22.9145 7.32985 358.972 40.7555 8.12353 70.3382 5.29425 457.943 2329.59 24.7197
internal_count=80000 72550 70431 2119 1680 1458 1286 1228 7450 5046 4609 661 236 158 437 419 131 102 425 58 41 172 378 120 86 78 81 412 2404 75
is_linear=0
shrinkage=0.05


Tree=51
num_leaves=31
num_cat=0
split_feature=2 3 0 5 0 0 0 5 0 4 7 5 7 7 5 0 0 7 7 4 7 0 0 7 7 0 5 0 0 7
split_gain=624.78 212.828 450.696 102.569 77.2889 27.2544 15.9191 9.07061 97.1577 8.95599 15.8374 4.43689 1.40782 1.10144 0.753092 0.638539 0.121234 0.199457 0.00408879 0.00270753 0.00166989 0.00153077 0.000660801 9.29482e-05 7.74206e-05 4.74895e-05 1.22389e-05 8.85133e-06 6.57336e-06 6.1873e-06
threshold=401.50000000000006 2.5000000000000004 15105.005000000003 0.65450000000000019 11883.435000000001 28815.715000000004 12761.115000000002 0.65450000000000019 11883.435000000001 4.5000000000000009 25.450000000000003 0.9425 26.850000000000005 26.850000000000005 0.83850000000000013 15105.005000000003 113.46500000000002 21.150000000000002 120.35000000000001 6.5000000000000009 118.95000000000002 136.93000000000004 11883.435000000001 24.050000000000004 118.95000000000002 17757.770000000004 0.93550000000000011 21807.355000000003 21807.355000000003 120.35000000000001
decision_type=2 2 2 2 2 2 2 2 2 2 2 2 2 2 2 2 2 2 2 2 2 2 2 2 2 2 2 2 2 2
left_child=1 2 3 16 18 9 -6 19 20 10 -4 12 -7 -10 -11 -15 -1 -18 -5 -3 21 -9 -2 -21 25 26 -24 -27 -26 -22
right_child=22 7 5 4 6 11 -8 8 13 14 -12 -13 -14 15 -16 -17 17 -19 -20 23 29 -23 24 -25 28 27 -28 -29 -30 -31
leaf_value=0.054110210624117562 -0.050171674241969659 0.053059330530488974 -0.094283409721428624 -0.050823718944984247 0.029870979154554722 0.038214196477129127 -0.014553587477762163 -0.053943607908983851 0.037115724533139986 0.043008510581731739 0.026850353759799557 0.03145608965202764 0.052769050009243035 0.043956837944983507 0.054883240258735248 0.05275072053238225 0.053791478367663931 0.039948362808184132 -0.050166750761638491 0.053652802238014025 -0.050538523094705134 -0.051632576494179162 -0.050575597169169345 0.053760176910978667 -0.050278478775698757 -0.05069909734097168 -0.050289751789707751 -0.050855124967437028 -0.050451390184155148 -0.050178250297742977
leaf_weight=28.332446932792664 172.14484601048753 19.320746377110481 2.7455742470920077 173.82491349312477 39.486843274906278 17.109698817133904 41.212785902433097 0.74126584269106999 12.480082266032694 29.830672336742282 156.78189394902438 26.558150637894869 573.37848804146051 21.964597769081593 24.170015631243587 342.99643547832966 6.058768696151672 4.5608521574176848 27.419408201472834 2213.8434731960297 0.12727356399409373 21.478631428210065 3.271543045993893 20.339926183223724 1.4873299947939815 1.4898859914392235 0.42287492961622763 2.3311944557353854 0.87182441866025318 1.8724293336272237
leaf_count=28 50554 24 14 14626 71 19 155 13 15 32 273 35 525 24 22 342 8 46 8292 2341 15 930 300 21 282 114 90 144 100 545
internal_value=0.040302 0.0446292 0.0266764 -0.0236496 -0.0341566 0.0461201 0.00718364 0.0524149 0.0454927 0.0307233 0.0247656 0.0514481 0.0523473 0.051722 0.0483235 0.0522215 0.0524024 0.0478462 -0.0507342 0.0536487 -0.0515851 -0.0517097 -0.0501945 0.0536538 -0.0505923 -0.0506707 -0.0505429 -0.0507943 -0.0503424 -0.0502012
internal_weight=3988.65 3806.64 1151.47 320.896 281.944 830.574 80.6996 2655.16 401.661 213.528 159.527 617.046 590.488 377.441 54.0007 364.961 38.9521 10.6196 201.244 2253.5 24.2196 22.2199 182.019 2234.18 9.87465 7.5155 3.69442 3.82108 2.35915 1.9997
internal_count=80000 28416 24146 23226 23144 920 226 4270 1884 341 287 579 544 381 54 366 82 54 22918 2386 1503 943 51584 2362 1030 648 390 258 382 560
is_linear=0
shrinkage=0.05


Tree=52
num_leaves=31
num_cat=0
split_feature=2 4 0 0 3 5 0 0 7 4 0 0 2 3 0 0 7 3 3 5 0 4 5 7 7 0 5 0 0 7
split_gain=590.646 207.159 535.263 53.7031 26.3273 12.2302 110.056 12.1299 7.70889 6.77784 6.01804 2.20077 0.78652 0.566739 4.90031 4.41245 0.00353988 0.00246044 0.00177501 0.00110711 0.00056824 0.000493162 0.000308891 7.91568e-05 6.65344e-05 4.07933e-05 1.05166e-05 7.60012e-06 5.65142e-06 3.50196e-06
threshold=401.50000000000006 4.5000000000000009 11883.435000000001 21807.355000000003 1.5000000000000002 0.65450000000000019 12761.115000000002 12761.115000000002 26.150000000000002 1.5000000000000002 43105.460000000014 17757.770000000004 69.500000000000014 2.5000000000000004 11883.435000000001 11883.435000000001 120.35000000000001 2.5000000000000004 2.5000000000000004 0.95050000000000001 11883.435000000001 6.5000000000000009 0.94850000000000001 24.050000000000004 118.95000000000002 17757.770000000004 0.93550000000000011 21807.355000000003 21807.355000000003 37.350000000000001
decision_type=2 2 2 2 2 2 2 2 2 2 2 2 2 2 2 2 2 2 2 2 2 2 2 2 2 2 2 2 2 2
left_child=1 2 16 4 7 18 13 -4 -5 -6 -10 -8 -13 14 -7 -15 17 19 -3 -1 -2 -20 -19 -23 25 26 -22 -27 -26 -29
right_child=20 5 3 8 9 6 11 -9 10 -11 -12 12 -14 15 -16 -17 -18 22 21 -21 24 23 -24 -25 28 27 -28 29 -30 -31
leaf_value=-0.050772333770746927 -0.050163274036375931 0.053811500738798201 0.029416862806200331 0.010549292139503849 0.057865219285980235 -0.0511520809268073 0.036445903448951704 -0.011408828017731886 0.043698872865737287 0.029173198113192047 0.053511340582635764 0.043045310019821814 0.05306213907962172 -0.05166458139550998 -0.2025036032043937 0.054291077553855517 -0.050159453629539712 -0.051547953011812857 0.05320287431229518 -0.050206287692526823 -0.050547224683129582 0.05346198378478937 -0.050319963707278863 0.053563399867458589 -0.050264830485285884 -0.050664562276520234 -0.050275587740532313 -0.050637206645685634 -0.05042918676310873 -0.05083522124262696
leaf_weight=141.71720531722531 163.7759732757695 36.670958422124386 25.118778181262314 12.772800311446188 26.501351237297058 16.718036038102589 23.012378495186567 65.998453881591558 252.71331258863211 92.167648641392589 409.38671299815178 20.909374564886093 312.22469371557236 10.413384314859282 0.55247196368873019 1.0849627256393439 25.608687142143026 11.130840696161609 18.390885692089796 9.1989928144030255 3.1136907073669122 2113.199374973774 0.53679779660888094 19.417218208312988 1.4151665086392315 1.4181650648824873 0.40236154245212663 0.25186809711158309 0.82966095162555564 1.9674353580921886
leaf_count=11547 50554 39 49 21 17 1291 28 223 287 170 381 25 321 603 4 1 8137 473 22 2315 300 2341 100 21 282 114 90 21 100 123
internal_value=0.0400374 0.0443233 0.0258663 0.0421554 0.0200599 0.0520205 0.0438017 -0.00015419 0.0490238 0.0355807 0.0497661 0.0514004 0.0524334 -0.0502675 -0.0559937 -0.0416668 -0.0507059 -0.0507919 0.0534666 -0.0507378 -0.050185 0.0534607 -0.0514915 0.0534629 -0.0505631 -0.0506376 -0.0505161 -0.050755 -0.0503256 -0.0508127
internal_weight=3818.62 3645.45 1072.85 884.659 209.786 2572.59 384.915 91.1172 674.873 118.669 662.1 356.146 333.134 28.7689 17.2705 11.4983 188.193 162.584 2187.68 150.916 173.174 2151.01 11.6676 2132.62 9.39835 7.15352 3.51605 3.63747 2.24483 2.2193
internal_count=80000 28416 23720 1148 459 4696 2273 272 689 187 668 374 346 1899 1295 604 22572 14435 2423 13862 51584 2384 573 2362 1030 648 390 258 382 144
is_linear=0
shrinkage=0.05


Tree=53
num_leaves=31
num_cat=0
split_feature=2 3 0 5 0 0 0 2 2 5 0 11 5 7 7 0 0 7 7 2 7 0 0 7 0 7 5 2 0 0
split_gain=558.422 201.937 399.912 91.4826 70.2642 28.1429 14.4053 8.68501 16.3735 8.62173 86.8854 5.23945 4.81189 1.46106 1.17575 0.693837 0.127123 0.205266 0.00302209 0.00180001 0.00123059 0.00112955 0.000488665 5.71821e-05 3.5043e-05 1.76183e-05 9.03744e-06 6.62545e-06 6.52587e-06 4.85918e-06
threshold=401.50000000000006 2.5000000000000004 15105.005000000003 0.65450000000000019 11883.435000000001 28815.715000000004 12761.115000000002 89.500000000000014 59.500000000000007 0.65450000000000019 11883.435000000001 1.0000000180025095e-35 0.9425 26.850000000000005 26.850000000000005 15105.005000000003 113.46500000000002 21.150000000000002 120.35000000000001 34.500000000000007 118.95000000000002 136.93000000000004 11883.435000000001 118.95000000000002 17757.770000000004 24.050000000000004 0.93550000000000011 7.5000000000000009 21807.355000000003 21807.355000000003
decision_type=2 2 2 2 2 2 2 2 2 2 2 2 2 2 2 2 2 2 2 2 2 2 2 2 2 2 2 2 2 2
left_child=1 2 3 16 18 7 -6 8 -4 19 20 -9 13 -7 -12 -16 -1 -18 -5 25 21 -11 -2 24 26 27 -24 -3 -26 -25
right_child=22 9 5 4 6 12 -8 11 -10 10 14 -13 -14 -15 15 -17 17 -19 -20 -21 -22 -23 23 29 28 -27 -28 -29 -30 -31
leaf_value=0.053692249808933737 -0.050155285301477441 0.053281573099332784 -0.049208592212532237 -0.050744463576481262 0.027573817391369711 0.036808361322925184 -0.015023248521920843 0.025140728076128521 0.032301750510263794 -0.053551161229645788 0.035537348686000371 0.042367808796429124 0.029184718039901178 0.052081964877506173 0.04274901818434599 0.052211191824742431 0.05335097923511363 0.038735131110758506 -0.050150822914291772 0.052781760470967755 -0.050181840806109136 -0.051473444409876085 -0.050520265414423261 -0.050251854361701681 -0.050631753580798834 0.053331615992503002 -0.050262117476163527 0.053261293409711766 -0.050772496155815833 -0.050408086398077007
leaf_weight=25.832771420478821 155.8127131126821 1976.1771060824394 9.7517184084281343 157.52392159868032 38.61005194671452 16.13780514895916 40.842346762306988 97.017185154370964 16.732634460553527 0.6768574919551672 11.750685058534144 80.976252250373363 24.984250724315643 526.14382420480251 20.645842060446739 314.45229628309608 5.5265893107280117 4.249128732830286 24.816234054742381 18.173061609268188 1.808961113449185 19.492872137809172 2.9633749024942504 1.3464868620503696 1.3498524310998621 17.450826406478882 0.38283812790177751 41.112609326839447 2.1126981722190976 0.78951994003728021
leaf_count=28 50554 2294 40 14626 71 19 155 177 24 13 15 100 35 525 24 342 8 46 8292 24 560 930 300 282 114 20 90 48 144 100
internal_value=0.0397769 0.0440223 0.0259233 -0.0233372 -0.0335647 0.0449064 0.00567688 0.0290031 0.00228909 0.0520126 0.0449742 0.032978 0.050639 0.0516274 0.0510831 0.0516282 0.0518545 0.046998 -0.0506637 0.0532772 -0.0514311 -0.0515432 -0.0501759 -0.0505353 -0.0506061 0.0532816 -0.0504907 0.0532812 -0.0507176 -0.0503096
internal_weight=3655.64 3490.89 1069.14 297.401 261.793 771.744 79.4524 204.478 26.4844 2421.74 368.828 177.993 567.266 542.282 346.849 335.098 35.6085 9.77572 182.34 2052.91 21.9787 20.1697 164.757 8.94477 6.80876 2034.74 3.34621 2017.29 3.46255 2.13601
internal_count=80000 28416 24146 23226 23144 920 226 341 64 4270 1884 277 579 544 381 366 82 54 22918 2386 1503 943 51584 1030 648 2362 390 2342 258 382
is_linear=0
shrinkage=0.05


Tree=54
num_leaves=31
num_cat=0
split_feature=3 7 10 5 4 7 5 7 7 10 4 5 4 1 10 1 7 3 7 4 5 5 7 12 9 4 4 1 7 3
split_gain=389.007 156.807 95.9471 80.9477 55.1426 48.0473 14.7459 19.3777 16.0716 11.8706 3.85082 2.40691 2.12397 0.826633 0.391664 0.288417 0.424697 0.264645 0.374488 0.172501 0.158367 0.0656879 0.0588022 0.130391 0.0183021 0.00376039 0.000541335 0.000811763 0.0007168 0.000569024
threshold=2.5000000000000004 120.35000000000001 1.5000000000000002 0.95050000000000001 4.5000000000000009 24.750000000000004 0.65450000000000019 120.35000000000001 24.750000000000004 1.5000000000000002 2.5000000000000004 0.71650000000000003 5.5000000000000009 20.500000000000004 2.5000000000000004 22.500000000000004 105.35000000000001 1.5000000000000002 66.65000000000002 5.5000000000000009 0.9425 0.95650000000000002 17.750000000000004 1.0000000180025095e-35 1.0000000180025095e-35 6.5000000000000009 3.5000000000000004 18.500000000000004 149.15000000000001 6.5000000000000009
decision_type=2 2 2 2 2 2 2 2 2 2 2 2 2 2 2 2 2 2 2 2 2 2 2 2 2 2 2 2 2 2
left_child=1 2 3 4 5 -1 25 8 11 10 -10 -8 -6 -13 15 19 -17 18 -5 -4 -11 -19 23 -16 -24 -2 27 -9 -29 -28
right_child=6 -3 14 17 12 -7 7 26 9 20 -12 13 -14 -15 22 16 -18 21 -20 -21 -22 -23 24 -25 -26 -27 29 28 -30 -31
leaf_value=-0.067752087953931922 0.052361667514123481 -0.050461533986604107 -0.058609398858684984 -0.059527658093006031 0.040810578687723149 0.021067218483367577 -0.25444453891986391 -0.050687936903858637 0.053674165367908894 -0.050484140104832688 0.042019843524712573 -0.055962619256861079 0.049690282131874763 -0.13610975508576736 -0.050191213017036468 -0.069945908864483639 -0.14282235906961441 -0.06724081287010801 -0.073802949933109749 -0.084516434999620221 -0.079484176899406303 -0.053674793222373535 -0.053624819380564216 -0.093358276281274466 -0.050210481812543464 0.053112317081323329 -0.05027554910749206 -0.054105675019203929 -0.050142574977406332 -0.054511791341433503
leaf_weight=15.544050458585842 16.828484797850251 82.266734635224566 14.588023025309665 9.0265970707405412 126.51480475091375 744.85506357485428 0.19162251241505091 1.1889227076899249 98.388569951057434 2.3013090726453806 253.50269494275562 1.8582035594154152 143.98440883937292 0.38908261014148582 0.50935645471327262 0.96523601096123524 0.25213556038215756 1.0384568420704443 9.3560138861648721 0.6721388397272684 0.59183681290596712 6.3408404113724828 5.1241594713646945 0.26644744048826396 16.770062834955752 1942.0930070281029 3.7011394847650085 0.40557206957601 0.15875680185854435 0.081004946492612251
leaf_count=2562 27 26044 3472 2072 1420 25589 14 359 105 496 2395 217 549 35 166 165 14 199 2086 69 110 1465 1345 7 5326 2362 1225 47 56 2
internal_value=0.0395166 0.0161151 0.0211133 0.023961 0.0261487 0.0192516 0.0513911 0.0421313 0.0435698 0.0444491 0.0452784 -0.0843431 0.0455372 -0.0698388 -0.0557527 -0.0616189 -0.0850397 -0.0635824 -0.0667932 -0.0597505 -0.0564165 -0.0555839 -0.0514889 -0.0650168 -0.0510096 0.0531059 -0.0507029 -0.0514292 -0.0529908 -0.0503663
internal_weight=3499.75 1178.07 1095.81 1056.66 1030.9 760.399 2321.68 362.759 357.223 354.784 351.891 2.43891 270.499 2.24729 39.1476 16.4775 1.21737 25.7619 18.3826 15.2602 2.89315 7.3793 22.67 0.775804 21.8942 1958.92 5.5354 1.75325 0.564329 3.78214
internal_count=80000 72550 46506 35942 30120 28151 7450 5061 3372 3106 2500 266 1969 252 10564 3720 179 5822 4158 3541 606 1664 6844 173 6671 2389 1689 462 103 1227
is_linear=0
shrinkage=0.05


Tree=55
num_leaves=31
num_cat=0
split_feature=3 0 5 5 0 7 0 0 5 0 4 4 3 0 0 7 0 4 0 4 0 7 5 4 7 7 4 0 5 4
split_gain=383.684 617.802 106.294 59.8007 45.5051 43.7744 37.2816 36.1492 15.5147 114.471 12.8415 12.584 10.9545 2.5756 1.32722 1.56017 1.26027 0.668409 0.581414 3.10723 0.160697 0.0409059 0.00487288 0.00414032 0.00305952 0.00178173 0.00151058 0.0010698 0.00069409 0.000380394
threshold=2.5000000000000004 13729.490000000002 0.65450000000000019 0.95050000000000001 11883.435000000001 24.750000000000004 28815.715000000004 12761.115000000002 0.65450000000000019 11883.435000000001 4.5000000000000009 2.5000000000000004 1.5000000000000002 28815.715000000004 43105.460000000014 28.150000000000002 43105.460000000014 2.5000000000000004 136.93000000000004 6.5000000000000009 21807.355000000003 40.850000000000001 0.9275000000000001 6.5000000000000009 120.35000000000001 118.95000000000002 5.5000000000000009 113.46500000000002 0.94850000000000001 4.5000000000000009
decision_type=2 2 2 2 2 2 2 2 2 2 2 2 2 2 2 2 2 2 2 2 2 2 2 2 2 2 2 2 2 2
left_child=1 2 18 5 24 -3 12 11 23 25 -9 -6 -7 20 15 -11 -8 -17 -1 -20 21 -5 29 -2 26 27 -4 -10 -29 -16
right_child=8 3 4 13 7 6 16 10 9 14 -12 -13 -14 -15 22 17 -18 -19 19 -21 -22 -23 -24 -25 -26 -27 -28 28 -30 -31
leaf_value=0.053359829224497092 0.052145352128911061 -0.11975756475958643 -0.050493467528710624 -0.07103278164285462 0.043919924260494139 0.017077920966478168 0.047442006122144317 -0.10280648339887549 -0.053226181091130878 0.025198762537936688 0.033259230632866156 -0.016583361983593753 0.039351244832224165 -0.12546209768295202 0.053276584126755011 0.053716496534819462 0.052928347283378731 0.045963963906885931 -0.050876531333207423 0.053089678107411123 -0.083945429876591718 -0.060058959263807381 0.054109187394721862 0.052951326262506641 -0.050136691989141918 -0.050148235037746958 -0.051273893305488163 -0.051225637345402114 -0.050246007328998893 0.053110273693998268
leaf_weight=28.000275731086731 16.072487821802497 4.0939341271296135 233.71390383690596 1.2549623826052978 25.958225291222334 123.22867875243537 143.94669058220461 9.2733360538259131 0.63563482509926572 7.8781916275620452 2.132873428054153 12.847668436588718 99.999866468133405 3.254409889690578 102.20330941677094 38.12911719083786 383.66485652048141 102.66527025634423 0.87235755729488929 4.0792643427848816 1.2953424761071799 2.6264599550049752 17.147712886333466 1852.8507509827614 69.137164301471785 4.768470970215275 6.369409294333308 23.157524422043938 1.9612740208394814 51.81258882349357
leaf_count=33 27 39 44175 16 118 592 212 188 24 17 7 110 271 22 119 40 417 180 138 5 35 92 18 2362 25444 1703 636 2402 494 64
internal_value=0.0389684 0.0156074 -0.0353812 0.0418165 -0.0432607 0.0432954 0.0441845 0.00088832 0.0511343 0.0414788 -0.0773632 0.0238888 0.0270557 -0.0906077 0.0503078 0.0468519 0.0514315 0.0480635 0.0505669 0.0347733 -0.0686962 -0.0636071 0.0533097 0.0529444 -0.0504298 -0.051036 -0.0505142 -0.0512004 -0.0511491 0.0532206
internal_weight=3375.03 1155.75 392.384 763.365 359.433 754.934 750.84 50.2121 2219.28 350.359 11.4062 38.8059 223.229 8.43117 319.836 148.673 527.612 140.794 32.9519 4.95162 5.17676 3.88142 171.164 1868.92 309.22 30.5229 240.083 25.7544 25.1188 154.016
internal_count=80000 72550 70854 1696 70678 1531 1492 423 7450 5061 195 228 863 165 438 237 629 220 176 143 143 108 201 2389 70255 4623 44811 2920 2896 183
is_linear=0
shrinkage=0.05


Tree=56
num_leaves=31
num_cat=0
split_feature=2 3 0 5 0 0 0 5 0 2 2 11 5 7 0 2 2 0 0 0 7 5 7 7 0 7 0 7 0 5
split_gain=484.627 191.225 354.066 78.7666 63.0361 29.0075 12.5568 8.86201 75.1066 8.23401 14.7724 5.18999 4.71423 4.8201 1.27823 3.39076 0.161876 0.339022 0.401033 0.125272 0.198723 0.00411898 0.00236071 0.000894793 0.000893931 0.000578061 0.000485611 5.87388e-05 3.47383e-05 8.5653e-06
threshold=401.50000000000006 2.5000000000000004 15105.005000000003 0.65450000000000019 11883.435000000001 28815.715000000004 12761.115000000002 0.71250000000000002 11883.435000000001 89.500000000000014 59.500000000000007 1.0000000180025095e-35 0.9425 25.450000000000003 43105.460000000014 119.50000000000001 59.500000000000007 43105.460000000014 28815.715000000004 113.46500000000002 21.150000000000002 0.9275000000000001 120.35000000000001 118.95000000000002 147.17500000000004 25.450000000000003 11883.435000000001 118.95000000000002 17757.770000000004 0.93550000000000011
decision_type=2 2 2 2 2 2 2 2 2 2 2 2 2 2 2 2 2 2 2 2 2 2 2 2 2 2 2 2 2 2
left_child=1 2 3 19 22 9 -6 16 23 10 -4 -11 13 -7 15 -10 25 18 -18 -1 -21 -16 -5 24 -9 -3 -2 28 29 -28
right_child=26 7 5 4 6 12 -8 8 14 11 -12 -13 -14 -15 21 -17 17 -19 -20 20 -22 -23 -24 -25 -26 -27 27 -29 -30 -31
leaf_value=0.053171170060170775 -0.050137906868287611 0.052797758490395565 -0.048099047929804677 -0.050692984250988317 0.024844570458154427 -0.0028413177321961617 -0.015473843081230702 -0.05320400103138611 0.029903856448110958 0.02302716972993037 0.030178089720258289 0.04072584983741484 0.027702040348113324 0.051236554418779182 0.053057204991153767 0.050232975573029442 0.027347922813595566 0.053061565415730143 0.053301688818125609 0.052807953043071926 0.037511298870013254 0.053896740840687768 -0.050129717514585073 -0.050157266282590207 -0.051378354867747937 0.052490333842051373 -0.050508639869456487 -0.050285530858687283 -0.050710275903715234 -0.050244080990582543
leaf_weight=22.572434008121494 137.89241741085425 1768.1789771318436 9.696363312192263 143.98748536151834 37.483586365357041 4.1561556160449973 39.83298970432952 0.69743726123124972 25.159057710319757 92.021531201899052 15.92835379950702 75.329046099446714 23.199782896786928 481.1486545316875 135.61334961652756 111.0408263579011 3.4858739897608784 11.335691928863524 2.5974612236022949 4.8311219224706274 3.7879904387518764 16.374078750610352 21.361513044219464 1.4485312332399178 17.372496667318046 15.424410279840229 2.8584054275415824 1.9452065187506375 3.3729981230571866 0.34261145815253247
leaf_count=28 50554 2364 40 14626 71 8 155 15 41 177 24 100 35 536 168 133 75 14 3 8 46 18 8292 524 889 26 300 382 258 90
internal_value=0.0387216 0.0429411 0.0246343 -0.0235805 -0.0331943 0.0434573 0.00407279 0.0514085 0.0435666 0.0269523 0.000558111 0.0309938 0.0497208 0.0507734 0.0499954 0.0464777 0.0527483 0.0479516 0.0384297 0.0512131 0.0460853 0.0531477 -0.0506202 -0.051353 -0.0514488 0.0527951 -0.0501605 -0.0505269 -0.0505983 -0.0504803
internal_weight=3230.48 3084.07 975.337 273.857 242.666 701.48 77.3166 2108.73 307.706 192.975 25.6247 167.351 508.505 485.305 288.187 136.2 1801.02 17.419 6.08334 31.1915 8.61911 151.987 165.349 19.5185 18.0699 1783.6 146.412 8.51922 6.57402 3.20102
internal_count=80000 28416 24146 23226 23144 920 226 4270 1788 341 64 277 579 544 360 174 2482 92 78 82 54 186 22918 1428 904 2390 51584 1030 648 390
is_linear=0
shrinkage=0.05


Tree=57
num_leaves=31
num_cat=0
split_feature=2 4 0 0 3 5 0 5 0 5 4 0 2 7 3 0 0 7 3 3 5 4 0 5 7 7 0 5 0 0
split_gain=458.209 187.711 412.04 55.8445 23.9619 11.6216 90.4385 10.7499 8.72596 7.94883 7.25402 2.47542 0.904961 0.604103 0.497706 4.20573 3.53703 0.00204895 0.00160107 0.000833577 0.00063626 0.000537097 0.000417668 0.000189253 5.04888e-05 3.73355e-05 2.98502e-05 7.36163e-06 5.21632e-06 3.36166e-06
threshold=401.50000000000006 4.5000000000000009 11883.435000000001 21807.355000000003 1.5000000000000002 0.65450000000000019 12761.115000000002 0.75550000000000017 43105.460000000014 0.93150000000000011 1.5000000000000002 17757.770000000004 69.500000000000014 26.850000000000005 2.5000000000000004 11883.435000000001 11883.435000000001 120.35000000000001 2.5000000000000004 2.5000000000000004 0.95050000000000001 6.5000000000000009 11883.435000000001 0.94850000000000001 118.95000000000002 24.050000000000004 17757.770000000004 0.93550000000000011 21807.355000000003 21807.355000000003
decision_type=2 2 2 2 2 2 2 2 2 2 2 2 2 2 2 2 2 2 2 2 2 2 2 2 2 2 2 2 2 2
left_child=1 2 17 4 7 19 14 -4 9 -5 -6 -8 -13 -10 15 -7 -16 18 20 -3 -1 -21 -2 -20 26 -23 27 -24 -28 -26
right_child=22 5 3 8 10 6 11 -9 13 -11 -12 12 -14 -15 16 -17 -18 -19 23 21 -22 25 24 -25 29 -27 28 -29 -30 -31
leaf_value=-0.05064640767841902 -0.05013116275825602 0.052921670675427523 -0.047354117716307459 0.042098661409776424 0.056798172760074719 -0.050991657021959513 0.033279694852817503 0.0034645839222915693 0.039793514449237864 0.0080878474799398123 0.024947190149299209 0.040231748452341953 0.051976839637123962 0.052328583590679281 -0.0514117491070816 -0.18937156417771264 0.053391531102897141 -0.050124686063664728 -0.051325648425577963 0.052350189244727896 -0.050158286877356885 0.052654455343074946 -0.05048360378656086 -0.050271210523496514 -0.050219527247731745 0.052732758554031867 -0.050595559858165565 -0.050232160933221651 -0.050726198262637634 -0.050358837591983854
leaf_weight=117.71216737665236 131.1845246325247 29.270341681316495 12.066840755753217 200.6960657723248 22.851905822753906 14.026367764687166 20.707535278983414 75.624148437287658 9.8985735476016981 18.787657603621483 82.09833211125806 17.536399006843567 253.19800345227122 331.58764582872391 8.7480565668083692 0.57144921645522195 0.88665819168090898 19.973170478595421 9.4860300619620794 14.560818411409853 7.0774569073691955 1670.3620116114616 2.7203137569595115 0.44552767206914801 1.1597618681844322 15.363086998462675 1.253546277061105 0.32597748655825842 1.9571140520274637 0.69107763841748227
leaf_count=11547 50554 39 49 260 17 1291 28 223 12 39 170 25 321 378 603 4 1 8137 473 22 2315 2341 300 100 282 21 114 90 144 100
internal_value=0.0384673 0.0426467 0.023732 0.0389897 0.0157633 0.0510469 0.0422246 -0.00352839 0.0469658 0.0391874 0.0318824 0.0499417 0.0512161 0.0519652 -0.0505872 -0.0564087 -0.041767 -0.0505973 -0.0506674 0.0526571 -0.0506187 0.0526526 -0.0501527 -0.0512783 -0.050501 0.0526552 -0.0505688 -0.0504567 -0.0506752 -0.0502715
internal_weight=3092.83 2953.54 908.306 753.611 192.641 2045.23 315.674 87.691 560.97 219.484 104.95 291.442 270.734 341.486 24.2325 14.5978 9.63471 154.694 134.721 1729.56 124.79 1700.29 139.292 9.93156 8.10779 1685.73 6.25695 3.04629 3.21066 1.85084
internal_count=80000 28416 23720 1148 459 4696 2273 272 689 299 187 374 346 390 1899 1295 604 22572 14435 2423 13862 2384 51584 573 1030 2362 648 390 258 382
is_linear=0
shrinkage=0.05


Tree=58
num_leaves=31
num_cat=0
split_feature=3 0 0 7 0 0 0 10 4 4 0 0 4 4 4 0 4 0 0 7 7 6 11 0 7 12 4 1 4 12
split_gain=341.824 512.968 69.9597 46.4081 41.6037 41.5398 32.1357 22.9814 21.4942 12.7406 46.5627 46.5216 11.6097 11.5648 10.9824 3.30833 1.72179 1.70052 1.47295 1.75117 0.543104 1.20582 0.482189 0.366617 0.290761 0.148704 0.468253 0.129093 0.0812596 0.0980977
threshold=2.5000000000000004 13729.490000000002 160.37500000000003 24.750000000000004 28815.715000000004 11883.435000000001 12761.115000000002 1.5000000000000002 4.5000000000000009 7.5000000000000009 11883.435000000001 160.37500000000003 2.5000000000000004 4.5000000000000009 3.5000000000000004 43105.460000000014 3.5000000000000004 21807.355000000003 43105.460000000014 43.650000000000013 26.850000000000005 2.5000000000000004 1.0000000180025095e-35 21807.355000000003 97.750000000000014 1.0000000180025095e-35 8.5000000000000018 22.500000000000004 8.5000000000000018 2.5000000000000004
decision_type=2 2 2 2 2 2 2 2 2 2 2 2 2 2 2 2 2 2 2 2 2 2 2 2 2 2 2 2 2 2
left_child=1 2 8 17 7 -4 12 14 -1 10 11 20 -7 -8 -5 16 -6 -3 19 23 -2 -22 -21 -12 -9 26 -10 -17 29 -11
right_child=9 3 5 4 15 6 13 24 25 28 18 -13 -14 -15 -16 27 -18 -19 -20 22 21 -23 -24 -25 -26 -27 -28 -29 -30 -31
leaf_value=-0.050399110728267776 0.052037723989905763 -0.076705276760006949 -0.050369556768753265 0.0165643029915702 0.038082801246317313 0.041608455972980615 -0.099375752489866909 -0.084242451772696375 0.020467020645463657 0.043272673101962193 0.026054758941654495 -0.0508404277874005 -0.017079327423528478 0.031952963858110396 0.040102388728315064 0.052283694729563082 0.049843083328056211 -0.13565047056601398 0.052826433511102493 0.044985206747016733 -0.0015715822699102037 0.052567450511994164 0.051645480799793121 0.038609805043297682 -0.05859888359851239 0.052790026618395935 0.052564743581527532 0.047784448241839923 0.052511582267236304 0.05255203544107917
leaf_weight=6.40784584195353 18.061634859070185 2.0898444121703497 260.3399661827134 129.96312683005817 79.558025985024869 25.048272885615006 9.0227425009943527 4.0620189688634118 1.5655540605075682 5.2701825948897731 10.071609104517847 25.10887077182997 12.699159054085611 2.0588315350469193 80.097217910224572 319.27931127371266 51.122427886817604 2.9517314922995865 148.82726205093786 55.107476944569498 1.6363042234443117 2.7688069343566895 53.613906361628324 13.756421625614166 1.5186756001785395 22.706160428235307 4.1435295939445496 16.780718250200152 1588.9810795676894 6.1973757743835449
leaf_count=1560 29 26 68751 679 151 118 188 54 80 46 26 4478 110 7 200 398 78 25 201 112 98 4 76 22 63 34 6 22 2349 9
internal_value=0.0382179 0.014982 -0.0348647 0.0399256 0.0410423 -0.0424323 -0.000113236 0.022879 0.0323221 0.0506393 0.0416772 -0.00407103 0.0218645 -0.0749764 0.0255395 0.049434 0.0426834 -0.111216 0.0494124 0.0455791 0.0481985 0.0324572 0.0482696 0.0333031 -0.0772641 0.0509763 0.0437629 0.052059 0.0524813 0.0482875
internal_weight=2960.82 1031.42 343.992 687.423 682.382 309.169 48.829 215.641 34.8231 1929.4 328.952 47.5756 37.7474 11.0816 210.06 466.74 130.68 5.04158 281.377 132.549 22.4667 4.40511 108.721 23.828 5.58069 28.4152 5.70908 336.06 1600.45 11.4676
internal_count=80000 72550 70854 1696 1645 69174 423 996 1680 7450 5046 4609 228 195 879 649 229 51 437 236 131 102 188 48 117 120 86 420 2404 55
is_linear=0
shrinkage=0.05


Tree=59
num_leaves=31
num_cat=0
split_feature=3 0 0 0 0 0 10 7 7 4 0 0 4 4 4 0 4 3 0 7 7 7 6 11 0 7 1 12 4 1
split_gain=328.906 481.326 66.0977 45.6629 40.8185 29.5263 21.6184 20.4098 15.6633 12.4709 43.9028 44.1012 10.6678 10.6398 10.5939 4.11864 2.42053 2.36155 1.55141 1.77413 0.756047 0.55198 1.17516 0.504345 0.365117 0.246815 0.207332 0.156183 0.47389 0.132074
threshold=2.5000000000000004 13729.490000000002 160.37500000000003 28815.715000000004 11883.435000000001 12761.115000000002 1.5000000000000002 30.250000000000004 25.450000000000003 7.5000000000000009 11883.435000000001 160.37500000000003 2.5000000000000004 4.5000000000000009 3.5000000000000004 43105.460000000014 3.5000000000000004 1.5000000000000002 43105.460000000014 43.650000000000013 26.150000000000002 26.850000000000005 2.5000000000000004 1.0000000180025095e-35 21807.355000000003 97.750000000000014 15.500000000000002 1.0000000180025095e-35 8.5000000000000018 22.500000000000004
decision_type=2 2 2 2 2 2 2 2 2 2 2 2 2 2 2 2 2 2 2 2 2 2 2 2 2 2 2 2 2 2
left_child=1 2 7 6 -4 12 8 27 -3 10 11 21 -6 -7 -10 16 17 -5 19 24 -17 -2 -23 -21 -12 -8 -18 28 -1 -22
right_child=9 3 4 15 5 13 25 -9 14 -11 18 -13 -14 -15 -16 20 26 -19 -20 23 29 22 -24 -25 -26 -27 -28 -29 -30 -31
leaf_value=0.01984335725993178 0.051871273169220515 -0.085674391353336959 -0.050351583940834568 0.027113952532261794 0.040168612033453177 -0.096261307980572322 -0.082094510386581679 -0.050418741237428392 0.015889195913882704 0.052349095254977919 0.02527783906922252 -0.050799464085558105 -0.016123492397438634 0.03102398592367115 0.039257296837041357 0.036329615753704657 0.051538055617369197 0.044537598033705224 0.052680810847534836 0.044444126500266523 0.052005613157247624 -0.0014931312758707483 0.052435976830153934 0.051399665092167035 0.037971855084428761 -0.058205517087658254 0.044373868677952372 0.052664455131247928 0.052433433923288378 0.047356491796288425
leaf_weight=1.5542205302044774 17.234505379572514 3.2658427304122588 247.729206178803 41.493646417744458 24.658888945123181 8.8532412109198031 4.2162266259547314 6.1056841260287902 128.81493105413392 1526.142273864476 9.8673825776204467 23.903070842730813 12.777322071371598 2.0155728876125059 77.789556900970638 8.1370927942916733 34.765832801815122 36.601888505276293 141.95031555881724 53.042022112756968 297.54033823125064 1.6361672712955613 2.6402074694633484 51.236902678385377 13.299823805689812 1.4541252427734432 14.23345370730385 21.653433614643291 3.9510685801506042 16.10294328071177
leaf_count=132 29 40 68751 99 118 188 56 1509 676 2404 26 4478 110 7 200 13 54 59 201 112 390 98 4 76 22 63 24 33 6 22
internal_value=0.037967 0.0147853 -0.034644 0.0392834 -0.0421531 -0.00010755 0.0203674 0.0321826 0.0229703 0.05048 0.0414192 -0.00405797 0.0209556 -0.0726568 0.0246876 0.0483665 0.0407457 0.0352801 0.0490855 0.0450811 0.0513765 0.0478816 0.0318024 0.0478617 0.0325652 -0.0759683 0.049457 0.0507526 0.0432328 0.0517669
internal_weight=2834.67 993.715 329.299 664.416 296.034 48.305 215.541 33.2644 209.87 1840.95 314.81 45.414 37.4362 10.8688 206.604 448.875 127.095 78.0955 269.396 127.446 321.78 21.5109 4.27637 104.279 23.1672 5.67035 48.9993 27.1587 5.50529 313.643
internal_count=80000 72550 70854 1696 69174 423 1035 1680 916 7450 5046 4609 228 195 876 661 236 158 437 236 425 131 102 188 48 119 78 171 138 412
is_linear=0
shrinkage=0.05


Tree=60
num_leaves=31
num_cat=0
split_feature=2 4 0 0 3 4 0 0 0 0 4 3 11 7 0 0 7 7 2 2 0 7 3 4 3 0 7 9 0 7
split_gain=390.32 173.497 342.25 54.2804 21.5735 9.93156 27.125 19.6489 9.26395 9.02916 7.36758 6.55102 6.17287 1.88138 26.6196 0.909293 0.893287 0.666361 0.463036 0.104053 0.230653 0.00130779 0.00104797 0.000782352 0.000714167 0.000438157 0.000245398 0.000179861 0.000146513 4.81959e-05
threshold=401.50000000000006 4.5000000000000009 11883.435000000001 21807.355000000003 1.5000000000000002 5.5000000000000009 15105.005000000003 147.17500000000004 43105.460000000014 12761.115000000002 1.5000000000000002 1.5000000000000002 2.5000000000000004 30.250000000000004 13729.490000000002 43105.460000000014 43.650000000000013 30.250000000000004 99.500000000000014 34.500000000000007 136.93000000000004 120.35000000000001 2.5000000000000004 7.5000000000000009 2.5000000000000004 11883.435000000001 120.35000000000001 1.0000000180025095e-35 147.17500000000004 118.95000000000002
decision_type=2 2 2 2 2 2 2 2 2 2 2 2 2 2 2 2 2 2 2 2 2 2 2 2 2 2 2 2 2 2
left_child=1 2 21 4 9 6 7 -3 11 -4 -6 -5 -9 19 26 16 -8 -10 -16 23 -21 22 27 -7 -17 -2 -15 -1 -24 -27
right_child=25 5 3 8 10 13 15 12 17 -11 -12 -13 -14 14 18 24 -18 -19 -20 20 -22 -23 28 -25 -26 29 -28 -29 -30 -31
leaf_value=-0.05054548543925811 -0.050112900867220936 0.048012014802005454 0.021865578311908482 0.026789474967082557 0.05616819903928031 0.051917522078277593 0.03336326255455975 -0.04930907241545681 0.041072906608189019 -0.014432384996692478 0.0227214949614532 0.045066690489240488 0.033339030369816551 -0.051292741852441731 0.043026695106756913 0.052803293657449735 0.04766794722931008 0.051744901593654663 0.052319679678563741 0.052130978816458444 0.040761866788160239 -0.050107306678757596 -0.052425568615789397 0.052268090177647032 0.052457603607874471 -0.050566834603485801 -0.050159935072487595 -0.050220305542921187 -0.051073339288338564 -0.05027196902393255
leaf_weight=103.21280669036787 112.96072634693701 10.819436124060305 23.627191104926169 85.29713186994195 20.924058616161346 16.090402933303267 14.622375156730412 15.412803592160346 15.425323870033024 62.32779322238639 77.258822542149574 115.29385770484805 2.6472774101421228 6.1699757312890133 15.272677693516014 41.154552042484283 43.031002510339022 282.66101766750216 109.57098193466663 14.992069598287346 6.3509733157698056 17.192496342817321 0.20521207433193822 1457.0464596152306 23.455812096595764 6.0492817894555619 0.51823366875760246 4.435087108751758 8.3966808457626012 1.7976105910493059
leaf_count=12146 50554 37 49 140 17 29 22 1263 21 223 170 159 52 313 26 55 58 369 161 25 49 8137 6 2355 36 648 215 1716 567 382
internal_value=0.037713 0.0418053 0.022723 0.0370358 0.0138363 0.0505699 0.0383101 -0.00527261 0.0456022 -0.00445485 0.0298494 0.0372947 -0.0371944 0.0517095 0.0459766 0.0486046 0.0440399 0.0511926 0.0511828 0.052214 0.0487479 -0.0505143 -0.0505745 0.0522643 0.0526778 -0.050138 -0.051205 -0.0505321 -0.0511056 -0.0504993
internal_weight=2714.22 2593.41 816.257 682.815 184.138 1777.16 151.143 28.8795 498.677 85.955 98.1829 200.591 18.0601 1626.01 131.532 122.264 57.6534 298.086 124.844 1494.48 21.343 133.442 116.25 1473.14 64.6104 120.808 6.68821 107.648 8.60189 7.84689
internal_count=80000 28416 23720 1148 459 4696 1523 1352 689 272 187 299 1315 3173 715 171 80 390 187 2458 74 22572 14435 2384 91 51584 528 13862 573 1030
is_linear=0
shrinkage=0.05


Tree=61
num_leaves=31
num_cat=0
split_feature=2 4 0 0 5 3 5 0 0 5 0 1 2 7 3 0 0 7 3 3 4 0 5 0 7 7 0 0 5 7
split_gain=368.991 169.422 321.348 53.4434 20.7919 20.1049 11.0543 73.9239 9.57076 9.52531 2.928 2.35997 1.04886 0.691065 0.477858 3.20214 2.94665 0.00112464 0.000900526 0.000442199 0.000438531 0.000376942 0.000348192 0.000125595 4.14402e-05 3.52887e-05 2.82598e-05 5.86951e-06 5.38373e-06 3.29614e-06
threshold=401.50000000000006 4.5000000000000009 11883.435000000001 21807.355000000003 0.9385 1.5000000000000002 0.65450000000000019 12761.115000000002 43105.460000000014 0.93350000000000011 17757.770000000004 4.5000000000000009 69.500000000000014 30.250000000000004 2.5000000000000004 11883.435000000001 11883.435000000001 120.35000000000001 2.5000000000000004 2.5000000000000004 6.5000000000000009 11883.435000000001 0.95050000000000001 147.17500000000004 118.95000000000002 24.050000000000004 17757.770000000004 28815.715000000004 0.93550000000000011 26.850000000000005
decision_type=2 2 2 2 2 2 2 2 2 2 2 2 2 2 2 2 2 2 2 2 2 2 2 2 2 2 2 2 2 2
left_child=1 2 17 4 5 -4 19 14 9 -5 -9 -6 -12 -10 16 -16 -8 18 22 -3 -21 -2 -1 -20 26 -22 28 29 -23 -28
right_child=21 6 3 8 11 -7 7 10 13 -11 12 -13 -14 -15 15 -17 -18 -19 23 20 25 24 -24 -25 -26 -27 27 -29 -30 -31
leaf_value=-0.050528500415257666 -0.050107381999870082 0.05236543314219555 -0.00081002024184204178 0.039901324548823669 -0.016077464897286464 0.033337863702191925 -0.050824764728488452 0.029585694071831387 0.040455851414880985 -2.8591717699985282e-05 0.037487417966222368 -0.074218676011596693 0.051137182705147249 0.051520088793309354 -0.051238535167542447 0.053088760161002571 -0.163249025485706 -0.05010206250168181 -0.052302345829903812 0.051850166608684793 0.052152193268958903 -0.050447343584914886 -0.05012947943859402 -0.051020122544941753 -0.05025865203527688 0.052235660328770389 -0.050359990905710708 -0.050771200605678073 -0.050221385779543361 -0.050620762541115638
leaf_weight=96.654517550952733 107.46310355828609 24.312830263748765 81.696669229306281 178.27569391578436 2.3306812886148673 91.244800005108118 11.660568786319345 18.581562783569098 14.891192961484192 16.301283162087202 15.075286630541084 6.9493925981223583 211.82538714259863 270.01925000920892 7.394479360082185 0.81674063205718983 0.613505123183132 16.355676910374314 0.19565204950049331 12.061297187581657 1380.5167383551598 2.4537194806616749 5.7950253817252806 7.995290704886429 1.7103817387251181 12.780477583408354 0.12832468189299184 0.70398412225767959 0.29534416086971749 2.1759773935191333
leaf_count=11547 50554 39 221 261 21 151 1291 28 21 38 25 66 321 369 603 1 4 8137 6 22 2341 300 2315 567 382 21 21 49 90 188
internal_value=0.0374557 0.0415076 0.0223625 0.0363442 0.0132942 0.0172066 0.0504127 0.0410528 0.045104 0.0365561 0.0486676 -0.0596166 0.0502303 0.0509418 -0.0501981 -0.0408615 -0.0564442 -0.0504891 -0.0505463 0.052154 0.0521504 -0.0501313 -0.0505059 -0.0510508 -0.0504748 0.052153 -0.0505389 -0.0506448 -0.0504231 -0.0506062
internal_weight=2599.27 2484.34 788.705 661.709 182.222 172.941 1695.64 265.968 479.487 194.577 245.482 9.28007 226.901 284.91 20.4853 8.21122 12.2741 126.996 110.64 1429.67 1405.36 114.931 102.45 8.19094 7.46773 1393.3 5.75735 3.00829 2.74906 2.3043
internal_count=80000 28416 23720 1148 459 372 4696 2273 689 299 374 87 346 390 1899 604 1295 22572 14435 2423 2384 51584 13862 573 1030 2362 648 258 390 209
is_linear=0
shrinkage=0.05


Tree=62
num_leaves=31
num_cat=0
split_feature=2 3 0 5 0 0 2 2 2 5 5 0 0 2 7 7 2 0 2 0 7 5 7 0 7 7 0 7 0 4
split_gain=348.91 165.622 249.694 48.5228 67.9179 17.8651 12.128 10.8177 18.906 9.12126 8.04797 54.1005 1.62367 4.15534 0.635009 0.179386 0.161213 0.587349 0.515704 0.107603 0.167063 0.00184231 0.000963851 0.00069461 0.000527596 0.000324324 0.000324235 3.56237e-05 2.4284e-05 9.72004e-06
threshold=401.50000000000006 2.5000000000000004 17757.770000000004 0.65450000000000019 11883.435000000001 43105.460000000014 325.50000000000006 59.500000000000007 54.500000000000007 0.93750000000000011 0.71450000000000002 11883.435000000001 43105.460000000014 119.50000000000001 30.250000000000004 105.35000000000001 59.500000000000007 28815.715000000004 310.50000000000006 113.46500000000002 21.150000000000002 0.92850000000000021 120.35000000000001 136.93000000000004 25.450000000000003 118.95000000000002 11883.435000000001 118.95000000000002 17757.770000000004 7.5000000000000009
decision_type=2 2 2 2 2 2 2 2 2 2 2 2 2 2 2 2 2 2 2 2 2 2 2 2 2 2 2 2 2 2
left_child=1 2 3 19 22 7 -6 8 -4 -9 16 23 13 -13 -7 -16 24 18 -18 -1 -21 -14 -5 -12 29 -25 -2 28 -28 -3
right_child=26 10 5 4 6 14 -8 9 -10 -11 11 12 21 -15 15 -17 17 -19 -20 20 -22 -23 -24 25 -26 -27 27 -29 -30 -31
leaf_value=0.05233563736039179 -0.05010213489454618 0.051998842429833318 -0.060560951325400549 -0.050513966363927854 0.010427797518397515 0.040966471720122445 -0.036735360179024353 0.037930783823001059 0.044026523399169779 -0.0003606216742539619 -0.05270654695703543 0.023610314076750061 0.052238721498837751 0.048510509596543273 0.051849867674995657 0.048271277259450567 0.0048853442336773221 0.052286826879587744 0.043924899517694238 0.051940704462509146 0.035899065108615846 0.05289738744698174 -0.050096029059537354 -0.051035613302984929 0.051705197803243563 -0.050115957598231856 -0.050402287016922037 -0.050245989840628773 -0.050613022488925366 0.052042856400897598
leaf_weight=17.068148374557499 102.23250295955222 12.664459764957426 8.2520502507686615 107.22049980505835 94.138010431081057 15.786149859428404 15.938811080995945 215.24336425773799 9.0704277902841568 16.763445466756821 0.5989496479742219 20.711160242557526 101.77830934524536 87.711244903504848 223.45318608731031 41.526977125555277 1.3566939556039863 11.81570130586624 2.2469192279968411 3.6493168035522094 2.9229955892078578 11.852587401866911 15.832195428200064 13.026671136263756 11.699670314788817 1.0348256437573571 2.6160411997698239 1.6273651070659978 2.8633240542840213 1315.8930436372757
leaf_count=28 50554 23 30 14626 264 23 73 317 11 48 24 41 167 132 315 65 63 19 20 8 46 17 8292 887 26 510 390 382 258 2341
internal_value=0.037209 0.0412224 0.0224559 -0.0180137 -0.0249352 0.0420588 0.00359871 0.0323183 -0.00579667 0.0351641 0.0504957 0.0419891 0.048131 0.043754 0.0507087 0.051289 0.051981 0.0468976 0.0292272 0.0502424 0.0448063 0.0523074 -0.0504602 -0.051039 0.0520395 -0.0509679 -0.0501248 -0.0504514 -0.0505124 0.0520424
internal_weight=2488.6 2379.26 786.866 256.77 233.13 530.096 110.077 249.329 17.3225 232.007 1592.39 236.714 222.053 108.422 280.766 264.98 1355.68 15.4193 3.60361 23.6405 6.57231 113.631 123.053 14.6604 1340.26 14.0615 109.339 7.10673 5.47937 1328.56
internal_count=80000 28416 24146 23337 23255 809 337 406 41 365 4270 1778 357 173 403 380 2492 102 83 82 54 184 22918 1421 2390 1397 51584 1030 648 2364
is_linear=0
shrinkage=0.05


Tree=63
num_leaves=31
num_cat=0
split_feature=3 0 5 0 5 7 0 5 0 5 7 7 0 0 7 0 4 0 4 5 0 0 4 5 7 0 7 10 5 4
split_gain=284.94 377.365 62.8302 54.5571 51.9665 35.1208 28.4925 12.7212 74.507 10.8208 9.3539 8.59306 2.39682 1.81297 1.9648 1.70843 0.924254 0.466151 2.28805 0.407997 0.137775 0.0375119 0.00418004 0.00162356 0.000928289 0.000613608 0.000508912 0.000508514 0.000222335 0.000128187
threshold=2.5000000000000004 15105.005000000003 0.65450000000000019 11883.435000000001 0.95050000000000001 24.750000000000004 28815.715000000004 0.65450000000000019 11883.435000000001 0.9295000000000001 30.250000000000004 114.95000000000002 28815.715000000004 43105.460000000014 28.150000000000002 43105.460000000014 2.5000000000000004 136.93000000000004 6.5000000000000009 0.94650000000000001 21807.355000000003 17757.770000000004 6.5000000000000009 0.92850000000000021 120.35000000000001 113.46500000000002 118.95000000000002 1.5000000000000002 0.94850000000000001 4.5000000000000009
decision_type=2 2 2 2 2 2 2 2 2 2 2 2 2 2 2 2 2 2 2 2 2 2 2 2 2 2 2 2 2 2
left_child=1 2 17 24 5 -3 11 22 25 10 -5 -7 20 14 -10 -8 -16 -1 -19 -11 21 -6 -2 29 27 -9 28 -4 -27 -15
right_child=7 4 3 9 12 6 15 8 13 19 -12 -13 -14 23 16 -17 -18 18 -20 -21 -22 -23 -24 -25 -26 26 -28 -29 -30 -31
leaf_value=0.052229233171036019 0.05096239075940049 -0.12370879245167402 -0.050378863050267966 -0.09260294067281323 -0.057217517091439865 0.02719481285330352 0.043645136920084739 -0.052350516006449799 0.015812459466516847 -0.098042877664997474 0.0074626925246844946 -0.017133463393758399 -0.12524999973100187 0.05215882628445119 0.052638520714898968 0.051082432699602581 0.042014846115556843 -0.050731880985815096 0.052062962302027907 -0.066032604708015724 -0.082034837106475994 -0.068586754704260969 0.051939926660836792 0.052750161862864235 -0.050091519868043125 -0.05084164906099449 -0.050100425862085129 -0.050110907991357048 -0.050167206192568363 0.052042464298681562
leaf_weight=19.290937244892124 11.031219440745188 3.2426555722486219 141.38569377420936 2.4180226894095531 1.6916285711340597 153.67478648759425 108.50267101451755 0.56653785076923924 6.1580998059362164 1.7703174937050778 68.355505005456507 11.770000024000181 3.2306562014855444 70.805894196033478 28.032086074352264 267.78647054173052 75.922262364765629 0.66944310162216369 2.8287182450294495 2.2742653556633741 1.2241569184698162 1.2703502406366169 1265.7512897849083 11.305202126502989 46.368852599873208 15.859499975806107 3.1724854417843735 20.240694081643596 1.3239706876920525 35.551889527589083
leaf_count=33 27 33 34446 38 48 451 212 44 17 32 448 238 22 120 40 417 180 138 5 118 35 27 2362 17 25444 2402 1683 10365 494 64
internal_value=0.0369511 0.0138994 -0.030682 -0.0371176 0.0385634 0.0403525 0.0413345 0.0499163 0.0395708 -0.000501785 0.00404389 0.0240412 -0.092895 0.0478652 0.043254 0.0489379 0.0448796 0.0491841 0.0323911 -0.0800435 -0.0679251 -0.0620936 0.0519315 0.0521805 -0.0502887 -0.0507274 -0.0506823 -0.0503453 -0.0507897 0.0521199
internal_weight=2383.48 857.996 305.602 282.813 552.393 544.977 541.734 1525.48 248.698 74.8181 70.7735 165.445 7.41679 227.775 110.112 376.289 103.954 22.7891 3.49816 4.04458 4.18614 2.96198 1276.78 117.663 207.995 20.9225 20.356 161.626 17.1835 106.358
internal_count=80000 72550 71067 70891 1483 1351 1318 7450 5061 636 486 689 132 438 237 629 220 176 143 150 110 75 2389 201 70255 4623 4579 44811 2896 184
is_linear=0
shrinkage=0.05


Tree=64
num_leaves=31
num_cat=0
split_feature=2 4 0 0 5 5 0 0 5 5 0 1 2 7 7 0 0 7 7 4 0 5 10 7 0 7 0 5 0 7
split_gain=313.048 158.742 265.924 51.9734 18.1851 10.4049 63.3098 10.0962 8.7665 8.4587 2.95233 2.15307 1.16738 0.763553 0.346361 2.98607 1.67165 0.000719075 0.000704082 0.000497775 0.000308269 0.000283253 0.000244686 3.33262e-05 2.35196e-05 6.65858e-06 5.65299e-06 4.23522e-06 2.61079e-06 2.16283e-06
threshold=401.50000000000006 4.5000000000000009 11883.435000000001 21807.355000000003 0.9385 0.65450000000000019 12761.115000000002 43105.460000000014 0.87750000000000006 0.93350000000000011 17757.770000000004 4.5000000000000009 69.500000000000014 30.250000000000004 57.45000000000001 11883.435000000001 11883.435000000001 120.35000000000001 27.450000000000003 6.5000000000000009 11883.435000000001 0.95050000000000001 1.5000000000000002 118.95000000000002 17757.770000000004 21.850000000000005 28815.715000000004 0.93550000000000011 21807.355000000003 28.150000000000002
decision_type=2 2 2 2 2 2 2 2 2 2 2 2 2 2 2 2 2 2 2 2 2 2 2 2 2 2 2 2 2 2
left_child=1 2 17 4 8 18 14 9 -4 -5 -8 -6 -12 -9 15 -7 -16 21 19 -3 -2 22 -1 24 27 -21 29 -22 -25 -26
right_child=20 5 3 7 11 6 10 13 -10 -11 12 -13 -14 -15 16 -17 -18 -19 -20 25 23 -23 -24 28 26 -27 -28 -29 -30 -31
leaf_value=-0.050513696725769081 -0.050092382120957596 0.052126174115648086 0.0070353242631508994 0.038018706315188638 -0.016318274883543 -0.050873125036154147 0.028315474156602006 0.038542647891832975 0.031615379791902452 -0.00024106058183827412 0.035382591223048147 -0.073338627352179137 0.050570752282354761 0.050870168986475228 -0.050835561326661428 -0.19537263561139004 0.017623554462163106 -0.050088154487437211 0.05143743420059789 0.051840840792469492 -0.050411239085222374 -0.050114827510563599 -0.050184037052029409 -0.050184313370558155 -0.050378355397076857 0.051874905793469983 -0.050728836218780729 -0.050195774375127539 -0.050317744426193203 -0.050575043120545352
leaf_weight=84.120433323085308 92.507016356103122 15.525353670120237 111.82675655465573 161.86732643097639 2.2162178037688118 5.8429518931079683 17.851627983152866 13.269792195409535 53.690646851435304 15.862044896930454 13.574144985526798 6.5438981801271439 186.13103637844324 235.19635171443224 10.635642644483593 0.38082784414291371 0.97331010270863849 14.091273371712303 10.696676656603811 1197.065592944622 2.2417756943032141 5.2793927668826646 6.0324807451106599 0.93987190211191751 0.15046088024973947 14.519123166799544 0.65818277886137355 0.25389821210410435 0.60104942228645086 1.96672194940038
leaf_count=9196 50554 28 276 261 21 487 28 21 96 38 25 66 321 369 1407 2 3 8137 22 2345 300 2412 2827 282 25 28 49 90 100 184
internal_value=0.0366996 0.0406491 0.0212281 0.0342966 0.0112929 0.0500089 0.040373 0.0437032 0.0150086 0.0346041 0.047797 -0.0589131 0.0495384 0.0502118 -0.050198 -0.0597149 -0.0450959 -0.0504216 0.0518413 0.0518449 -0.0501163 -0.0504708 -0.0504916 -0.0504409 -0.0505007 0.0518412 -0.0506009 -0.0503893 -0.0502364 -0.0505611
internal_weight=2282.51 2183.19 709.997 600.473 174.278 1473.2 235.39 426.196 165.517 177.729 217.557 8.76012 199.705 248.466 17.8327 6.22378 11.609 109.524 1237.81 1227.11 99.319 95.4323 90.1529 6.81196 5.27104 1211.58 2.77537 2.49567 1.54092 2.11718
internal_count=80000 28416 23720 1148 459 4696 2273 689 372 299 374 87 346 390 1899 489 1410 22572 2423 2401 51584 14435 12023 1030 648 2373 258 390 382 209
is_linear=0
shrinkage=0.05


Tree=65
num_leaves=31
num_cat=0
split_feature=2 4 0 0 2 3 11 5 0 5 7 0 2 3 0 0 7 7 3 3 0 10 0 7 0 4 0 5 0 3
split_gain=295.881 155.44 249.535 51.0916 24.3781 19.5897 16.8957 10.2949 59.7775 6.36047 3.70121 3.04037 1.20811 0.420014 2.72382 1.83412 0.000859358 0.000618514 0.00050937 0.000490201 0.00026518 0.000195613 6.73499e-05 2.86533e-05 2.02135e-05 5.82151e-06 4.85663e-06 3.64102e-06 2.24543e-06 2.15853e-06
threshold=401.50000000000006 4.5000000000000009 11883.435000000001 28815.715000000004 59.500000000000007 1.5000000000000002 1.0000000180025095e-35 0.65450000000000019 12761.115000000002 0.94350000000000012 26.850000000000005 17757.770000000004 69.500000000000014 2.5000000000000004 11883.435000000001 11883.435000000001 27.450000000000003 120.35000000000001 2.5000000000000004 2.5000000000000004 11883.435000000001 1.5000000000000002 147.17500000000004 118.95000000000002 17757.770000000004 7.5000000000000009 28815.715000000004 0.93550000000000011 21807.355000000003 1.5000000000000002
decision_type=2 2 2 2 2 2 2 2 2 2 2 2 2 2 2 2 2 2 2 2 2 2 2 2 2 2 2 2 2 2
left_child=1 2 17 4 6 -6 -4 16 13 10 -5 -10 -13 15 -15 -9 19 18 21 -3 -2 -1 -20 24 27 -21 -26 29 -25 -22
right_child=20 7 3 9 5 -7 -8 8 11 -11 -12 12 -14 14 -16 -17 -18 -19 22 25 23 -23 -24 28 26 -27 -28 -29 -30 -31
leaf_value=-0.050435770840899952 -0.050087869110987296 0.052017797828035117 -0.090304227978128482 0.015870327525923128 0.0040478272715297912 0.033486695484280113 0.02786401959750617 -0.05067444613266886 0.027492879730159649 0.015145316487501696 0.048408766758084157 0.034669909051101115 0.050364028458834267 -0.051015640512937235 0.052628810966296541 -0.13615160974148446 0.051290785675878872 -0.050083848223314936 -0.051873430851512414 0.051714299017019953 -0.050355599903252682 -0.05014556059821175 -0.050840578450259924 -0.050175299270568102 -0.050533424797219055 0.051748089255373053 -0.050692814552062343 -0.050186226111907206 -0.05030215871326095 -0.050462415311884459
leaf_weight=77.785143713816069 88.003124894225039 17.04851308465004 8.7824729960411769 8.9870175123214704 105.57744998158887 121.59223032090813 4.6141835059970608 9.5800239710370079 17.476158430799842 15.918040443211792 317.40890463814139 13.170856337994335 177.76183981820941 6.1074109096080056 0.70732265710830677 0.67157125007361251 10.203356511890886 13.405157297383992 0.1617027553729703 12.89077568054199 1.4254562749993054 6.2748639093479133 6.5968409745255485 0.89419037220068254 2.0150003933813427 1139.3730616271496 0.62651649210602034 0.241560241091065 0.57190857734531164 0.70781991048715998
leaf_count=10620 50554 32 61 17 288 223 9 1291 28 32 518 25 321 603 1 4 22 8137 6 27 217 3242 567 282 209 2342 49 90 100 83
internal_value=0.0364367 0.0403455 0.0208566 0.033598 0.0159397 0.0198049 -0.0496038 0.0498764 0.0400872 0.0460077 0.0475129 0.0474543 0.0492814 -0.0498787 -0.0402581 -0.056274 0.0517477 -0.0504009 -0.0504477 0.0517516 -0.0501106 -0.0504141 -0.0508653 -0.0504192 -0.0504761 0.0517477 -0.0505712 -0.0503702 -0.0502248 -0.050391
internal_weight=2186.58 2092.09 687.104 582.88 240.566 227.17 13.3967 1404.99 225.475 342.314 326.396 208.409 190.933 17.0663 6.81473 10.2516 1179.52 104.224 90.8186 1169.31 94.4856 84.06 6.75854 6.48245 5.01635 1152.26 2.64152 2.37484 1.4661 2.13328
internal_count=80000 28416 23720 1148 581 511 70 4696 2273 567 535 374 346 1899 604 1295 2423 22572 14435 2401 51584 13862 573 1030 648 2369 258 390 382 300
is_linear=0
shrinkage=0.05


Tree=66
num_leaves=31
num_cat=0
split_feature=2 3 0 5 0 0 5 2 2 5 0 7 0 2 7 7 2 0 2 0 7 5 7 7 0 0 7 7 0 4
split_gain=279.655 152.568 197.858 38.3446 56.5327 19.0359 12.249 11.1353 9.00709 7.55968 43.3198 4.06346 1.86195 4.51559 0.716578 0.252025 0.15286 0.519913 0.415001 0.102972 0.156213 0.00113421 0.000583573 0.000527582 0.000381439 0.000228121 0.000177057 2.46368e-05 1.73747e-05 5.01898e-06
threshold=401.50000000000006 2.5000000000000004 17757.770000000004 0.65450000000000019 11883.435000000001 43105.460000000014 0.93950000000000011 325.50000000000006 59.500000000000007 0.71450000000000002 11883.435000000001 85.250000000000014 43105.460000000014 119.50000000000001 30.250000000000004 105.35000000000001 59.500000000000007 28815.715000000004 310.50000000000006 113.46500000000002 21.150000000000002 0.92850000000000021 25.450000000000003 120.35000000000001 136.93000000000004 11883.435000000001 118.95000000000002 118.95000000000002 17757.770000000004 7.5000000000000009
decision_type=2 2 2 2 2 2 2 2 2 2 2 2 2 2 2 2 2 2 2 2 2 2 2 2 2 2 2 2 2 2
left_child=1 2 3 19 23 6 8 -6 -4 16 24 -8 13 -12 -7 -16 22 18 -18 -1 -21 -14 29 -5 -11 -2 -26 28 -27 -3
right_child=25 9 5 4 7 14 11 -9 -10 10 12 -13 21 -15 15 -17 17 -19 -20 20 -22 -23 -24 -25 26 27 -28 -29 -30 -31
leaf_value=0.051897977055586068 -0.050083575552204641 0.051625107791656105 -0.0044613831207602319 -0.050420235631040658 0.0085190067039582328 0.038637085867737141 -0.039897645143238326 -0.037135767872573701 0.035369575869064258 -0.052206066057745942 0.019911688395535601 0.013251932272653442 0.051830004427428716 0.047386191175024572 0.051178177813803176 0.046554960084461229 0.0054703846602163087 0.051873870931122307 0.042773197356855835 0.051475296183359415 0.03453355062939064 0.052394510207403482 0.051269602100353695 -0.050078587039650874 -0.050845791153976194 -0.050352037118603046 -0.050094838797886371 -0.050213781384798664 -0.050543084336247615 0.051659931856303791
leaf_weight=14.093526899814607 83.718156625283882 10.446170061826704 15.313599932938812 87.951633097254671 91.067640022840351 13.637699466198681 7.7196785211563093 15.65121574513614 194.00942860729992 0.49650885490700503 18.639142714440823 6.7323419488966465 84.446904838085175 75.668873362243176 186.20718639343977 35.021973472088575 1.2043363826815032 9.8290193080902082 1.9574478260474277 3.0144900199957183 2.4800331518054008 9.9460523724555951 9.6767670393455756 12.965587236802092 10.708705405937504 2.2598089569946742 0.84700977976899672 1.3948943747673181 2.5140524664893746 1085.1451558768749
leaf_count=28 50554 23 38 14626 264 23 23 73 320 24 41 25 167 132 315 65 63 19 20 8 46 17 26 8292 887 390 510 382 258 2341
internal_value=0.0361746 0.0400429 0.0209152 -0.0172385 -0.0235472 0.0398176 0.0293819 0.00182335 0.0324556 0.049989 0.0410552 -0.0151384 0.046925 0.0419561 0.0497606 0.0504463 0.0515928 0.0462007 0.0285644 0.0496344 0.0438284 0.0518895 0.0516562 -0.0503763 -0.0508491 -0.0501052 -0.0507907 -0.0503986 -0.0504526 0.0516596
internal_weight=2094.77 2004.88 685.866 227.224 207.636 458.642 223.775 106.719 209.323 1319.01 200.753 14.452 188.701 94.308 234.867 221.229 1118.26 12.9908 3.16178 19.5881 5.49452 94.393 1105.27 100.917 12.0522 89.8869 11.5557 6.16876 4.77386 1095.59
internal_count=80000 28416 24146 23337 23255 809 406 337 358 4270 1778 48 357 173 403 380 2492 102 83 82 54 184 2390 22918 1421 51584 1397 1030 648 2364
is_linear=0
shrinkage=0.05


Tree=67
num_leaves=31
num_cat=0
split_feature=2 4 0 0 2 11 7 4 0 11 0 7 7 0 7 0 0 7 2 2 0 4 7 0 10 4 7 7 7 0
split_gain=264.242 149.808 219.468 50.4822 21.813 15.3393 11.9505 9.24906 19.596 14.8224 5.90285 5.52644 5.41515 4.14492 1.63528 16.3223 1.20417 1.08878 0.60054 0.198732 0.992042 0.00596364 0.000459796 0.000196256 0.000160013 0.000109557 8.06956e-05 6.9069e-05 2.11849e-05 1.49352e-05
threshold=401.50000000000006 4.5000000000000009 11883.435000000001 28815.715000000004 59.500000000000007 1.0000000180025095e-35 24.750000000000004 5.5000000000000009 15105.005000000003 1.0000000180025095e-35 12761.115000000002 26.150000000000002 51.95000000000001 43105.460000000014 42.250000000000007 13729.490000000002 43105.460000000014 43.650000000000013 99.500000000000014 54.500000000000007 17757.770000000004 6.5000000000000009 120.35000000000001 11883.435000000001 1.5000000000000002 3.5000000000000004 120.35000000000001 58.850000000000001 118.95000000000002 17757.770000000004
decision_type=2 2 2 2 2 2 2 2 2 2 2 2 2 2 2 2 2 2 2 2 2 2 2 2 2 2 2 2 2 2
left_child=1 2 22 4 5 -4 -6 8 9 10 -3 -5 -11 -13 19 26 17 -10 -17 21 -21 -9 24 -2 25 -1 -16 -18 29 -25
right_child=23 7 3 11 6 -7 -8 14 16 12 -12 13 -14 -15 15 18 27 -19 -20 20 -22 -23 -24 28 -26 -27 -28 -29 -30 -31
leaf_value=-0.050396541873420825 -0.050079493390514852 -0.045651180718592491 -0.086504589984559427 0.0011405337387592575 -0.079960525434218166 0.026811748201444885 0.019656253945411487 0.050177193231752085 0.027191680061001169 0.045575624987430244 -0.19225940203980285 0.037577226148544751 -0.022320920492259835 0.050086990525649425 -0.050921363136465142 0.038515787489678127 0.051956091514888093 0.04498418705569987 0.051110605740880694 0.0207635059131079 0.051841590002265597 0.051575486423651999 -0.050076138438175148 -0.050334773614880549 -0.050157468604598215 -0.050550002927072457 -0.050153886160013178 0.051831813181960222 -0.050203324205214589 -0.05051634760651387
leaf_weight=61.958331619738601 79.641502523212694 7.5265469579026121 8.7299615456722659 6.9618987739086142 3.0530408658087245 4.539403384551405 216.83346162643284 7.6806999505497506 11.554051797837017 9.8469263792503607 0.75548583269119252 96.195452697575092 4.1846748850075519 212.46006431430578 3.9077825122512868 10.992171717807649 18.515245020389557 33.609072936698794 68.101066585630178 3.1450303315650698 13.990653693675993 1056.422023858875 12.139760505990123 2.1503154282690948 6.0142002647044128 14.317676193313671 0.37540123518556345 28.218453228473663 1.327133987797424 2.392674469621852
leaf_count=9448 50554 1038 61 15 17 9 494 27 22 77 5 171 232 381 272 25 35 58 137 77 28 2392 8137 390 3375 1612 215 56 382 258
internal_value=0.0359015 0.0397277 0.0200448 0.0321603 0.0145162 -0.0477395 0.0182731 0.0496275 0.036049 -0.00598159 -0.0590248 0.0451945 0.0253267 0.0461882 0.0509591 0.044212 0.0462545 0.0404323 0.0493602 0.0514794 0.0461376 0.0515654 -0.0503634 -0.0501001 -0.0504058 -0.0504253 -0.0508541 0.0518811 -0.0503791 -0.0504304
internal_weight=2007.54 1922.03 643.203 548.773 233.156 13.2694 219.887 1278.83 114.21 22.3136 8.28203 315.617 14.0316 308.656 1164.61 83.3764 91.8968 45.1631 79.0932 1081.24 17.1357 1064.1 94.43 85.5116 82.2902 76.276 4.28318 46.7337 5.87012 4.54299
internal_count=80000 28416 23720 1148 581 70 511 4696 1523 1352 1043 567 309 552 3173 649 171 80 162 2524 105 2419 22572 51584 14435 11060 487 91 1030 648
is_linear=0
shrinkage=0.05


Tree=68
num_leaves=31
num_cat=0
split_feature=2 4 0 5 0 2 5 0 7 0 0 2 5 5 0 2 7 7 4 0 5 10 7 0 7 0 5 0 5 7
split_gain=249.622 146.762 205.848 52.9153 47.5528 21.0991 10.038 51.5431 3.85919 3.03404 1.79542 1.34761 0.324664 2.63944 0.698804 0.289016 0.00117527 0.000395548 0.000293504 0.000168847 0.000155944 0.000123595 1.82174e-05 1.28391e-05 4.63587e-06 3.08877e-06 2.31518e-06 1.43031e-06 1.34055e-06 1.18069e-06
threshold=401.50000000000006 4.5000000000000009 11883.435000000001 0.95050000000000001 28815.715000000004 59.500000000000007 0.65450000000000019 12761.115000000002 26.850000000000005 17757.770000000004 28815.715000000004 69.500000000000014 0.92050000000000021 0.9215000000000001 11883.435000000001 114.50000000000001 27.450000000000003 120.35000000000001 6.5000000000000009 11883.435000000001 0.95050000000000001 1.5000000000000002 118.95000000000002 17757.770000000004 21.850000000000005 28815.715000000004 0.93550000000000011 21807.355000000003 0.65450000000000019 28.150000000000002
decision_type=2 2 2 2 2 2 2 2 2 2 2 2 2 2 2 2 2 2 2 2 2 2 2 2 2 2 2 2 2 2
left_child=1 2 17 4 5 -4 16 12 -6 -9 15 -11 14 -14 -8 -5 18 20 -3 -2 21 -1 23 26 -20 29 -21 -24 -19 -25
right_child=19 6 3 10 8 -7 7 9 -10 11 -12 -13 13 -15 -16 -17 -18 28 24 22 -22 -23 27 25 -26 -27 -28 -29 -30 -31
leaf_value=-0.050420272574011896 -0.050075610411382324 0.051737663373251343 -0.045707027104561399 -0.092314032826788239 0.01325013977916195 0.019906436609137438 -0.050744282158336963 0.026206154529749906 0.047495321639470581 0.032365949198056791 -0.1200075595333495 0.049779581320136407 0.052489714915322096 -0.059738973711576875 -0.11409336007819509 -0.066321607494667145 0.050921681208704841 -0.050290909331875203 0.051496899705015198 -0.050336250116299552 -0.050093878841887964 -0.0501621558341434 -0.050150808808040105 -0.050309314688254753 0.051528180064106491 -0.05059533575058775 -0.050160231511039634 -0.05025990277374999 -0.050071091718580811 -0.050469851940828071
leaf_weight=69.01492280093953 75.763065766892396 12.861360669136046 13.004499525297431 1.4456322472542504 8.4659315347671491 211.83031128859147 11.657321487553414 16.725521430373192 291.39927166327834 11.963320970535277 3.220347598195076 155.82420859485865 0.6734516024589533 2.3590902070282027 0.45221315324306566 4.1100746728479862 8.8517659716308099 0.069779962766914561 986.45269432663918 1.8381465232232579 4.3201938321581101 4.9718755332287392 0.76993268402293302 0.12328245025128159 11.988749027252195 0.54038069117814291 0.2079471326433121 0.49272001557983458 11.478753373958169 1.6134356865659354
leaf_count=9196 50554 28 63 14 17 447 1416 28 535 25 15 321 1 480 2 57 22 13 2345 300 2412 2827 282 25 28 49 90 100 8124 184
internal_value=0.0356198 0.0394029 0.0196658 0.0314581 0.0334947 0.0161113 0.0494887 0.039236 0.0465285 0.0465137 -0.0903031 0.048538 -0.0494461 -0.0348158 -0.05311 -0.073085 0.0514953 -0.0503456 0.0515003 -0.0500952 -0.0503859 -0.0504029 -0.0503605 -0.0504093 0.0514973 -0.0504909 -0.0503184 -0.0501934 -0.0500724 -0.0504585
internal_weight=1924.49 1843.14 623.332 533.476 524.7 224.835 1219.81 199.655 299.865 184.513 8.77605 167.788 15.1421 3.03254 12.1095 5.55571 1020.15 89.8555 1011.3 81.3489 78.307 73.9868 5.58585 4.32319 998.441 2.2771 2.04609 1.26265 11.5485 1.73672
internal_count=80000 28416 23720 1148 1062 510 4696 2273 552 374 86 346 1899 481 1418 71 2423 22572 2401 51584 14435 12023 1030 648 2373 258 390 382 8137 209
is_linear=0
shrinkage=0.05


Tree=69
num_leaves=31
num_cat=0
split_feature=2 3 0 7 5 0 2 0 2 5 0 0 2 2 0 2 0 5 5 7 7 0 0 7 7 0 0 4 5 0
split_gain=235.865 145.073 166.943 33.1543 32.3468 48.7052 24.4126 12.8228 10.1626 7.25416 36.9885 1.99561 4.55455 0.14949 0.468997 0.356638 0.103096 0.153743 0.000743558 0.000650266 0.000338913 0.000269595 0.00014526 0.000114942 1.56661e-05 1.10372e-05 2.65462e-06 2.63134e-06 1.99079e-06 1.23031e-06
threshold=401.50000000000006 2.5000000000000004 17757.770000000004 24.750000000000004 0.65450000000000019 11883.435000000001 54.500000000000007 43105.460000000014 325.50000000000006 0.71450000000000002 11883.435000000001 43105.460000000014 119.50000000000001 59.500000000000007 28815.715000000004 310.50000000000006 113.46500000000002 0.29450000000000004 0.92850000000000021 25.450000000000003 120.35000000000001 136.93000000000004 11883.435000000001 118.95000000000002 118.95000000000002 17757.770000000004 28815.715000000004 7.5000000000000009 0.93550000000000011 21807.355000000003
decision_type=2 2 2 2 2 2 2 2 2 2 2 2 2 2 2 2 2 2 2 2 2 2 2 2 2 2 2 2 2 2
left_child=1 2 4 -4 16 20 -5 -8 -7 13 21 12 -12 19 15 -15 -1 -18 -13 27 -6 -11 -2 -23 25 28 -27 -3 -24 -26
right_child=22 9 3 6 5 8 7 -9 -10 10 11 18 -14 14 -16 -17 17 -19 -20 -21 -22 23 24 -25 29 26 -28 -29 -30 -31
leaf_value=0.051630862817710815 -0.050071918184728254 0.0513948757125278 -0.12666274785509415 -0.038401168862542051 -0.050362693963819753 0.0068527352838515789 0.03212537303274958 0.050034051216458479 -0.036910126431551539 -0.051950537479150898 0.018022008697831864 0.05158021735610805 0.046570446589997566 0.0065133191912439097 0.051616943051364106 0.04222144082372483 0.051507829517918373 0.033632359718530055 0.05206902814150613 0.050979679532492397 -0.050067648700887105 -0.050733612281828926 -0.050319756625972961 -0.050081991865766007 -0.050143437122472913 -0.050435910995639113 -0.050565984454050333 0.05142197004863356 -0.050152416878491049 -0.050247167476174109
leaf_weight=12.216012716293337 72.073239095043391 9.0474751591682416 3.0324186682701102 9.8714426271617395 75.885612247744575 88.839832773897797 197.40412444807589 202.47050528600812 15.594480873085557 0.44014591351151366 17.560693211853504 73.518707007169724 68.340980300679803 1.1346150883473449 8.5611605346202833 1.8223403077572582 2.5264257192611685 2.2960890340618789 8.7005998194217664 8.3937437091954035 11.165137876057996 9.3133720727637375 1.7490577274002124 0.72978166025132019 0.73248757922556229 1.6527372128330173 0.51431686151772726 938.20681256055832 0.19783547741826613 0.46880557178519666
leaf_count=28 50554 23 14 34 14626 264 367 394 73 24 41 167 132 63 19 20 6 48 17 26 8292 887 300 510 282 209 49 2341 90 100
internal_value=0.0353485 0.0390903 0.0196352 0.0380566 -0.0168304 -0.0227047 0.0392756 0.0411932 0.000317918 0.0496399 0.0403819 0.0460638 0.0407344 0.0513496 0.0456874 0.0285199 0.0491872 0.042997 0.0516319 0.0514178 -0.0503249 -0.0507393 -0.0500905 -0.0506863 -0.0503428 -0.0503892 -0.0504668 0.0514217 -0.0503028 -0.0501839
internal_weight=1844.46 1767.07 621.302 412.778 208.524 191.485 409.746 399.875 104.434 1145.77 178.604 168.121 85.9017 967.166 11.5181 2.95696 17.0385 4.82251 82.2193 955.648 87.0508 10.4833 77.3885 10.0432 5.31524 4.11395 2.16705 947.254 1.94689 1.20129
internal_count=80000 28416 24146 809 23337 23255 795 761 337 4270 1778 357 173 2492 102 83 82 54 184 2390 22918 1421 51584 1397 1030 648 258 2364 390 382
is_linear=0
shrinkage=0.05


Tree=70
num_leaves=31
num_cat=0
split_feature=4 0 0 2 5 10 2 5 5 0 2 7 0 0 2 2 7 7 0 0 7 7 2 7 4 5 10 0 7 7
split_gain=225.284 284.397 51.9995 28.8436 18.1274 17.2479 15.369 13.0834 9.88502 45.7215 8.69902 3.85102 3.088 2.08037 1.78104 0.396803 0.291069 1.98962 1.36108 0.269358 0.218203 0.00162338 0.000854234 0.000294372 0.000222224 0.000116236 8.32345e-05 1.85322e-05 3.72947e-06 1.39947e-06
threshold=4.5000000000000009 11883.435000000001 28815.715000000004 49.500000000000007 0.94950000000000012 1.5000000000000002 395.50000000000006 0.94850000000000001 0.65450000000000019 12761.115000000002 401.50000000000006 26.850000000000005 28815.715000000004 43105.460000000014 124.50000000000001 104.50000000000001 73.450000000000017 74.15000000000002 11883.435000000001 43105.460000000014 68.050000000000011 27.450000000000003 401.50000000000006 120.35000000000001 6.5000000000000009 0.95050000000000001 1.5000000000000002 11883.435000000001 21.850000000000005 118.25000000000001
decision_type=2 2 2 2 2 2 2 2 2 2 2 2 2 2 2 2 2 2 2 2 2 2 2 2 2 2 2 2 2 2
left_child=1 22 3 20 5 -5 8 11 21 16 -8 -4 14 -13 -11 -6 18 -18 -10 -14 -3 24 23 25 -2 26 -1 -12 -26 -29
right_child=6 2 7 4 15 -7 10 -9 9 12 27 13 19 -15 -16 -17 17 -19 -20 -21 -22 -23 -24 -25 28 -27 -28 29 -30 -31
leaf_value=-0.050380401144054877 0.051570311295295629 -0.078985197417686892 0.011637902375332743 0.019237275464857699 -0.097203353222831135 -0.074845497266737698 0.047621549804956968 -0.023237106420095226 -0.050712548499386924 0.016981270647222126 -0.050070930750892653 0.040018170007787478 0.045932675540512398 0.049549882379344275 0.040177687133044801 -0.064948343454585278 0.035692039300253033 -0.051491708409176662 -0.13981174384476611 0.051382577474650984 -0.097701619358715561 0.050640542427990848 -0.050068179956065301 -0.050065808320050448 0.051350524410058246 -0.050084903469153966 -0.050158428160914842 -0.05042284200689328 0.051379967148125733 -0.050214732458877934
leaf_weight=62.511008334811777 11.686714559793471 2.4718874376267186 8.1477944436483067 210.19655667059124 1.1924866680055846 4.986992049845866 3.62434041907545 7.1037850561551741 6.3965407280484197 10.718213543295859 5.6081414199434221 83.698468504007906 30.337017809972167 181.12344109918922 36.303393676877022 4.757751184515655 0.73357437038794149 6.0627641595201567 0.45940618216991413 89.734631016850471 4.208494100952521 8.0503649152815324 62.954733441350982 10.458760785986668 895.07196593284607 3.908607098273932 4.5292081232182673 0.42037845635786641 10.886307865381239 0.099999524187296629
leaf_count=9196 28 15 22 1062 7 127 31 27 661 25 4022 210 67 390 65 197 13 1199 2 210 38 22 46532 8137 2345 2412 2827 55 28 28
internal_value=0.0350664 0.0117209 0.0293232 0.0115841 0.0146763 0.0170569 0.0487083 0.0437523 0.0492592 0.0385638 -0.0137833 0.0454956 0.045752 0.0465373 0.0348902 -0.0714126 -0.049414 -0.0420814 -0.0566829 0.0500056 -0.0907761 0.0513475 -0.0502065 -0.0503134 0.0513537 -0.05035 -0.0503654 -0.0500974 0.0513509 -0.0503829
internal_weight=1768.44 652.25 507.888 227.814 221.134 215.184 1116.19 280.073 1106.44 180.746 9.75286 272.97 167.093 264.822 47.0216 5.95024 13.6523 6.79634 6.85595 120.072 6.68038 925.695 144.362 81.4076 917.645 70.9488 67.0402 6.12852 905.958 0.520378
internal_count=80000 71199 2095 1446 1393 1189 8801 649 4665 2242 4136 622 367 600 90 204 1875 1212 663 277 53 2423 69104 22572 2401 14435 12023 4105 2373 83
is_linear=0
shrinkage=0.05


Tree=71
num_leaves=31
num_cat=0
split_feature=3 0 2 0 5 7 0 5 2 5 2 5 5 7 5 0 0 0 2 7 5 2 12 7 0 2 1 0 2 2
split_gain=220.956 231.613 41.5665 37.9346 54.3634 17.2824 12.919 11.5888 12.0894 13.3532 11.2338 9.26926 8.1302 7.44886 7.1012 32.372 6.96188 2.15206 4.46832 0.89118 0.590874 0.409653 1.60032 0.14837 0.423938 0.328739 0.0930815 0.0275513 0.00116246 0.000721226
threshold=2.5000000000000004 17757.770000000004 49.500000000000007 11883.435000000001 0.65450000000000019 119.65000000000002 43105.460000000014 0.93550000000000011 325.50000000000006 0.87750000000000006 390.50000000000006 0.9405 0.87750000000000006 120.35000000000001 0.71450000000000002 11883.435000000001 21807.355000000003 43105.460000000014 119.50000000000001 30.250000000000004 0.94650000000000001 39.500000000000007 2.5000000000000004 30.250000000000004 28815.715000000004 310.50000000000006 3.5000000000000004 28815.715000000004 34.500000000000007 401.50000000000006
decision_type=2 2 2 2 2 2 2 2 2 2 2 2 2 2 2 2 2 2 2 2 2 2 2 2 2 2 2 2 2 2
left_child=1 3 -3 4 21 6 11 8 9 -5 14 -4 -10 -7 23 -16 -12 18 -17 -8 -9 -1 -23 28 25 -25 -22 -15 -2 -6
right_child=10 2 5 7 29 13 19 20 12 -11 16 -13 -14 27 15 17 -18 -19 -20 -21 26 22 -24 24 -26 -27 -28 -29 -30 -31
leaf_value=0.051310079282454707 0.051283064900901357 -0.1122672013034797 0.033330384245665194 -0.0051258240133628076 -0.050293929438914767 0.0518877528822317 0.035600777002050887 -0.097583043748891804 -0.019817034751734897 0.036380456898671448 -0.050110317158047958 -0.013327041860814305 -0.10976119115209607 -0.054516013753964192 -0.050668924689847329 0.016854054266376459 0.047402533829434434 0.051482085919668324 0.045820478723854648 0.049983870221158223 -0.077620513596687535 -0.050606825370276748 0.051529146870119807 0.0072597757169874377 0.051476629678619962 0.042330251345781687 -0.057793980683599006 -0.060987875489246779 0.050698541825246114 -0.050064902178180742
leaf_weight=13.496276216581462 858.77698168158531 4.6489740945398799 177.04934295569547 52.497270260937512 78.826394655392505 2.0337080061435682 11.477122855139894 1.6987528097815801 13.526176493265668 30.714691712521017 4.6104664457961908 11.325909029459579 3.085571499541401 3.5062269164482132 9.316923168837091 16.954966101795435 3.035500805824995 73.652783066034317 61.990390166640282 174.70767433289438 0.74463485437445376 0.49947865272406433 1.6519902646541593 1.0937750152079373 7.4401316344738007 1.7173650842159984 2.8877019798383117 3.0969735747203231 8.5908652921207231 60.956297033815645
leaf_count=35 2362 25 487 158 22918 4 25 27 386 54 3193 60 121 158 1393 41 23 181 129 383 29 137 4 65 18 17 143 59 28 47337
internal_value=0.0347844 0.0118473 0.0363415 -0.0246091 -0.0403005 0.0381445 0.0397569 -0.00141565 0.00242025 0.0101947 0.0489874 0.0305251 -0.0365238 -0.0317821 0.0494316 0.0398104 -0.0113971 0.0453347 0.0395994 0.0490972 -0.0732421 0.04808 0.0278176 0.0512066 0.0452266 0.0286848 -0.0618585 -0.0575514 0.0512773 -0.0501941
internal_weight=1695.61 648.431 387.846 260.585 155.43 383.197 374.56 105.155 99.8237 83.212 1047.18 188.375 16.6117 8.63691 1039.53 161.915 7.64597 152.598 78.9454 186.185 5.33109 15.6477 2.15147 877.619 10.2513 2.81114 3.63234 6.6032 867.368 139.783
internal_count=80000 72550 1201 71349 70431 1176 955 918 719 212 7450 547 507 221 4234 1744 3216 351 170 408 199 176 141 2490 100 82 172 217 2390 70255
is_linear=0
shrinkage=0.05


Tree=72
num_leaves=31
num_cat=0
split_feature=4 0 0 2 5 5 10 7 5 0 5 0 2 0 2 2 7 7 7 0 2 7 7 2 4 7 4 0 7 2
split_gain=211.538 268.567 55.7649 27.2182 21.3259 17.9189 16.5462 11.3822 7.47808 2.83123 2.67245 21.508 0.946881 1.12403 0.656736 0.305599 0.201209 0.157896 0.41693 0.00823493 0.000795047 0.00035748 0.000271143 0.000175688 0.000163334 4.51886e-05 4.42885e-05 3.55515e-05 1.97182e-06 2.70721e-07
threshold=5.5000000000000009 11883.435000000001 28815.715000000004 49.500000000000007 0.65450000000000019 0.94950000000000012 1.5000000000000002 25.450000000000003 0.94850000000000001 43105.460000000014 0.65450000000000019 13729.490000000002 39.500000000000007 252.85500000000002 99.500000000000014 104.50000000000001 112.25000000000001 68.050000000000011 85.250000000000014 21807.355000000003 401.50000000000006 27.450000000000003 120.35000000000001 401.50000000000006 3.5000000000000004 120.35000000000001 7.5000000000000009 334.85500000000008 21.850000000000005 7.5000000000000009
decision_type=2 2 2 2 2 2 2 2 2 2 2 2 2 2 2 2 2 2 2 2 2 2 2 2 2 2 2 2 2 2
left_child=1 4 3 17 12 6 -5 -4 9 -9 21 23 -1 -14 -13 -7 19 -3 -19 -16 22 28 24 25 -6 26 -12 -15 29 -2
right_child=10 2 7 5 20 15 -8 8 -10 -11 11 14 13 27 16 -17 -18 18 -20 -21 -22 -23 -24 -25 -26 -27 -28 -29 -30 -31
leaf_value=0.051171683627325042 0.05121877868997983 -0.075846451787549729 -0.033373742994162035 0.01899858419354504 -0.050291363511093562 -0.093868597521510957 -0.073843351724132658 0.039079107538148541 -0.00068173799055858998 0.049631868369232106 -0.050674696709083124 0.036831287819960583 0.051891172474893194 -0.052190002698807386 0.052972922423711689 -0.06538207614172302 0.0436112901742505 -0.10837439947298377 -0.077263207724367441 0.051365829552184133 -0.050061802414176418 0.050867099222079049 -0.050058461133909798 -0.050067737718605121 -0.050465022881143823 -0.050069928776759434 -0.051217706078732932 -0.05068159013712719 0.051240039757909056 0.051213325725931083
leaf_weight=5.3995390124618998 792.184740036726 2.5814260877668849 4.6978642684407523 231.17153603979386 52.042584987473674 1.1748477104119945 4.9007406623568377 91.872786548919976 8.6870644451118988 206.24553841492161 3.6180451079271725 9.9952175579965097 0.52341878414154031 0.042369296192191541 9.5067982845939678 4.7398538248962723 9.0343070731032622 1.9810301810503004 2.359519008314237 49.345389291178435 60.398279828601517 7.2844743900932363 10.013514818740076 1.5476606384036129 18.301587193389423 0.27614453749265511 0.41899174731224764 0.50046689808368683 10.889813601970671 23.43463534116745
leaf_count=14 2288 16 19 1157 12317 7 135 247 28 489 337 27 1 2 18 210 31 10 30 129 49254 24 8623 1207 2909 214 21 137 31 68
internal_value=0.0345187 0.0139777 0.0297656 0.0121212 -0.0461202 0.0149176 0.0170712 0.0438646 0.0450472 0.0463798 0.0503607 0.0418459 0.0426689 -0.000389117 0.0487971 -0.0710404 0.0505589 -0.0856387 -0.0914624 0.0516254 -0.0501989 0.0512158 -0.0503019 -0.0505247 -0.0503365 -0.0506887 -0.0507311 -0.0507993 0.0512189 0.0512186
internal_weight=1625.17 707.634 560.412 248.909 147.222 241.987 236.072 311.503 306.805 298.118 917.536 83.7426 6.46579 1.06625 77.8817 5.9147 67.8865 6.92198 4.34055 58.8522 140.756 833.794 80.3577 5.86084 70.3442 4.31318 4.03704 0.542836 826.509 815.619
internal_count=80000 75605 2348 1565 73257 1509 1292 783 764 736 4395 1984 154 140 205 217 178 56 40 147 73103 2411 23849 1779 15226 572 358 139 2387 2356
is_linear=0
shrinkage=0.05


Tree=73
num_leaves=31
num_cat=0
split_feature=3 0 2 0 5 7 7 0 2 2 2 5 0 5 7 0 0 2 0 0 2 7 6 2 0 2 7 5 2 2
split_gain=207.546 205.138 36.8694 34.8387 49.149 28.7149 17.0406 12.3047 10.4409 10.1206 7.04399 6.95234 28.9478 6.9242 6.8713 6.35399 18.5907 9.27217 6.33217 2.24984 4.44642 0.380455 1.39164 0.151376 0.42512 0.302394 0.000779347 0.000573058 0.000533975 0.000512731
threshold=2.5000000000000004 17757.770000000004 49.500000000000007 11883.435000000001 0.65450000000000019 24.750000000000004 119.65000000000002 28815.715000000004 325.50000000000006 390.50000000000006 335.50000000000006 0.71450000000000002 11883.435000000001 0.86950000000000005 120.35000000000001 12761.115000000002 13729.490000000002 189.50000000000003 21807.355000000003 43105.460000000014 119.50000000000001 28.150000000000002 2.5000000000000004 59.500000000000007 28815.715000000004 310.50000000000006 25.450000000000003 0.92850000000000021 401.50000000000006 29.500000000000004
decision_type=2 2 2 2 2 2 2 2 2 2 2 2 2 2 2 2 2 2 2 2 2 2 2 2 2 2 2 2 2 2
left_child=1 3 -3 4 21 -4 7 -7 15 11 -10 23 -13 -12 -8 17 -17 -5 -11 20 -14 29 -23 26 25 -25 -2 -21 -6 -1
right_child=9 2 5 8 28 6 14 -9 10 18 13 12 19 -15 -16 16 -18 -19 -20 27 -22 22 -24 24 -26 -27 -28 -29 -30 -31
leaf_value=0.051338613280523374 0.051157879083970251 -0.10646037406949527 -0.12643145566290401 -0.014142016217326459 -0.0502658580047248 0.025261891725428493 0.051719371200274228 0.045989998826085926 -0.16367049535181544 -0.050101984033774284 -0.011631831239586518 -0.050605040390036937 0.015728822112648252 -0.088785795489069452 -0.057426810185629153 -0.076948273602321038 0.0067542550619678872 0.044760630626637168 0.046610033930349425 0.051294400937992771 0.045223441081914999 -0.050617729641034184 0.051225876340882673 0.007307820896384213 0.051326140391775701 0.041532374088853227 0.050625436361788123 0.051762487866600621 -0.050058718499357946 0.050691047011064971
leaf_weight=6.8682283759117109 779.44623175263405 4.5337918661534777 2.6667866036295882 10.303679589647802 71.362079824320972 101.07604896556586 1.8626668155193309 245.48185773845762 1.0354221044108296 4.1868932592333286 12.7480295925634 8.4422707451740262 16.397629611194134 3.7673801932833149 6.3847980406135321 7.6802108930423847 48.686522906180471 19.003467874601483 2.8409272991120815 59.719587028026581 57.887862280011177 0.44221695372834702 1.3890352845191953 1.0665971968555807 7.0943693518638611 1.6344316314207388 6.9337977864779523 7.3425379097461692 55.16217119252542 5.5082426148001105
leaf_count=19 2364 25 32 34 22918 343 4 580 6 3193 366 1393 41 282 217 56 150 24 23 164 129 126 4 63 19 18 26 17 47337 27
internal_value=0.0342254 0.0113466 0.0352285 -0.0240916 -0.0402739 0.0370255 0.0382541 0.0399445 -0.00202942 0.0487729 -0.037163 0.049217 0.0393346 -0.0292317 -0.0327765 0.00516791 -0.00465058 0.0240519 -0.0110071 0.0447065 0.0387129 0.0479031 0.0266323 0.0510762 0.0448989 0.0280176 0.0511532 0.0513457 -0.0501755 0.0510504
internal_weight=1558.96 605.963 362.006 243.957 140.732 357.472 354.805 346.558 103.225 952.993 17.5508 945.965 149.79 16.5154 8.24746 85.6739 56.3667 29.3071 7.02782 141.348 74.2855 14.2077 1.83125 796.175 9.7954 2.70103 786.38 67.0621 126.524 12.3765
internal_count=80000 72550 1201 71349 70431 1176 1144 923 918 7450 654 4234 1744 648 221 264 206 58 3216 351 170 176 130 2490 100 81 2390 181 70255 46
is_linear=0
shrinkage=0.05


Tree=74
num_leaves=31
num_cat=0
split_feature=3 0 2 0 5 7 7 0 5 5 3 5 0 7 0 2 7 0 5 4 7 4 0 4 2 5 2 2 7 0
split_gain=200.39 192.023 34.2164 34.1391 46.7362 26.2662 15.9595 12.4842 10.2301 10.8481 13.2233 10.0323 41.2546 6.49798 2.36619 4.12199 3.37126 2.29057 1.32686 0.616715 0.360293 1.32235 0.348253 0.00591966 0.000592926 0.000517193 0.000459543 0.000287409 0.000159881 0.00012376
threshold=2.5000000000000004 17757.770000000004 49.500000000000007 11883.435000000001 0.65450000000000019 24.750000000000004 119.65000000000002 43105.460000000014 0.93550000000000011 0.90950000000000009 1.5000000000000002 0.65450000000000019 11883.435000000001 120.35000000000001 43105.460000000014 119.50000000000001 63.050000000000004 15105.005000000003 0.90750000000000008 4.5000000000000009 28.150000000000002 6.5000000000000009 12761.115000000002 6.5000000000000009 29.500000000000004 0.92850000000000021 401.50000000000006 401.50000000000006 120.35000000000001 136.93000000000004
decision_type=2 2 2 2 2 2 2 2 2 2 2 2 2 2 2 2 2 2 2 2 2 2 2 2 2 2 2 2 2 2
left_child=1 3 -3 4 20 -4 7 -7 9 10 -5 23 27 -8 15 16 -14 -11 -17 22 24 -22 -10 -2 -1 -16 28 29 -6 -13
right_child=11 2 5 8 26 6 13 -9 19 17 -12 12 14 -15 25 18 -18 -19 -20 -21 21 -23 -24 -25 -26 -27 -28 -29 -30 -31
leaf_value=0.0512718216510075 0.049587933320455024 -0.10298498245928006 -0.11933044978478209 -0.025477787062742591 -0.050282264719090045 0.029983762998099229 0.05163286074599828 0.049313285123543979 -0.10084029211588941 0.017469212656389847 0.016038925511462434 -0.051515493333213036 -0.0082650393635142327 -0.057045513614804026 0.051221518147121316 0.047889044318460333 0.036608922540233346 0.051168869998595351 0.027333738429563464 -0.12584789506166533 -0.050587669816910964 0.051164669683789611 -0.06083988899912729 0.051100745640102987 0.050558530553725702 0.051674495201236161 -0.050055850942755192 -0.050058008988536268 -0.050052646426112984 -0.050552152199475835
leaf_weight=6.5415569841861707 6.5233143678633487 4.4544530361890784 2.6837033280171445 42.857519523473457 59.204585082188714 172.15438626334071 1.7747172117233265 162.27100383071229 0.63621388818137248 10.118637424777262 34.714594199554995 0.34708703751675685 7.4818420894444015 6.1129753647837788 63.470045038033277 51.019510361133143 9.4998081587254983 10.050982659915462 9.2786505401600134 0.4885080272797494 0.42089344060514022 1.3228320181369779 3.7596100559458137 741.98587271571159 5.2529932104516774 6.9960311353206626 52.474810064421035 3.5656068059615782 8.6942374279024062 8.4515425676363503
leaf_count=19 27 25 32 462 14626 520 4 403 42 51 176 24 20 217 184 154 23 30 40 13 126 4 144 2362 27 17 47337 3120 8292 1479
internal_value=0.0339549 0.0111573 0.0347055 -0.0236319 -0.0402609 0.0364833 0.0377049 0.0393629 -0.00193358 0.00159535 -0.00689848 0.0486577 0.0372979 -0.0325931 0.0446401 0.0385979 0.0168382 0.0342625 0.044726 -0.072552 0.0478179 0.0266041 -0.0666292 0.0510876 0.0509541 0.0512665 -0.050167 -0.0504367 -0.0502529 -0.0505902
internal_weight=1494.61 585.989 349.451 236.538 133.912 344.997 342.313 334.425 102.626 97.7417 77.5721 908.619 160.11 7.88769 147.746 77.2798 16.9817 20.1696 60.2982 4.88433 13.5383 1.74373 4.39582 748.509 11.7946 70.4661 120.374 12.3642 67.8988 8.79863
internal_count=80000 72550 1201 71349 70431 1176 1144 923 918 719 638 7450 5061 221 438 237 43 81 194 199 176 130 186 2389 46 201 70255 4623 22918 1503
is_linear=0
shrinkage=0.05


Tree=75
num_leaves=31
num_cat=0
split_feature=3 0 5 0 5 0 2 5 0 5 5 3 7 7 0 0 2 7 0 5 0 4 2 11 0 2 0 4 5 2
split_gain=193.552 179.672 36.3073 33.4156 44.4423 19.1891 21.836 9.94719 38.9492 9.5775 9.96212 11.913 5.74671 5.68864 2.56598 2.45989 4.09077 3.16502 2.19664 1.35299 0.87864 0.511974 0.34527 1.32759 0.298484 0.145349 0.0141289 0.00675345 0.000447298 0.00039545
threshold=2.5000000000000004 17757.770000000004 0.95050000000000001 11883.435000000001 0.65450000000000019 28815.715000000004 54.500000000000007 0.65450000000000019 11883.435000000001 0.93550000000000011 0.90950000000000009 1.5000000000000002 25.450000000000003 114.95000000000002 43105.460000000014 43105.460000000014 119.50000000000001 63.050000000000004 15105.005000000003 0.90750000000000008 28815.715000000004 4.5000000000000009 39.500000000000007 1.0000000180025095e-35 12761.115000000002 204.50000000000003 21807.355000000003 6.5000000000000009 0.92850000000000021 401.50000000000006
decision_type=2 2 2 2 2 2 2 2 2 2 2 2 2 2 2 2 2 2 2 2 2 2 2 2 2 2 2 2 2 2
left_child=1 3 5 4 22 6 -3 27 -9 10 11 -5 -7 -8 -14 16 17 -10 -12 -18 25 24 -1 -24 -11 -4 -27 -2 -17 -6
right_child=7 2 20 9 29 12 13 8 15 21 18 -13 14 -15 -16 28 19 -19 -20 -21 -22 -23 23 -25 -26 26 -28 -29 -30 -31
leaf_value=0.051007066360330144 0.049392330443011605 -0.09718742932934471 -0.091459756387444108 -0.024080754502273646 -0.050240494792248284 -0.025291365918728017 0.026477241895311188 -0.050415315256994865 -0.0077986284205273596 -0.09777146072711955 0.016748728997520414 0.015384071573139599 0.037275766451338857 -0.016961775573248787 0.048737916340634187 0.051159405902481227 0.047600341540753495 0.035901621835924991 0.050063635188760648 0.026573569650581854 -0.11280764535428521 -0.11997840011849935 -0.050504080850488201 0.051247200492989378 -0.060310557028883764 -0.066264848903624649 -0.056090460852176061 0.051045910399110377 0.051590996201941124 -0.050053123524703751
leaf_weight=11.119156695902346 6.2291317762574172 3.9409029670059672 0.61966918408870642 43.071023169904947 64.602857116842642 2.9328347251284859 90.093971033813432 11.766086535237262 7.5315279848873642 0.62369508645497163 10.028568167239428 34.391115984530188 71.082293105777353 8.2248767360579205 155.95272513385862 60.44602588750422 48.818259457824752 9.2100435718893987 9.7665122945327312 9.0722034261561912 3.1564555065706372 0.48682492203079153 0.41926744137890537 1.3618200719356535 3.606845032365527 0.9572643694700671 0.53021494322456419 706.53787451982498 6.6653296649456015 49.918234345503151
leaf_count=35 27 22 3 462 22918 13 308 4623 20 42 51 176 210 148 416 184 154 23 30 40 22 13 137 4 144 26 33 2362 17 47337
internal_value=0.0336808 0.0109664 0.0341736 -0.0231765 -0.0402481 0.0362378 0.0182176 0.048545 0.0369999 -0.00184471 0.00153002 -0.00655943 0.0442509 0.0228433 0.0451492 0.0442562 0.03801 0.0162422 0.0331857 0.0443052 -0.0961167 -0.071421 0.0477332 0.027295 -0.0658333 -0.071114 -0.0626382 0.0510315 0.0512023 -0.0501588
internal_weight=1433.16 566.887 337.491 229.396 127.421 332.228 102.26 866.276 153.509 101.975 97.2572 77.4621 229.968 98.3188 227.035 141.743 74.632 16.7416 19.7951 57.8905 5.2636 4.71737 12.9002 1.78109 4.23054 2.10715 1.48748 712.767 67.1114 114.521
internal_count=80000 72550 1201 71349 70431 1117 478 7450 5061 918 719 638 639 456 626 438 237 43 81 194 84 199 176 141 186 62 59 2389 201 70255
is_linear=0
shrinkage=0.05


Tree=76
num_leaves=31
num_cat=0
split_feature=4 0 0 3 5 5 7 5 0 5 4 5 0 5 0 7 5 0 0 1 7 7 3 7 0 5 3 10 7 7
split_gain=187.745 208.988 50.931 18.3214 17.3852 11.2682 9.63494 7.81585 10.7446 7.37635 7.29674 6.20253 3.18021 2.36034 17.4668 2.0591 0.800789 1.07723 0.42385 0.357311 0.0447696 0.00040153 0.000182806 0.000115507 9.65052e-05 9.12699e-05 8.78688e-05 6.78369e-05 5.85779e-05 4.23692e-05
threshold=5.5000000000000009 11883.435000000001 28815.715000000004 1.5000000000000002 0.65450000000000019 0.93350000000000011 25.450000000000003 0.85250000000000015 17757.770000000004 0.94850000000000001 1.5000000000000002 0.94950000000000012 43105.460000000014 0.65450000000000019 13729.490000000002 62.350000000000001 0.39550000000000007 252.85500000000002 28815.715000000004 8.5000000000000018 110.05000000000001 27.450000000000003 2.5000000000000004 120.35000000000001 113.46500000000002 0.73850000000000005 2.5000000000000004 1.5000000000000002 118.95000000000002 120.35000000000001
decision_type=2 2 2 2 2 2 2 2 2 2 2 2 2 2 2 2 2 2 2 2 2 2 2 2 2 2 2 2 2 2
left_child=1 4 3 7 16 10 -4 8 -3 12 -5 -9 -8 21 29 -7 -1 -18 19 -16 25 -2 23 27 -24 -20 -19 -6 -26 -15
right_child=13 2 6 5 22 15 9 11 -10 -11 -12 -13 -14 14 18 -17 17 26 20 -21 -22 -23 24 -25 28 -27 -28 -29 -30 -31
leaf_value=0.051355443735794572 0.050993467396901526 -0.041669958773737192 -0.028554049750154561 0.054015120345312265 -0.050189694691849876 -0.020865868099144341 0.036854550774763094 0.012920104645277467 0.001598259119044705 -0.0037142203969892091 0.02135395714344342 -0.066453011297282039 0.048930442468801856 -0.05049032322412849 0.049068766515121598 -0.084821432911916822 0.050952017635083495 -0.050484568673627966 0.050947562061435726 0.034826773576507847 0.046755755154227689 0.050582684287607184 -0.051292321345360596 -0.050047712938999171 -0.050405339119486747 0.051152288320035766 -0.052138600351156042 -0.05005190936864156 -0.050053090053496598 -0.05005260580565473
leaf_weight=4.3268688917160025 679.61575895547867 24.814051485504024 4.711950881406664 21.048844397068024 72.202077494293917 2.943158436799421 79.917730092536658 54.409432401705999 34.018320710980333 7.9872465755324802 91.15995880018454 2.5778988525271407 171.55659737018868 4.1875200858921735 8.257502570049839 2.1987180234282278 0.54658231139183022 0.39514050295110792 6.4319756366312495 9.4370038907509279 6.8324786301236591 6.0013785588089368 0.27985403221100469 23.857144728011917 7.4045301301521231 35.443206310272217 0.10077218012884259 10.194321729999499 1.4040507473400792 0.63693259557476256
leaf_count=12 2387 326 19 27 33980 23 247 340 189 28 433 156 489 1144 23 71 2 135 21 26 25 24 38 25066 2398 110 5 10195 1426 635
internal_value=0.0333932 0.0129473 0.0272712 0.0102402 -0.046069 0.0241641 0.0423035 -0.00386777 -0.0166512 0.0435903 0.0274807 0.00932955 0.0450928 0.0500899 0.0414268 -0.0482139 0.0418774 0.00253896 0.0481008 0.0414731 0.0505085 0.0509899 -0.050163 -0.0501446 -0.0503782 0.0511208 -0.0508207 -0.0501726 -0.0503492 -0.0504325
internal_weight=1374.9 618.055 497.344 233.17 120.711 117.351 264.174 115.82 58.8324 259.462 112.209 56.9873 251.474 756.844 71.2266 5.14188 5.36936 1.04249 66.4022 17.6945 48.7077 685.617 115.342 106.254 9.08843 41.8752 0.495913 82.3964 8.80858 4.82445
internal_count=80000 75605 2348 1565 73257 554 783 1011 515 764 460 496 736 4395 1984 94 154 142 205 49 156 2411 73103 69241 3862 131 140 44175 3824 1779
is_linear=0
shrinkage=0.05


Tree=77
num_leaves=31
num_cat=0
split_feature=4 0 0 3 5 5 5 4 5 0 5 0 5 0 11 5 5 0 3 0 1 5 4 1 3 5 0 3 10 5
split_gain=182.347 196.199 49.4427 16.9719 16.535 10.3722 8.36532 7.23906 7.05746 9.64192 5.78006 3.96824 2.33402 16.5311 2.08274 1.59854 0.7604 1.02379 0.480201 0.452842 0.365773 0.0426474 0.000308545 0.000269065 0.000157367 9.34078e-05 8.29993e-05 7.54188e-05 5.65708e-05 3.97211e-05
threshold=5.5000000000000009 11883.435000000001 28815.715000000004 1.5000000000000002 0.65450000000000019 0.93350000000000011 0.94850000000000001 1.5000000000000002 0.85250000000000015 17757.770000000004 0.94950000000000012 43105.460000000014 0.65450000000000019 13729.490000000002 1.5000000000000002 0.94850000000000001 0.39550000000000007 252.85500000000002 1.5000000000000002 28815.715000000004 8.5000000000000018 0.90750000000000008 7.5000000000000009 12.500000000000002 2.5000000000000004 0.73450000000000004 113.46500000000002 2.5000000000000004 1.5000000000000002 0.95050000000000001
decision_type=2 2 2 2 2 2 2 2 2 2 2 2 2 2 2 2 2 2 2 2 2 2 2 2 2 2 2 2 2 2
left_child=1 4 3 8 16 7 11 -5 9 -3 -10 14 22 -14 -4 -7 -1 -18 -13 20 -15 25 23 -2 28 -21 -26 -19 29 -6
right_child=12 2 6 5 24 15 -8 -9 10 -11 -12 18 13 19 -16 -17 17 27 -20 21 -22 -23 -24 -25 26 -27 -28 -29 -30 -31
leaf_value=0.051287777660867312 0.05096137641251039 -0.039431294445616182 0.029735455973674135 0.053812326115915077 -0.050164303473637366 -0.016218931303593125 -0.007107435805925974 0.020612819345957226 0.012348866555432193 0.0015199078304839464 -0.065746277751608337 0.044249537649360807 -0.050411423085419529 0.048755657985749754 0.048352266402475731 -0.072464195628941491 0.050904725588323957 -0.050461011015934289 0.049908335991043148 0.050850683646565475 0.034078314802612898 0.046809213234269287 0.050944358887565516 0.050441507843523373 -0.051228397634604642 0.051068451463546299 -0.050332141091107264 -0.052030849064296558 -0.050047996648573012 -0.05004958241667648
leaf_weight=4.1211381554603568 4.3862366676330549 24.909157078946009 60.101274802349508 20.09582793712616 77.71060778957326 2.3548277075169599 8.4389903913252038 89.752302868757397 54.088407565606758 33.984245988307521 2.4778662336175321 57.409015746321529 4.5910347590688607 7.9039654484950033 20.030164627823979 2.7252170816063881 0.52039602398872364 0.37604031967930496 108.05040074139833 5.7688070023432365 9.1689352765679342 7.0307474213186643 642.66094383597374 5.7538935258053243 0.26652918476611276 33.633141785860062 8.3817482648300921 0.096050965134054422 15.018098078377077 8.3566553307464329
leaf_count=12 16 326 206 27 44519 25 30 433 340 189 156 165 1779 23 51 69 2 135 331 20 26 25 2370 25 38 111 3824 5 16058 8664
internal_value=0.0330786 0.0126973 0.0266275 0.00985404 -0.0460596 0.0234562 0.04184 0.0266864 -0.00368551 -0.0158005 0.00892794 0.0435219 0.0500212 0.0412124 0.034389 -0.046392 0.0418258 0.00253669 0.0479449 0.0478362 0.0408732 0.0503965 0.05094 0.0506664 -0.0501551 0.0510366 -0.0503598 -0.0507804 -0.0501375 -0.0501532
internal_weight=1320.16 599.265 484.418 230.388 114.847 114.928 254.03 109.848 115.46 58.8934 56.5663 245.591 720.898 68.0966 80.1314 5.08004 5.11363 0.992487 165.459 63.5056 17.0729 46.4327 652.801 10.1401 109.734 39.4019 8.64828 0.472091 101.085 86.0673
internal_count=80000 75605 2348 1565 73257 554 783 460 1011 515 496 753 4395 1984 257 94 154 142 496 205 49 156 2411 41 73103 131 3862 140 69241 53183
is_linear=0
shrinkage=0.05


Tree=78
num_leaves=31
num_cat=0
split_feature=4 0 0 10 3 5 7 4 5 5 7 5 0 5 0 0 7 3 7 7 7 7 3 5 7 0 3 10 7 7
split_gain=177.173 184.164 47.9237 15.7341 15.9912 15.7264 9.43896 7.55111 7.0463 7.00562 3.85148 2.31117 15.6429 0.722111 0.973037 0.482471 0.222547 0.174427 0.0621148 0.0524605 0.0484516 0.000573764 0.000135499 0.000115459 8.55692e-05 7.13814e-05 6.47416e-05 5.02515e-05 4.33827e-05 3.13796e-05
threshold=5.5000000000000009 11883.435000000001 28815.715000000004 1.5000000000000002 1.5000000000000002 0.65450000000000019 25.450000000000003 1.5000000000000002 0.75550000000000017 0.94850000000000001 118.25000000000001 0.65450000000000019 13729.490000000002 0.39550000000000007 252.85500000000002 28815.715000000004 70.15000000000002 1.5000000000000002 110.75000000000001 88.65000000000002 77.050000000000011 27.450000000000003 2.5000000000000004 0.73850000000000005 120.35000000000001 113.46500000000002 2.5000000000000004 1.5000000000000002 118.95000000000002 120.35000000000001
decision_type=2 2 2 2 2 2 2 2 2 2 2 2 2 2 2 2 2 2 2 2 2 2 2 2 2 2 2 2 2 2
left_child=1 5 3 4 8 13 -4 -6 -3 10 -8 21 29 -1 -15 16 -14 20 23 -19 -5 -2 24 -17 27 -24 -16 -7 -27 -13
right_child=11 2 6 17 7 22 9 -9 -10 -11 -12 12 15 14 26 18 -18 19 -20 -21 -22 -23 25 -25 -26 28 -28 -29 -30 -31
leaf_value=0.051223563476500568 0.050897186978981969 -0.030259590367223019 -0.028938052337300058 -0.070099110726955252 0.053620132530448429 -0.050171626566943454 0.045546388899165617 0.019099686709972363 0.0037917357930401354 -0.0031506056563244769 0.010277909244814211 -0.050443609062303843 0.034174011726841029 0.050859822432562464 -0.050438596037643613 0.050798771687846689 0.045806799423644462 -0.088355760108541848 0.04541609983410072 -0.073420679901603503 -0.057764781906285437 0.050381870197694412 -0.051167678002082599 0.051040179359364085 -0.050043166578797753 -0.050366707473111186 -0.051928689852208811 -0.050046965555931702 -0.05004802252417672 -0.050047578093690565
leaf_weight=3.9249382168054572 616.07760265469551 18.131817940855399 4.6835547026712439 1.863866759638767 19.182529449462891 65.355735060817096 223.65415639616549 90.956256187288091 93.723423904797528 8.0398577949963492 8.0184723632410151 3.7926517734304062 7.8570719738490906 0.49544201791286457 0.35785557795315981 5.8365086019039145 8.6244228754658234 1.49170176347252 5.7105730797629795 0.97051239322172467 1.389927527925465 5.4494096732232711 0.25382367125712146 32.718506574630737 21.587072721507866 6.7052605362841859 0.091541714617051184 9.2251046800520253 1.2702056097332386 0.57616882468573738
leaf_count=12 2387 176 19 41 27 33980 668 471 717 28 68 1144 18 2 135 21 31 25 23 31 77 24 38 112 25066 2398 5 10195 1426 635
internal_value=0.0327561 0.0124445 0.0259829 0.00947924 0.0115882 -0.0460506 0.0413599 0.025112 -0.00172801 0.0427334 0.0443257 0.0499537 0.0409917 0.0417769 0.00253452 0.0475638 0.0402612 -0.0724282 0.0502828 -0.0824689 -0.0648302 0.0508927 -0.0501475 0.0510036 -0.0501308 -0.0503422 -0.0507421 -0.0501562 -0.050316 -0.0503914
internal_weight=1268.02 581.373 472.106 227.71 221.994 109.267 244.396 110.139 111.855 239.712 231.673 686.643 65.1159 4.86978 0.944839 60.7471 16.4815 5.71601 44.2656 2.46221 3.25379 621.527 104.397 38.555 96.1679 8.22929 0.449397 74.5808 7.97547 4.36882
internal_count=80000 75605 2348 1565 1391 73257 783 498 893 764 736 4395 1984 154 142 205 49 174 156 56 118 2411 73103 133 69241 3862 140 44175 3824 1779
is_linear=0
shrinkage=0.05


Tree=79
num_leaves=31
num_cat=0
split_feature=4 0 0 2 5 10 5 5 0 5 0 11 2 2 0 0 2 5 4 2 2 2 2 10 4 0 4 5 2 4
split_gain=172.255 172.815 46.5324 20.9122 14.9575 14.2457 12.5717 7.90548 4.26446 2.29352 14.7986 2.17774 0.84419 0.720565 0.813545 0.432473 0.13781 0.118159 0.100562 0.00717768 0.000599273 0.000279067 6.21568e-05 5.97421e-05 6.01362e-05 3.26591e-05 1.59012e-05 8.35897e-06 9.71211e-07 3.93414e-07
threshold=5.5000000000000009 11883.435000000001 28815.715000000004 49.500000000000007 0.65450000000000019 1.5000000000000002 0.94950000000000012 0.94850000000000001 43105.460000000014 0.65450000000000019 13729.490000000002 1.5000000000000002 99.500000000000014 39.500000000000007 252.85500000000002 63032.060000000005 29.500000000000004 0.90550000000000008 3.5000000000000004 320.50000000000006 34.500000000000007 401.50000000000006 401.50000000000006 1.5000000000000002 3.5000000000000004 334.85500000000008 7.5000000000000009 0.94650000000000001 24.500000000000004 4.5000000000000009
decision_type=2 2 2 2 2 2 2 2 2 2 2 2 2 2 2 2 2 2 2 2 2 2 2 2 2 2 2 2 2 2
left_child=1 4 3 16 13 6 -5 8 11 20 22 -4 -12 -1 -15 -10 -3 19 -7 -14 28 23 26 24 -6 -16 27 -11 -2 -25
right_child=9 2 7 5 21 18 -8 -9 15 10 12 -13 17 14 25 -17 -18 -19 -20 -21 -22 -23 -24 29 -26 -27 -28 -29 -30 -31
leaf_value=0.050615912724837814 0.050852666467392373 -0.087743099142264677 0.028042478446426239 0.015406044069999842 -0.05019744881718502 -0.068644471200892121 -0.06916256604724598 -0.0064933552212941394 0.044654177251250697 -0.050471282717563716 0.031702275641236601 0.047848721887288399 0.051170187727528432 0.051321728379890977 -0.052060149502620029 0.05000317208709975 -0.073014396527619166 0.04422743711052475 -0.086659042965477454 0.049797350105766101 0.050370324135735028 -0.050043523418598704 -0.050048327772374751 -0.050045525228786358 -0.050321206174693482 -0.050548294537074295 -0.050823927034196276 -0.050106604254666079 0.05086879498192564 -0.050092755655684509
leaf_weight=3.8539929725229731 575.73354975879192 3.1540060329716644 56.500906518893316 209.6747376609128 38.45033335138578 3.9913720286567687 4.4886558790458357 8.4831857928074879 71.300512219779193 2.5827464233734645 7.5663749743252984 18.397562104044482 27.513885155320168 0.37397763133049 0.03954065457219258 80.397120347246528 3.198922430165112 8.4860578835941833 0.96125840395689 14.559238982852547 6.5040414908435187 42.565867502824403 1.0918335836613549 4.6351591868442474 13.180965088482479 0.3697840609238483 0.31539253174560133 0.16731430118670676 9.4877500236034376 0.4872547645936719
leaf_count=14 2343 25 206 1157 14757 134 185 30 244 438 27 51 91 1 2 252 31 35 33 52 30 49254 1207 5236 3530 137 31 103 38 326
internal_value=0.0324214 0.0121867 0.0253303 0.00910198 -0.0460421 0.0116948 0.0136336 0.0408952 0.0426693 0.049887 0.0407605 0.0329076 0.0472785 0.0417304 -0.00198808 0.0474891 -0.0803267 0.0496096 -0.0721409 0.0506951 0.0508476 -0.0501403 -0.0503723 -0.0502129 -0.050229 -0.0506943 -0.0504877 -0.0504491 0.0508529 -0.05005
internal_weight=1218.51 564.505 460.548 225.469 103.957 219.116 214.163 235.079 226.596 654.008 62.2828 74.8985 58.1256 4.6373 0.783302 151.698 6.35293 50.5592 4.95263 42.0731 591.725 99.3196 4.15729 56.7537 51.6313 0.409325 3.06545 2.75006 585.221 5.12241
internal_count=80000 75605 2348 1565 73257 1509 1342 783 753 4395 1984 257 205 154 140 496 56 178 167 143 2411 73103 1779 23849 18287 139 572 541 2381 5562
is_linear=0
shrinkage=0.05


Tree=80
num_leaves=31
num_cat=0
split_feature=3 0 5 2 0 5 7 0 5 0 2 7 7 1 2 5 0 2 7 5 0 2 11 2 0 0 2 2 5 2
split_gain=167.955 131.339 30.5591 27.3721 26.8672 34.5467 19.9919 12.6699 9.1786 29.4404 9.06361 7.03806 12.2388 8.09598 5.29586 4.53339 2.70453 4.27573 3.25721 1.40497 0.713822 0.280298 1.05354 0.0749432 0.0317173 0.00719988 0.00594817 0.00507749 0.000502435 0.000186677
threshold=2.5000000000000004 17757.770000000004 0.95050000000000001 49.500000000000007 11883.435000000001 0.65450000000000019 120.35000000000001 28815.715000000004 0.65450000000000019 11883.435000000001 345.50000000000006 107.95000000000002 87.950000000000017 18.500000000000004 380.50000000000006 0.83850000000000013 43105.460000000014 119.50000000000001 56.050000000000004 0.90750000000000008 28815.715000000004 39.500000000000007 1.0000000180025095e-35 204.50000000000003 28815.715000000004 21807.355000000003 34.500000000000007 365.50000000000006 0.9295000000000001 401.50000000000006
decision_type=2 2 2 2 2 2 2 2 2 2 2 2 2 2 2 2 2 2 2 2 2 2 2 2 2 2 2 2 2 2
left_child=1 4 3 -3 5 21 7 -5 26 -10 11 12 -6 -13 27 -16 17 18 -11 -19 23 -1 -23 -4 -8 -25 -2 -12 -18 -7
right_child=8 2 20 6 10 29 24 -9 9 16 14 13 -14 -15 15 -17 28 19 -20 -21 -22 22 -24 25 -26 -27 -28 -29 -30 -31
leaf_value=0.050699314258667874 0.050810409183668803 -0.10150839915257298 -0.08191255867825642 0.021486651614121052 -0.0067005627229732405 -0.050187194147651985 -0.054288452672374116 0.044395457575451741 -0.050323522291385807 -0.017269664345304581 -0.088152333098295343 -0.088485933885578197 0.035746503737765126 0.016837449238335713 -0.082404337607832376 0.0082503687641350045 0.050903964329961138 0.046558432137188771 0.03053368999723113 0.023931721895215672 -0.10598101898000362 -0.050438270936622655 0.05096667545939193 -0.062857217734518966 -0.061821134014806767 -0.054988348721449358 0.049090174390020787 -0.091610862945842531 0.051417885406234945 -0.050041354110166886
leaf_weight=8.7147576678544265 552.55831724405289 3.7206875160336486 0.56923466920852561 89.603090470889583 54.454289192333817 50.37238785054069 2.6004144119797266 184.89272210374475 9.1808408380020392 5.7148289121687403 2.196562491822986 4.3376211455324656 24.677492217160761 3.1492656986229122 1.9521665794309226 4.6974307742784731 48.139742294326425 41.73555523622781 9.4656817074865085 8.2102776165120286 3.1510522274766117 0.33703220164170389 1.0671618729829786 0.82875528186559655 3.020829881541431 0.44775178923737258 5.0712607543682671 2.0531644094735384 5.2771877348422995 38.876591174164787
leaf_count=35 2362 23 3 333 130 22918 126 583 4623 17 18 93 34 25 279 317 185 154 26 40 22 137 4 26 52 33 27 22 16 47337
internal_value=0.0320847 0.00959222 0.0310585 0.0332164 -0.0218991 -0.0401967 0.0350059 0.0369174 0.0480255 0.0359352 -0.00325447 0.00215273 0.00653669 -0.044183 -0.0462263 -0.0183637 0.0426157 0.035776 0.0125377 0.042839 -0.0915174 0.0473589 0.0266276 -0.0668251 -0.0583365 -0.0600971 0.0507948 -0.0898232 0.0509547 -0.0501237
internal_weight=1171.07 485.72 288.835 283.838 196.886 99.3679 280.117 274.496 685.354 127.724 97.518 86.6187 79.1318 7.48689 10.8993 6.6496 118.543 65.1263 15.1805 49.9458 4.99679 10.119 1.40419 1.84574 5.62124 1.27651 557.63 4.24973 53.4169 89.249
internal_count=80000 72550 1201 1117 71349 70431 1094 916 7450 5061 918 282 164 118 636 596 438 237 43 194 84 176 141 62 178 59 2389 40 201 70255
is_linear=0
shrinkage=0.05


Tree=81
num_leaves=31
num_cat=0
split_feature=4 0 0 2 5 3 4 0 5 5 11 5 0 2 3 0 2 0 2 1 5 2 2 2 3 3 2 0 5 4
split_gain=162.698 152.303 43.6849 18.3349 13.5061 12.916 7.75271 7.56608 7.44682 7.05226 2.25489 2.19718 13.292 0.88201 0.760775 1.31165 0.668046 0.743004 0.35479 0.146801 0.129351 0.00792966 0.000674173 0.000206718 9.62113e-05 5.85876e-05 4.59906e-05 4.09319e-05 2.13794e-05 1.17835e-05
threshold=5.5000000000000009 11883.435000000001 28815.715000000004 49.500000000000007 0.65450000000000019 1.5000000000000002 1.5000000000000002 43105.460000000014 0.94850000000000001 0.84950000000000003 1.5000000000000002 0.65450000000000019 13729.490000000002 99.500000000000014 1.5000000000000002 63032.060000000005 39.500000000000007 252.85500000000002 370.50000000000006 11.500000000000002 0.90550000000000008 320.50000000000006 34.500000000000007 401.50000000000006 2.5000000000000004 2.5000000000000004 401.50000000000006 126.25000000000001 0.95050000000000001 7.5000000000000009
decision_type=2 2 2 2 2 2 2 2 2 2 2 2 2 2 2 2 2 2 2 2 2 2 2 2 2 2 2 2 2 2
left_child=1 4 3 19 16 9 -7 8 10 -5 -4 22 26 -14 15 -9 -1 -18 -16 -3 21 -15 -2 24 28 -19 29 -26 -6 -13
right_child=11 2 7 5 23 6 -8 14 -10 -11 -12 12 13 20 18 -17 17 25 -20 -21 -22 -23 -24 -25 27 -27 -28 -29 -30 -31
leaf_value=0.050405880531980155 0.050770480946304847 -0.087621671696989992 0.026423620664790648 -0.013964851339173443 -0.050179350161392758 0.053373999593764709 0.017151056521234529 0.03291752970097532 -0.030242292251664051 0.011587144684762879 0.047368739916787334 -0.050406194181578948 0.030455099689093174 0.051073503010045318 0.050432132267765828 0.049277937323469988 0.051193216531564202 -0.050349533657380902 0.039408776392061286 -0.071513423867350254 0.043539659727291569 0.0495683727068656 0.050233364712929898 -0.050039377779923927 -0.05110412748402654 -0.051827590315280885 -0.050043961290278216 -0.050371912449773029 -0.050045052870981224 -0.050745081050051058
leaf_weight=3.5020367559045544 530.36903186142445 2.2606493801577008 53.029828736092895 54.66963552456582 43.193692375905812 17.770823568105698 87.521899425715674 22.582910349825397 5.2501907397527239 53.359968728502281 16.959371132776141 2.4908691539894789 7.1174811087548724 25.174400180578232 84.512118456885219 26.777322012931108 0.33931267261505116 0.2915768048260361 7.9893904526252291 3.7784115778049454 7.9319548499770454 13.413314579520373 5.9072458499576888 38.51771168858977 0.19876968022435804 0.087063920451328158 0.98855382308829565 4.7989909818279557 3.1817654636688522 0.28595878550549958
leaf_count=14 2381 23 206 489 18930 27 509 87 22 484 51 541 27 91 301 81 1 134 35 33 35 52 30 49254 17 5 1207 1229 3673 31
internal_value=0.0317879 0.0116677 0.0241071 0.00837039 -0.0460229 0.0108026 0.0232646 0.0400076 0.0271906 -0.00134374 0.0314989 0.0497694 0.0404721 0.046847 0.0468053 0.0417929 0.0413984 -0.00253855 0.04948 -0.0775434 0.0493549 0.0505503 0.0507646 -0.0501269 -0.0501926 -0.0506894 -0.0503368 -0.050401 -0.0501701 -0.0504411
internal_weight=1124.25 530.573 436.463 219.361 94.1109 213.322 105.293 217.101 75.2394 108.03 69.9892 593.679 57.4025 53.6372 141.862 49.3602 4.21999 0.717953 92.5015 6.03906 46.5197 38.5877 536.276 89.8909 51.3732 0.378641 3.76538 4.99776 46.3755 2.77683
internal_count=80000 75605 2348 1565 73257 1509 536 783 279 973 257 4395 1984 205 504 168 154 140 336 56 178 143 2411 73103 23849 139 1779 1246 22603 572
is_linear=0
shrinkage=0.05


Tree=82
num_leaves=31
num_cat=0
split_feature=4 2 5 10 3 2 7 7 7 5 4 2 1 5 2 2 2 7 7 1 2 3 2 3 2 1 7 10 7 1
split_gain=158.281 68.7671 34.6384 30.5085 25.8825 16.2584 13.1765 2.27066 3.30669 1.36794 11.7502 4.76841 1.06804 1.9274 0.49186 0.378145 1.56528 0.369454 0.393435 0.439264 0.316704 0.11399 0.00831532 0.0022989 0.00280962 0.0010864 0.000462423 0.000434245 0.000415136 5.85831e-05
threshold=5.5000000000000009 401.50000000000006 0.95050000000000001 1.5000000000000002 1.5000000000000002 49.500000000000007 120.35000000000001 116.95000000000002 120.35000000000001 0.65450000000000019 6.5000000000000009 99.500000000000014 22.500000000000004 0.84050000000000014 370.50000000000006 390.50000000000006 401.50000000000006 114.95000000000002 66.65000000000002 22.500000000000004 74.500000000000014 2.5000000000000004 194.50000000000003 6.5000000000000009 184.50000000000003 22.500000000000004 119.65000000000002 1.5000000000000002 172.35000000000005 6.5000000000000009
decision_type=2 2 2 2 2 2 2 2 2 2 2 2 2 2 2 2 2 2 2 2 2 2 2 2 2 2 2 2 2 2
left_child=1 2 3 4 5 -1 -6 9 -9 -2 15 -12 14 -14 -5 20 -17 18 21 -20 -11 -4 23 24 -10 28 27 -19 -24 -28
right_child=7 -3 17 12 6 -7 -8 8 22 10 11 -13 13 -15 -16 16 -18 26 19 -21 -22 -23 25 -25 -26 -27 29 -29 -30 -31
leaf_value=-0.076652951727126717 0.050732495450493055 -0.05008454316519554 -0.061027984526974777 -0.06071081472923872 0.03309393001002086 0.0099370299251631475 -0.055509363602626684 0.047371994053699761 -0.050485983433268926 0.033242886473698482 -0.28188518266897544 -0.050424602677305225 -0.080998536875192442 -0.27489906656133783 -0.10099690857966459 0.048687918547403425 -0.050124318258491576 -0.050996644510050732 -0.082515347800698982 -0.15004525810656921 0.047712006885461664 -0.081893278955902524 -0.050130497007239483 -0.064948520107084476 -0.060474768682356732 -0.056184930599414151 -0.050837593359373878 -0.055245996774777442 -0.053023014683908881 -0.050187526325466636
leaf_weight=5.5726065740454933 510.46821245551109 41.783957985637244 3.3559460380929504 8.1362277829903125 244.76015183120035 199.29579569899943 4.2692525755264787 2.0576335960067804 0.092778005870058911 4.1348597235046318 0.33297707932069787 0.67075122334063053 0.51579714275430966 0.17053293326171115 0.83545340719865713 1.7001111682038748 0.52440801507327695 0.14180649898480524 4.5504612522781827 0.25426506943767879 44.303179450565949 0.81318678415846068 0.37471777893370017 0.17718611657619476 0.29184443922713399 0.12853968591662124 0.58531704935012363 0.10437187476782128 0.1854280291008763 0.84968301327899098
leaf_count=949 2407 50362 1255 4200 3727 9949 1842 36 83 59 16 267 121 77 397 12 570 91 1083 58 381 68 466 1 6 27 418 17 64 991
internal_value=0.0314316 0.0114075 0.0168257 0.0188744 0.0207455 0.0075817 0.031575 0.0497047 0.00840182 0.0499478 0.0421949 -0.127209 -0.0690612 -0.129177 -0.0644623 0.0455511 0.0253939 -0.0723069 -0.0763368 -0.086089 0.0464769 -0.0650977 -0.0557219 -0.0602362 -0.0580653 -0.0520393 -0.0507961 -0.0527982 -0.051088 -0.0504527
internal_weight=1081.44 515.995 474.211 463.556 453.898 204.868 249.029 565.443 3.30813 562.134 51.6663 1.00373 9.65801 0.68633 8.97168 50.6626 2.22452 10.655 8.97386 4.80473 48.438 4.16913 1.25049 0.561809 0.384622 0.688685 1.68118 0.246178 0.560146 1.435
internal_count=80000 75605 25243 21262 16467 10898 5569 4395 683 3712 1305 283 4795 198 4597 1022 582 3981 2464 1141 440 1323 647 90 89 557 1517 108 530 1409
is_linear=0
shrinkage=0.05


Tree=83
num_leaves=31
num_cat=0
split_feature=3 2 10 5 7 8 5 7 2 7 7 2 7 1 7 7 7 7 12 1 2 7 7 5 2 2 2 7 10 5
split_gain=154.59 57.5592 28.3247 25.7972 20.7419 15.993 9.18808 11.4275 7.98648 6.0549 3.89541 2.04504 0.92676 0.826037 1.26862 1.24126 0.479334 0.90289 0.305983 0.354898 0.270427 0.0918406 0.0298899 0.0280639 0.00586998 0.0052347 1.257e-05 1.03197e-05 6.42814e-06 6.21635e-06
threshold=2.5000000000000004 401.50000000000006 1.5000000000000002 0.95050000000000001 120.35000000000001 1.0000000180025095e-35 0.65450000000000019 23.250000000000004 401.50000000000006 21.850000000000005 119.65000000000002 59.500000000000007 120.35000000000001 22.500000000000004 105.35000000000001 106.05000000000001 66.65000000000002 54.650000000000013 1.0000000180025095e-35 22.500000000000004 335.50000000000006 95.65000000000002 76.350000000000009 0.99350000000000016 34.500000000000007 370.50000000000006 34.500000000000007 118.95000000000002 1.5000000000000002 0.94950000000000012
decision_type=2 2 2 2 2 2 2 2 2 2 2 2 2 2 2 2 2 2 2 2 2 2 2 2 2 2 2 2 2 2
left_child=1 2 3 4 5 -1 24 9 10 23 11 -9 -12 16 21 -16 17 -4 20 -20 -5 -15 -18 26 -2 -6 -8 28 29 -3
right_child=6 27 13 18 25 -7 7 8 -10 -11 12 -13 -14 14 15 -17 22 -19 19 -21 -22 -23 -24 -25 -26 -27 -28 -29 -30 -31
leaf_value=0.020550726935261363 0.050695932573535829 -0.050119826706648551 -0.059332658428813682 -0.063564082569401631 -0.053611678397620224 -0.16775459469766779 -0.051252314250157131 0.0044322109119760223 -0.050113705161375525 -0.3440494103360579 0.043835492367486947 0.040799590730747855 -0.057425001567340095 -0.056731619486348819 -0.31430456397205303 -0.050153129684258627 -0.063914757395815425 -0.11088191849072369 -0.050741820588401654 -0.15550636754666414 -0.084490771290608169 -0.099052693959872706 -0.054026243836646018 -0.072637763344392842 0.048861957183835403 -0.05724112455417231 -0.050260657080176997 -0.050041671233717777 -0.050045107156332827 -0.050037979378006504
leaf_weight=381.18868004356045 476.65172669291496 17.796035411360215 2.2491172261652506 5.8048730012960714 8.5794925274094549 1.1309171317843709 0.035074624931438758 4.0123346059117457 2.6111851029563686 0.26556054019602016 0.27356755372602393 105.70503025560174 1.2983582064043728 0.24778731205151494 0.13433175324462354 0.066483507252996787 0.90664155757985998 1.36493695754325 0.12773923994973291 0.22016826283652335 2.1031141531420872 0.26559943926986307 4.8638340486213565 0.21997880254639313 4.4033523633843279 1.1235645659035061 0.35939774423604831 12.70647896354785 4.8447145008249199 2.6676379511482073
leaf_count=10063 2362 19534 1243 2419 5028 196 3 103 3025 29 9 1146 552 131 4 83 323 341 89 5 459 18 3303 7 27 441 187 17958 6990 3922
internal_value=0.0309573 0.00878061 0.014233 0.0163194 0.0181615 0.0199937 0.0476463 0.0349352 0.0363219 -0.14455 0.03835 0.0394696 -0.0398023 -0.0684677 -0.120304 -0.226852 -0.0645227 -0.0788015 -0.0711485 -0.117041 -0.0691295 -0.0786263 -0.0555799 -0.0583285 0.0506791 -0.0540319 -0.0503488 -0.0500784 -0.0500969 -0.0501092
internal_weight=1044.23 448.392 410.377 400.279 392.023 382.32 595.836 114.78 113.9 0.880012 111.289 109.717 1.57193 10.0987 0.714202 0.200815 9.38453 3.61405 8.25589 0.347908 7.90799 0.513387 5.77048 0.614451 481.055 9.70306 0.394472 38.0149 25.3084 20.4637
internal_count=80000 72550 24146 18700 15728 10259 7450 5061 4835 226 1810 1249 561 5446 236 87 5210 1584 2972 94 2878 149 3626 197 2389 5469 190 48404 30446 23456
is_linear=0
shrinkage=0.05


Tree=84
num_leaves=31
num_cat=0
split_feature=4 0 0 2 5 10 5 0 5 7 5 0 2 7 7 2 0 7 1 7 0 7 2 7 4 2 0 7 4 7
split_gain=152.96 134.156 42.9916 16.1459 12.0912 11.2756 10.0168 7.55864 6.10096 2.72009 2.23173 12.3225 0.929162 0.908191 0.59372 0.561675 0.654782 0.419707 0.138938 0.107604 0.00252633 0.0008594 0.000206326 6.6543e-05 4.49256e-05 4.07033e-05 2.40197e-05 1.00268e-05 6.88652e-06 8.20692e-07
threshold=5.5000000000000009 11883.435000000001 28815.715000000004 49.500000000000007 0.65450000000000019 1.5000000000000002 0.94950000000000012 43105.460000000014 0.94850000000000001 43.650000000000013 0.65450000000000019 13729.490000000002 99.500000000000014 30.250000000000004 112.25000000000001 39.500000000000007 252.85500000000002 113.55000000000001 11.500000000000002 97.750000000000014 21807.355000000003 27.450000000000003 401.50000000000006 120.35000000000001 3.5000000000000004 401.50000000000006 334.85500000000008 120.35000000000001 7.5000000000000009 21.850000000000005
decision_type=2 2 2 2 2 2 2 2 2 2 2 2 2 2 2 2 2 2 2 2 2 2 2 2 2 2 2 2 2 2
left_child=1 4 3 18 15 6 -5 8 9 -4 21 25 -13 -9 -15 -1 -17 20 -3 -7 -14 29 23 24 -6 27 -18 28 -12 -2
right_child=10 2 7 5 22 19 -8 13 -10 -11 11 12 17 14 -16 16 26 -19 -20 -21 -22 -23 -24 -25 -26 -27 -28 -29 -30 -31
leaf_value=0.050270763562236781 0.050661498983369961 -0.086301937628659287 0.0095950813295327033 0.012427398728261123 -0.050185725875516875 -0.074010016110039475 -0.067451009248846214 0.031449460535129758 -0.026513439315493381 0.035200166479666846 -0.050431259401544894 0.028848033191260333 0.05176092255001942 0.048592810434622019 0.035936870040469839 0.051074457458158307 -0.051856473128313832 0.035042828449695529 -0.070176217764110274 -0.055885050368512629 0.050702219929617799 0.049935357789244281 -0.05003388342779283 -0.050032492591143313 -0.05030096227681731 -0.05003789614971365 -0.050482566543277735 -0.05003836053479719 -0.050711519710666036 0.050679961783500142
leaf_weight=3.1254455894231792 452.53204929828644 2.1326736049959427 12.949070398695765 195.38708183506969 32.094982833747054 3.3732170251896596 4.0051679546595542 9.4831497916020435 5.1333818807033813 52.121417792048305 2.294920949148946 6.5619977265596381 6.9525650241412214 109.67818708252162 10.122086451621724 0.30696359276771534 0.035718104743864387 4.7065577025059602 3.5746242536697537 1.0813730569207107 29.730374989099801 4.1083991478662929 33.150395783915883 5.5653156302869311 11.484038751194019 0.85205078366561782 0.29091302561573684 0.15078714984701935 0.24233318865299214 6.1001474112272254
leaf_count=14 2356 23 46 1157 12317 79 185 33 22 211 337 27 19 422 49 1 2 27 33 88 132 24 49254 8623 2909 1207 137 214 21 31
internal_value=0.0304577 0.0106206 0.0225586 0.00674293 -0.0461246 0.00906522 0.0108229 0.0391724 0.0259648 0.0301047 0.0495565 0.0396821 0.046328 0.0463444 0.0475235 0.0415687 -0.00135773 0.0490994 -0.076202 -0.0696101 0.0509029 0.0506553 -0.0501303 -0.0501953 -0.0502161 -0.050339 -0.0506328 -0.0504345 -0.050458 0.0506617
internal_weight=1009.33 495.095 409.041 209.554 86.0538 203.847 199.392 199.487 70.2039 65.0705 514.232 51.4916 47.9515 129.283 119.8 3.75904 0.633595 41.3895 5.7073 4.45459 36.6829 462.741 82.2947 49.1443 43.579 3.54009 0.326631 2.68804 2.53725 458.632
internal_count=80000 75605 2348 1565 73257 1509 1342 783 279 257 4395 1984 205 504 471 154 140 178 56 167 151 2411 73103 23849 15226 1779 139 572 358 2387
is_linear=0
shrinkage=0.05


Tree=85
num_leaves=31
num_cat=0
split_feature=4 0 7 5 0 0 2 5 0 7 7 4 5 7 2 0 5 0 2 2 5 0 7 0 5 2 7 2 7 2
split_gain=148.646 126.361 34.4009 26.9586 24.8014 22.531 18.6041 11.5004 10.3914 9.43138 20.3693 9.32227 27.5854 8.62611 5.24433 2.75438 2.22266 11.6492 1.51149 0.945443 0.532734 0.704976 0.450746 0.434443 0.0840564 0.00192917 0.00100819 0.00017757 5.72638e-05 3.50143e-05
threshold=5.5000000000000009 15105.005000000003 24.750000000000004 0.95050000000000001 11883.435000000001 28815.715000000004 54.500000000000007 0.65450000000000019 12761.115000000002 78.450000000000017 58.850000000000001 2.5000000000000004 0.81450000000000011 119.65000000000002 150.50000000000003 28815.715000000004 0.65450000000000019 13729.490000000002 189.50000000000003 99.500000000000014 0.39550000000000007 252.85500000000002 113.55000000000001 28815.715000000004 0.97750000000000015 375.50000000000006 27.450000000000003 401.50000000000006 120.35000000000001 401.50000000000006
decision_type=2 2 2 2 2 2 2 2 2 2 2 2 2 2 2 2 2 2 2 2 2 2 2 2 2 2 2 2 2 2
left_child=1 4 15 5 7 6 -4 20 11 10 -10 18 -13 -7 -11 -3 26 29 -6 -19 -1 -22 25 24 -5 -21 -2 28 -9 -18
right_child=16 2 3 23 8 13 -8 27 9 14 -12 12 -14 -15 -16 -17 17 19 -20 22 21 -23 -24 -25 -26 -27 -28 -29 -30 -31
leaf_value=0.050896746883094805 0.050629054898442841 -0.083433145153587032 -0.09310268043866618 -0.076145680106061847 0.013642220618702417 0.044007588072289883 0.01879545661238494 -0.050205533026601412 -0.018526636010384012 -0.073957337656841982 -0.1378747574177589 0.028392700507397541 -0.13191688251403197 -0.031677832408219253 0.013263969393884221 -0.16871279733966166 -0.050413166924589248 0.028164323599331222 0.044282902351228948 0.050981537691507088 0.050615089046438834 -0.050628995641910479 0.03416178442245054 -0.095963913491253217 -0.058281372280433466 0.049927142917415505 0.049823259260592438 -0.050032229470126283 -0.050030906828000016 -0.050036047344406281
leaf_weight=2.893552184104919 436.53901021182537 2.1446781391859981 3.8241706271655849 1.3534010451985516 5.5407436615787473 184.0486218733713 129.54450117045781 41.462147426995216 14.478915630345002 1.9479752004845092 4.7472306324052616 9.1994359542150033 3.7886430266080415 3.8433141834102562 14.948533234826753 1.6952544990926979 2.5579979565809476 6.3896620236337176 14.710916040756272 29.868450745940208 0.35785469412803639 0.33095286425668746 4.5895643406547597 2.7101842181291431 1.282407230348326 5.0752855567261568 3.9166046746540806 31.53464800681104 5.294055583246517 0.81052497218479391
leaf_count=12 2387 34 31 55 18 692 725 15226 100 36 58 41 77 58 239 14 572 27 101 125 2 140 27 19 50 26 24 49254 8623 1207
internal_value=0.030098 0.0103762 0.0277012 0.0294505 -0.0274785 0.0313035 0.0155869 -0.0461154 -0.00548018 -0.0240447 -0.0479955 0.0146945 -0.0183699 0.0424594 0.00320834 -0.121082 0.0494951 0.0394261 0.0358998 0.0460093 0.0414893 0.00197012 0.0488935 -0.0819073 -0.0674541 0.0508284 0.0506219 -0.0501239 -0.0501858 -0.0503224
internal_weight=971.429 481.682 330.447 326.607 151.236 321.261 133.369 81.8732 69.3624 36.1227 19.2261 33.2397 12.9881 187.892 16.8965 3.83993 489.747 49.2915 20.2517 45.923 3.58236 0.688808 39.5333 5.34599 2.63581 34.9437 440.456 78.2909 46.7562 3.36852
internal_count=80000 75605 1678 1630 73927 1506 756 73257 670 433 158 237 118 750 275 48 4395 1984 119 205 154 142 178 124 105 151 2411 73103 23849 1779
is_linear=0
shrinkage=0.05


Tree=86
num_leaves=31
num_cat=0
split_feature=4 0 0 2 7 5 5 5 4 0 11 5 5 7 1 3 2 5 0 5 7 2 7 0 7 2 3 7 3 0
split_gain=144.056 118.372 40.826 21.8639 21.1525 18.8314 10.9384 2.21607 11.4849 8.9035 4.90065 9.13363 1.30098 1.22455 1.07628 0.599644 1.21057 0.506179 0.670182 0.402651 0.247805 0.121347 0.117574 0.0104813 0.00117962 0.000152825 7.84868e-05 3.3914e-05 3.22504e-05 3.03824e-05
threshold=5.5000000000000009 11883.435000000001 43105.460000000014 49.500000000000007 24.750000000000004 0.94950000000000012 0.65450000000000019 0.65450000000000019 6.5000000000000009 13729.490000000002 1.5000000000000002 0.82450000000000012 0.82650000000000012 26.150000000000002 22.500000000000004 1.5000000000000002 129.50000000000003 0.39550000000000007 252.85500000000002 0.88550000000000006 113.55000000000001 99.500000000000014 112.95000000000002 21807.355000000003 27.450000000000003 401.50000000000006 2.5000000000000004 120.35000000000001 2.5000000000000004 126.25000000000001
decision_type=2 2 2 2 2 2 2 2 2 2 2 2 2 2 2 2 2 2 2 2 2 2 2 2 2 2 2 2 2 2
left_child=1 6 3 19 12 -6 17 24 9 -9 14 -12 -5 -4 23 16 -15 -1 -19 -3 21 -11 -17 -10 -2 26 27 -8 -20 -28
right_child=7 2 13 4 5 -7 25 8 10 20 11 -13 -14 15 -16 22 -18 18 28 -21 -22 -23 -24 -25 -26 -27 29 -29 -30 -31
leaf_value=0.05085233594282168 0.050597996646025857 -0.073640064140466546 0.019405760378231888 -0.12694039185270067 0.01661579509288268 -0.074989168181667537 -0.050171346689178276 -0.050297333279706286 -0.050345104929221951 0.042894893772014941 -0.9032996629620611 -0.050323981022346878 -0.069670262251044043 0.026361275395779385 -0.17779296426835153 0.050044135927980155 0.046714121435657618 0.050584728763395453 -0.050320465383983728 -0.10070756102328147 0.03725841220770499 0.050755293517721768 0.041774079844056344 -0.064174485742093099 0.049705339792462305 -0.050030657805881833 -0.05101261632515891 -0.050029282859368841 -0.051518636864590898 -0.050348125160111556
leaf_weight=2.7547751218080516 415.49721142649651 4.0031263669952741 4.2202022736892095 2.2031667481060131 255.21545654255897 5.7363967733399468 35.209151085960912 2.4160903971351209 0.67213591723702737 5.7595497220754615 0.05370643117930729 0.07550872367573902 1.803295853314921 9.5209336876869184 0.2179546999395825 69.010157393291593 31.404957794118673 0.34060105681419361 0.2418484318186529 2.0919562123017386 4.5437015839852384 33.286192948929965 4.5831148514989755 0.17208874225616455 3.7342088131699702 29.997604010801297 0.17914697318337758 4.7701377387274979 0.073147403891198337 4.3252776205481496
leaf_count=12 2387 36 15 33 1495 216 14424 1328 386 23 12 31 39 37 24 304 124 2 135 25 28 151 24 1 24 49254 17 8179 5 1229
internal_value=0.029772 0.0101631 0.0214078 0.0106978 0.0128516 0.0146021 -0.0461085 0.0494337 0.039162 0.0431312 -0.114107 -0.404851 -0.101163 0.0458563 -0.0787374 0.046831 0.0419793 0.0414552 0.00196894 -0.0829302 0.0483098 0.0495958 0.0495291 -0.0531641 0.05059 -0.0501179 -0.0501767 -0.0501544 -0.0505987 -0.0503746
internal_weight=934.113 467.684 389.793 271.053 264.958 260.952 77.8917 466.428 47.1969 46.0055 1.19139 0.129215 4.00646 118.739 1.06218 114.519 40.9259 3.41037 0.655597 6.09508 43.5894 39.0457 73.5933 0.844225 419.231 74.4813 44.4837 39.9793 0.314996 4.50442
internal_count=80000 75605 2348 1844 1783 1711 73257 4395 1984 1530 454 43 72 504 411 489 161 154 142 61 202 174 328 387 2411 73103 23849 22603 140 1246
is_linear=0
shrinkage=0.05


Tree=87
num_leaves=31
num_cat=0
split_feature=4 0 7 0 0 5 7 5 5 4 5 5 3 3 5 5 4 0 11 0 0 1 7 5 5 0 4 7 0 0
split_gain=140.074 111.649 29.5265 24.118 23.0426 17.5022 13.4175 10.4039 10.2023 11.7618 10.058 10.438 9.56877 4.88679 3.08995 2.18657 10.4964 8.4318 2.70791 3.41663 1.89823 0.821693 0.65449 0.545195 0.480976 0.637121 0.368142 0.307185 0.197754 0.0867572
threshold=5.5000000000000009 15105.005000000003 24.750000000000004 43105.460000000014 11883.435000000001 0.94950000000000012 120.35000000000001 0.65450000000000019 0.73850000000000005 2.5000000000000004 0.77550000000000019 0.80950000000000022 1.5000000000000002 1.5000000000000002 0.77150000000000019 0.65450000000000019 6.5000000000000009 13729.490000000002 1.5000000000000002 15105.005000000003 28815.715000000004 22.500000000000004 112.25000000000001 0.94350000000000012 0.39550000000000007 252.85500000000002 1.5000000000000002 114.25000000000001 28815.715000000004 21807.355000000003
decision_type=2 2 2 2 2 2 2 2 2 2 2 2 2 2 2 2 2 2 2 2 2 2 2 2 2 2 2 2 2 2
left_child=1 4 20 5 7 6 -4 24 9 12 14 -12 -6 -11 -10 -2 17 -17 21 -20 -3 -18 23 -5 -1 -26 -24 29 -7 -19
right_child=15 2 3 22 8 28 -8 -9 10 13 11 -13 -14 -15 -16 16 18 27 19 -21 -22 -23 26 -25 25 -27 -28 -29 -30 -31
leaf_value=0.050810155694287554 0.050559681740157902 -0.078676681412526359 0.022424590540965988 0.048628522108295769 -0.087768616150362355 -0.065397274289683019 -0.055954920351078664 -0.050112118584421342 0.019347012779764427 -0.083699157343908745 -0.086062855503789823 -0.0039338447152057832 0.053415433331422894 -0.23892220042557005 0.065860330573911469 -0.050282822904637883 -0.052998935853643292 0.044319057140477229 -0.050292342732678644 -0.50472519514431202 -0.14941974262958699 -0.16026345502300704 0.046230065967805975 0.031163390484562833 0.050555887412705405 -0.050569371613076133 0.02572713660237896 0.034893362394076928 -0.08539458208125654 0.050594844847131941
leaf_weight=2.6225436329841609 399.01873743021861 2.0282549796975213 185.72392604779452 99.200354564934969 2.5437515577068543 2.5440820748626711 5.6255691880360237 70.856752623920329 11.70711525983643 0.97277852479601312 4.2797135067521586 40.28216395486379 2.2720580657478422 1.0590897708898408 5.1374394759768611 2.2989027810108373 0.80547972943168022 6.6980994087643912 0.077086228498956078 0.089250169694423676 1.7808021896053103 0.22938607804826461 3.6361743779852969 4.6791254486888638 0.32416991889476765 0.29980267304927111 5.5025629859883338 3.9926435090601435 2.4050174786243588 30.966004473157227
leaf_count=12 2411 34 752 435 42 107 256 73103 85 26 62 410 7 26 12 1328 387 21 42 1 14 24 18 15 2 140 31 26 16 155
internal_value=0.0294007 0.00991791 0.0266092 0.0283131 -0.0267959 0.0177192 0.0201203 -0.0461019 -0.00583549 -0.0637237 0.000619854 -0.0118215 -0.0211592 -0.164608 0.0335332 0.0493795 0.0389513 0.0429363 -0.106872 -0.294125 -0.11175 -0.076775 0.0467133 0.0478418 0.0414228 0.00196782 0.033885 0.0480808 -0.075115 0.0494788
internal_weight=899.659 455.483 313.126 309.317 142.357 196.299 191.349 74.1033 68.2541 6.84768 61.4064 44.5619 4.81581 2.03187 16.8446 444.176 45.1569 43.9557 1.2012 0.166336 3.80906 1.03487 113.018 103.879 3.24652 0.623973 9.13874 41.6567 4.9491 37.6641
internal_count=80000 75605 1678 1630 73927 1131 1008 73257 670 101 569 472 49 52 97 4395 1984 1530 454 43 48 411 499 450 154 142 49 202 123 176
is_linear=0
shrinkage=0.05


Tree=88
num_leaves=31
num_cat=0
split_feature=4 0 0 2 7 5 5 7 7 5 4 0 0 0 7 7 5 2 0 5 3 2 0 0 2 3 3 7 0 5
split_gain=135.93 104.388 38.4838 20.0384 17.9911 16.3659 9.89552 2.62055 2.38374 1.33352 9.10474 7.22763 2.48281 1.26536 1.19311 0.673504 0.554531 0.457091 0.534487 0.404199 0.368656 0.129739 0.00880675 0.000405599 0.000113214 5.81781e-05 2.57198e-05 2.51142e-05 2.25216e-05 1.97487e-05
threshold=5.5000000000000009 11883.435000000001 43105.460000000014 49.500000000000007 24.750000000000004 0.94950000000000012 0.65450000000000019 117.65000000000002 120.35000000000001 0.65450000000000019 6.5000000000000009 13729.490000000002 15105.005000000003 28815.715000000004 26.150000000000002 112.25000000000001 0.94350000000000012 39.500000000000007 252.85500000000002 0.88550000000000006 1.5000000000000002 99.500000000000014 17757.770000000004 15105.005000000003 401.50000000000006 2.5000000000000004 2.5000000000000004 120.35000000000001 126.25000000000001 0.65450000000000019
decision_type=2 2 2 2 2 2 2 2 2 2 2 2 2 2 2 2 2 2 2 2 2 2 2 2 2 2 2 2 2 2
left_child=1 6 3 19 13 -6 17 9 -9 -2 11 -11 -12 -5 -4 16 -16 -1 -19 -3 -17 -13 23 29 25 27 -20 -8 -27 -10
right_child=7 2 14 4 5 -7 24 8 22 10 12 21 -14 -15 15 20 -18 18 26 -21 -22 -23 -24 -25 -26 28 -28 -29 -30 -31
leaf_value=0.050044445390285845 0.050540802627154727 -0.071884456418238415 0.018557569976830321 -0.076443535535696647 0.015524954437187056 -0.072257054849222874 -0.050155010067749639 0.045702932795825685 -0.051333456158291428 -0.050301326628474911 -0.050344872725061579 0.042298880301463213 -0.21824356415331919 -0.13928717292100526 0.048370287335071482 0.021563918994722667 0.030481670114231876 0.050876498197179647 -0.050237613845799868 -0.099521814531409653 0.042097986350464668 0.050620213050447421 -0.059848319416630415 -0.053660585315505271 -0.050027735959924713 -0.050915580429769493 -0.051372067331075015 -0.050026491725187749 -0.050314927208881477 -0.05002867581225659
leaf_weight=2.5700673200190063 379.73287060856819 3.8707035763654849 4.0239551733247927 2.7678845866175825 248.5249073181767 5.4255923813616382 31.870287561963778 1.1827084089745761 0.031657016370445268 1.9078228371217836 0.59671536479436227 5.4694439619779578 0.34894576668739319 1.1271981552708896 91.338077640160918 3.8796590147539955 4.5479526957496992 0.25236141681671131 0.20155898336088285 2.009901057346724 5.0064514679834247 32.621465713717043 0.64134768513031304 0.10432732291519642 27.14224915090017 0.16253562073688854 0.066426984034478664 4.316070322180166 3.917042211338412 0.34557163146382663
leaf_count=14 2407 36 15 63 1495 216 14424 30 2 840 282 24 2 9 425 22 15 1 134 25 27 163 8 2 49254 17 5 8179 1229 635
internal_value=0.0290521 0.009696 0.0202544 0.00993241 0.0120138 0.0136495 -0.0460957 0.0493251 -0.00383506 0.0496164 0.0410433 0.0446687 -0.112299 -0.0946299 0.0452753 0.0463014 0.0475218 0.041392 -0.00134347 -0.0813305 0.0331329 0.0494254 -0.0560114 -0.0509013 -0.0501067 -0.0501599 -0.0505188 -0.0501397 -0.0503389 -0.0501382
internal_weight=866.004 443.021 372.522 263.726 257.846 253.95 70.4986 422.983 2.30561 420.677 40.9444 39.9987 0.945661 3.89508 108.796 104.772 95.886 3.09041 0.520347 5.8806 8.88611 38.0909 1.1229 0.481556 67.4082 40.2659 0.267986 36.1864 4.07958 0.377229
internal_count=80000 75605 2348 1844 1783 1711 73257 4395 677 3718 1311 1027 284 72 504 489 440 154 140 61 49 187 647 639 73103 23849 139 22603 1246 637
is_linear=0
shrinkage=0.05


Tree=89
num_leaves=31
num_cat=0
split_feature=3 0 5 0 5 7 0 5 0 0 4 7 4 5 11 11 5 4 0 7 5 11 0 0 4 7 0 0 4 7
split_gain=132.439 85.3402 18.0073 16.8374 22.8177 16.5766 15.1565 8.50499 18.2987 7.01814 16.2702 12.3976 9.37417 27.7739 6.40945 6.21281 5.96046 3.52349 2.86089 2.56411 1.88267 1.09838 0.194719 0.188721 0.767535 0.146457 1.55037 0.0261528 0.0155747 0.0123959
threshold=2.5000000000000004 17757.770000000004 0.95050000000000001 11883.435000000001 0.65450000000000019 120.35000000000001 28815.715000000004 0.71250000000000002 11883.435000000001 12761.115000000002 3.5000000000000004 31.050000000000004 2.5000000000000004 0.81450000000000011 1.0000000180025095e-35 1.0000000180025095e-35 0.77350000000000019 2.5000000000000004 43105.460000000014 43.650000000000013 0.85150000000000003 1.0000000180025095e-35 28815.715000000004 136.93000000000004 6.5000000000000009 30.250000000000004 21807.355000000003 28815.715000000004 4.5000000000000009 87.350000000000009
decision_type=2 2 2 2 2 2 2 2 2 2 2 2 2 2 2 2 2 2 2 2 2 2 2 2 2 2 2 2 2 2
left_child=1 3 5 4 23 6 14 25 -9 12 11 -11 16 -14 -3 -12 -5 -8 19 20 -10 -21 29 -1 -25 28 -27 -7 -2 -4
right_child=7 2 22 9 -6 27 17 8 18 10 15 -13 13 -15 -16 -17 -18 -19 -20 21 -22 -23 -24 24 -26 26 -28 -29 -30 -31
leaf_value=0.050618581285457424 0.037230240354738098 0.0015523095474703659 -0.064713583937639305 -0.037455538042986312 -0.050092762442635233 -0.053834471576491461 0.031079162862590631 -0.050246690777513509 -0.014814383106786856 0.016566145953169888 -0.015531011835289141 -0.052295024788553052 0.02365800710970109 -0.15829637452385106 0.030157680887479367 0.039476514658002129 0.044788947284278277 0.047488472027702497 0.050628552345927252 0.029888709160195544 0.028227645077050861 0.046524822240781 -0.083682321971512708 -0.050408049509969112 0.050574264646179215 -0.050474479154531307 0.050711173140660752 -0.060833903570464858 0.050509862046836211 -0.055034192143670273
leaf_weight=5.6539307981729499 0.22093113328446534 46.814649365493096 0.78425312833860406 2.5438947248039829 60.380395838088589 2.3701886753551653 54.711776990210637 6.1210345981235141 4.4817272686632332 8.4147560429119022 8.5143303043732903 29.279606330761453 7.8970865510636923 2.855646744457772 33.663830925710499 12.926044782681855 16.437300541554578 81.364218609174713 33.490903662052006 21.653160785208456 5.8655567350797355 18.312991749495268 2.8231631242670119 0.24303183343727119 0.83354982733726501 0.41648632410215114 4.157510076649487 3.0542584909126163 357.75670388888102 0.57202081201830879
leaf_count=33 15 244 20 41 70255 129 227 4379 24 43 86 525 40 70 105 36 77 358 187 108 23 70 22 138 5 231 20 54 2393 42
internal_value=0.02867 0.00699676 0.0266197 -0.021455 -0.0403589 0.0285556 0.0307181 0.0469741 0.0332098 -0.00717937 -0.0171429 -0.0369227 0.012636 -0.0246644 0.0135178 0.0176321 0.0337664 0.0408908 0.0393054 0.0317683 0.00958482 0.0375116 -0.076202 0.0469651 0.0277781 0.0503881 0.0414977 -0.0577755 0.0505017 -0.0606312
internal_weight=834.615 382.138 226.158 155.98 67.1109 221.979 216.554 452.477 89.9254 88.8687 59.1347 37.6944 29.7339 10.7527 80.4785 21.4404 18.9812 136.076 83.8043 50.3134 10.3473 39.9662 4.17944 6.73051 1.07658 362.552 4.574 5.42445 357.978 1.35627
internal_count=80000 72550 1201 71349 70431 1117 934 7450 4791 918 690 568 228 110 349 122 118 585 412 225 47 178 84 176 143 2659 251 183 2408 62
is_linear=0
shrinkage=0.05


Tree=90
num_leaves=31
num_cat=0
split_feature=4 2 3 6 7 2 7 6 7 7 11 4 7 7 5 4 2 5 7 2 7 2 5 2 2 3 3 2 2 11
split_gain=128.48 44.4185 26.2164 12.2122 12.1767 12.0547 10.7061 10.4727 15.676 9.93194 3.48374 5.1134 2.41917 2.17108 1.27218 8.31644 1.23785 1.06531 0.717382 0.321455 0.420192 0.327431 0.00688578 0.00618733 0.00492711 0.00389256 0.0008664 0.000735221 0.000322487 0.000113427
threshold=5.5000000000000009 401.50000000000006 1.5000000000000002 1.5000000000000002 120.35000000000001 49.500000000000007 24.750000000000004 1.5000000000000002 62.350000000000001 24.750000000000004 2.5000000000000004 4.5000000000000009 117.65000000000002 120.35000000000001 0.65450000000000019 6.5000000000000009 99.500000000000014 0.9235000000000001 26.850000000000005 74.500000000000014 65.950000000000017 390.50000000000006 0.81650000000000011 370.50000000000006 194.50000000000003 2.5000000000000004 6.5000000000000009 390.50000000000006 320.50000000000006 2.5000000000000004
decision_type=2 2 2 2 2 2 2 2 2 2 2 2 2 2 2 2 2 2 2 2 2 2 2 2 2 2 2 2 2 2
left_child=1 2 3 5 7 18 -7 9 -9 -4 17 -12 14 -14 -2 19 -17 -5 -1 20 -16 -21 23 -6 26 -24 29 28 -26 -15
right_child=12 -3 4 10 22 6 -8 8 -10 -11 11 -13 13 24 15 16 -18 -19 -20 21 -22 -23 25 -25 27 -27 -28 -29 -30 -31
leaf_value=-0.14289998447860666 0.050488824515557251 -0.050094590099713301 -0.055001944162581043 -0.068524500224247345 -0.055523477682973534 -0.081551477090587923 0.0057130666012913511 0.01102121284644204 -0.24821263396134274 0.030582873397076521 -0.050119232185298325 -0.63210606746551357 0.04517401511123964 -0.057048463747559452 0.044506157957747421 -0.1659489235304161 -0.050314205293591222 -0.13764407333288839 -0.06775568697292049 0.04708233442653386 0.00762269796210542 0.023808220433475899 -0.051518233118968332 -0.062078599741030117 -0.051853499901050717 -0.056429350300212566 -0.062235120580704052 -0.050031015331644141 -0.055084679085623228 -0.058924370403611863
leaf_weight=0.33931438720901397 343.94230724871159 29.36533937024069 3.4497565778729031 2.3311184956110083 2.0187570237903851 3.5879181374621103 172.40547414781759 1.8732209987065283 0.84678494444233354 195.21276799115003 0.078216654685092979 0.072935259202495217 1.100197741063311 0.2128128321492111 1.8824875527643592 0.45536759635433455 0.47063274613174144 0.73266927030635987 4.9661409441032447 31.966745909419842 1.3092334244283845 1.5861530851689156 1.5545589553657921 0.43810533493524406 0.12838581579853781 0.54489649177412491 0.15794545412063599 0.21683571622997988 0.19376237466349266 0.12968738428025972
leaf_count=95 2407 50362 425 848 1079 883 13407 160 197 4702 49 2 30 86 33 16 268 270 1352 383 27 584 1404 87 85 283 1 431 41 3
internal_value=0.0283248 0.00920995 0.0136702 -1.74386e-05 0.0259337 0.0016955 0.00393403 0.0277625 -0.0696828 0.0290967 -0.0966143 -0.330945 0.0492362 -0.00378145 0.0495334 0.0408102 -0.107178 -0.0850536 -0.0725616 0.0445397 0.0293767 0.0459821 -0.0548956 -0.0566924 -0.055599 -0.0527929 -0.0591716 -0.0522819 -0.053797 -0.0577588
internal_weight=803.571 419.818 390.453 184.514 205.939 181.299 175.993 201.383 2.72001 198.663 3.21494 0.151152 383.753 2.13963 381.613 37.6706 0.926 3.06379 5.30546 36.7446 3.19172 33.5529 4.55632 2.45686 1.03943 2.09946 0.500446 0.538984 0.322148 0.3425
internal_count=80000 75605 25243 16906 8337 15737 14290 5484 357 5127 1169 51 4395 677 3718 1311 284 1118 1447 1027 60 967 2853 1166 647 1687 90 557 126 89
is_linear=0
shrinkage=0.05


Tree=91
num_leaves=31
num_cat=0
split_feature=4 0 7 0 0 5 2 5 0 7 7 4 5 2 7 7 2 5 0 0 2 7 5 5 0 0 0 0 2 0
split_gain=125.636 90.5948 24.1095 22.8875 19.5653 14.1498 13.6794 9.05058 8.77518 8.26208 16.1198 8.13579 21.8892 4.71286 2.31094 2.04858 1.51841 1.34049 8.08694 1.17335 1.16196 0.684576 0.602003 0.407371 0.553356 0.350271 0.08859 0.00581291 0.00539291 0.000282844
threshold=5.5000000000000009 15105.005000000003 24.750000000000004 43105.460000000014 11883.435000000001 0.94950000000000012 49.500000000000007 0.65450000000000019 12761.115000000002 78.450000000000017 58.850000000000001 2.5000000000000004 0.81250000000000011 150.50000000000003 117.65000000000002 120.35000000000001 189.50000000000003 0.65450000000000019 13729.490000000002 28815.715000000004 99.500000000000014 112.25000000000001 0.94350000000000012 0.39550000000000007 252.85500000000002 63032.060000000005 28815.715000000004 17757.770000000004 375.50000000000006 15105.005000000003
decision_type=2 2 2 2 2 2 2 2 2 2 2 2 2 2 2 2 2 2 2 2 2 2 2 2 2 2 2 2 2 2
left_child=1 4 19 5 7 6 -4 23 11 10 -10 16 -13 -11 17 -16 -6 -2 -19 -3 -20 22 -5 -1 -25 -23 -7 29 -22 -17
right_child=14 2 3 21 8 26 -8 -9 9 13 -12 12 -14 -15 15 27 -18 18 20 -21 28 25 -24 24 -26 -27 -28 -29 -30 -31
leaf_value=0.050705207087462213 0.050464753820229941 -0.07457610669884239 -0.08439462151700175 0.048108126103225408 0.010076852552912303 -0.064399857484900722 0.019993082332278731 -0.050098816651367999 -0.019597091378805366 -0.073184837894642696 -0.12627871298031773 0.025339103615254561 -0.11835191041119297 0.011809176049564137 0.044655273653842038 -0.050119089199449553 0.041841256307451197 -0.050287541506978173 0.024952257812764278 -0.13109425253148541 0.05074125189915081 0.020693728452823912 0.028695095802190165 0.050489164163206236 -0.050503607053484195 0.04151181117885757 -0.078383443357188803 -0.058563236448233705 0.048789781493022412 -0.053239409988146136
leaf_weight=2.2838451862335201 327.32015192508698 1.8512118508224369 3.1955113410949698 84.89202094450593 5.2016419782303336 2.2799658805015488 175.6024415481952 59.772636837413302 13.806419916654706 1.8427971403580183 4.7623641397804013 8.5662153791636211 3.8378256415599017 14.189115550630957 1.058395023515913 0.32453041951521289 13.596029399195684 2.3054110219818531 5.2887491285800925 1.8222630337113512 24.521467953920368 3.7021042155101878 4.1906176516786209 0.28577628731727589 0.25815682663233019 4.4482838329859078 2.2507382922340184 0.57576291915029287 4.1376713672652832 0.09356364794075489
leaf_count=12 2407 34 30 435 18 107 978 73103 100 36 58 40 78 239 30 637 101 1122 26 14 136 24 15 2 140 25 16 8 27 2
internal_value=0.027814 0.00890371 0.0246503 0.0263165 -0.0259532 0.0159162 0.0181274 -0.0459637 -0.00691641 -0.0242554 -0.0469579 0.0123114 -0.0191191 0.00203949 0.0491557 -0.00375298 0.0330515 0.0494544 0.0403317 -0.102612 0.0464857 0.0459259 0.0471949 0.0414437 0.00255685 0.0320557 -0.0713465 -0.0553047 0.0504595 -0.0508174
internal_weight=778.264 412.638 284.235 280.562 128.403 183.329 178.798 62.6004 65.8024 34.6007 18.5688 31.2017 12.404 16.0319 365.626 2.05225 18.7977 363.573 36.2533 3.67347 33.9479 97.233 89.0826 2.82778 0.543933 8.15039 4.5307 0.993857 28.6591 0.418094
internal_count=80000 75605 1678 1630 73927 1131 1008 73257 670 433 158 237 118 275 4395 677 119 3718 1311 48 189 499 450 154 142 49 123 647 163 639
is_linear=0
shrinkage=0.05


Tree=92
num_leaves=31
num_cat=0
split_feature=4 0 0 0 5 7 2 5 7 5 2 5 4 5 7 2 7 5 4 0 0 7 7 5 5 0 2 2 7 2
split_gain=121.913 84.0792 23.3295 19.3039 13.299 13.2167 12.7229 8.90448 9.84017 8.82571 15.19 8.60844 3.17144 2.8817 2.21095 2.03803 1.93262 1.32933 7.707 6.40002 1.27269 1.19772 0.701042 0.609232 0.387159 0.52611 0.354623 0.146995 0.0714484 0.0564938
threshold=5.5000000000000009 15105.005000000003 43105.460000000014 11883.435000000001 0.94950000000000012 24.750000000000004 49.500000000000007 0.73850000000000005 79.15000000000002 0.77550000000000019 150.50000000000003 0.65450000000000019 2.5000000000000004 0.77150000000000019 117.65000000000002 260.50000000000006 120.35000000000001 0.65450000000000019 6.5000000000000009 13729.490000000002 15105.005000000003 26.150000000000002 112.25000000000001 0.94350000000000012 0.39550000000000007 252.85500000000002 214.50000000000003 99.500000000000014 56.750000000000007 330.50000000000006
decision_type=2 2 2 2 2 2 2 2 2 2 2 2 2 2 2 2 2 2 2 2 2 2 2 2 2 2 2 2 2 2
left_child=1 3 4 11 5 -3 -7 8 12 13 -11 24 -5 -9 17 -10 -16 -2 19 -19 -20 -4 23 -23 -1 -26 -24 -21 -6 -30
right_child=14 2 21 7 28 6 -8 9 15 10 -12 -13 -14 -15 16 -17 -18 18 20 27 -22 22 26 -25 25 -27 -28 -29 29 -31
leaf_value=0.050670399774359942 0.050441884013054487 -0.09683966335406223 0.01624688423537193 -0.084828807105921597 -0.059295002465730086 -0.083177527160604711 0.019296397091948123 0.017452532546496827 0.043749290131062837 -0.074755932985343984 0.0019760508212323369 -0.050094006068201774 -0.18804982479119733 0.063850363489633133 0.044105328528884519 -0.034203787086525272 -0.055025432305167057 -0.05027190486452613 -0.050279138489547605 0.040869004885828362 -0.17036704077350728 0.04781779599935608 0.041676103603959354 0.02800357860801558 0.05046507143991294 -0.050479257688751493 0.020542036784278763 0.050387257883479357 -0.06691010739865437 -0.079868339544584208
leaf_weight=2.1739154458045955 311.49416330456734 2.5641421114560208 3.6499860854819408 1.8272121413610867 1.3544814297929395 3.0830114970449349 172.91514499747427 11.15864829928614 1.3412455180659892 7.9144957062089807 34.851114919089014 56.862813591375016 1.2554387928685173 4.780080343480221 1.0190172231523309 2.2367357414914295 0.95005687886441581 1.7111364194424812 0.48243561350682185 4.7641625255346289 0.40656204521656036 78.110118679702282 4.0339618325233451 4.0821846500039092 0.27196529507637013 0.24568183213705197 3.9076956084463745 27.299547341186553 1.824688302818686 1.5603631997073533
leaf_count=12 2407 32 15 25 36 30 978 85 8 63 409 73103 24 12 30 44 647 840 282 24 2 425 19 15 2 140 30 163 26 72
internal_value=0.027447 0.00868937 0.0240428 -0.0253664 0.0136652 0.0158594 0.0175013 -0.00660511 -0.0613923 -0.000388922 -0.0122245 -0.0459582 -0.126867 0.0313674 0.0491077 -0.00498222 -0.00372419 0.0494083 0.04012 0.0439449 -0.105198 0.0443259 0.045463 0.0468337 0.0414169 0.00255562 0.0312771 0.048973 -0.069 -0.0728833
internal_weight=750.132 402.005 277.086 124.919 183.302 178.562 175.998 65.365 6.66063 58.7043 42.7656 59.5544 3.08265 15.9387 348.127 3.57798 1.96907 346.158 34.6638 33.7748 0.888998 93.7839 90.134 82.1923 2.69156 0.517647 7.94166 32.0637 4.73953 3.38505
internal_count=80000 75605 1678 73927 1174 1040 1008 670 101 569 472 73257 49 97 4395 52 677 3718 1311 1027 284 504 489 440 154 142 49 187 134 98
is_linear=0
shrinkage=0.05


Tree=93
num_leaves=31
num_cat=0
split_feature=4 0 0 3 4 2 5 7 5 2 2 0 7 5 7 7 5 0 2 7 5 0 2 0 0 0 2 3 7 0
split_gain=118.417 78.4562 34.0449 11.5842 8.51667 9.61131 8.18794 7.12532 6.8981 11.9673 7.4667 5.51858 3.24849 3.17154 2.11623 1.82335 1.30226 7.25335 1.178 1.13641 0.367966 0.500217 0.00882881 0.00811353 0.00422957 0.00020711 6.3852e-05 3.46711e-05 1.39523e-05 1.29428e-05
threshold=5.5000000000000009 11883.435000000001 28815.715000000004 1.5000000000000002 1.5000000000000002 59.500000000000007 0.65450000000000019 119.65000000000002 0.84950000000000003 219.50000000000003 340.50000000000006 43105.460000000014 122.45000000000002 0.77150000000000019 117.65000000000002 120.35000000000001 0.65450000000000019 13729.490000000002 99.500000000000014 30.250000000000004 0.39550000000000007 252.85500000000002 380.50000000000006 43105.460000000014 17757.770000000004 15105.005000000003 401.50000000000006 2.5000000000000004 120.35000000000001 126.25000000000001
decision_type=2 2 2 2 2 2 2 2 2 2 2 2 2 2 2 2 2 2 2 2 2 2 2 2 2 2 2 2 2 2
left_child=1 6 3 8 -5 -6 20 11 9 -3 -10 13 -9 -4 16 -16 -2 -18 -19 -13 -1 -22 -20 -14 25 -17 27 28 -8 -29
right_child=14 2 7 4 5 -7 26 12 10 -11 -12 19 23 -15 15 24 17 18 22 -21 21 -23 -24 -25 -26 -27 -28 29 -30 -31
leaf_value=0.050637329986774615 0.050420147161394584 -0.0013586125934224515 0.039976310038997542 0.052617576110867537 -0.081639879309045038 0.013559038859252324 -0.0501280838967798 0.051032539087331089 0.01232668537124903 -0.050849578086404515 -0.049326508371491912 0.025912345623502132 -0.058357096925770929 0.015403571907895097 0.043523291336870905 -0.050107581755557178 -0.050260137629295133 0.023837619758971054 0.050667306100772171 0.046760911791238757 0.050442188577540494 -0.050456076894980544 0.047919173321564673 -0.064098823395348239 -0.057665141547504822 -0.052911495902094874 -0.050021591926399878 -0.050763245163942372 -0.050021308438822389 -0.050264480155519611
leaf_weight=2.0692087486386295 296.42693119496107 30.842082416173071 21.491905395872891 13.942404463887213 2.7536928369663647 71.302093691076152 26.105069017386999 0.86027677357196752 43.265276266378351 20.224596728396136 5.5396453280118285 7.1049242645967743 1.8189675699686634 33.754650045768358 0.98195874242810421 0.29227700144110713 2.0871308575296998 5.0111992955207851 22.650094985961918 81.644591531250626 0.25881579518318165 0.23380444871145301 3.3555558193474999 0.92976200464181591 0.53028035676106811 0.085014596581459045 21.135235036141239 0.13548712630290483 3.4656210360408286 3.2529876879707444
leaf_count=12 2407 103 83 27 25 502 14424 3 146 401 361 33 46 148 30 637 1122 26 139 455 2 140 24 15 8 2 49254 17 8179 1229
internal_value=0.0270649 0.00846903 0.01766 0.00354151 0.0167684 0.0100192 -0.0459529 0.0356298 -0.0081129 -0.0209592 0.00532869 0.037369 -0.0337612 0.0249628 0.0490672 -0.00369624 0.0493698 0.0399641 0.0460353 0.0450919 0.0413914 0.00255446 0.0503127 -0.0602992 -0.054786 -0.0507394 -0.0500894 -0.0501329 -0.0501156 -0.0502844
internal_weight=723.552 392.131 335.475 187.87 87.9982 74.0558 56.6562 147.605 99.8716 51.0667 48.8049 143.996 3.60901 55.2466 331.42 1.88953 329.531 33.104 31.0169 88.7495 2.56183 0.49262 26.0057 2.74873 0.907572 0.377292 54.0944 32.9592 29.5707 3.38847
internal_count=80000 75605 2348 1565 554 527 73257 783 1011 504 507 719 64 231 4395 677 3718 1311 189 488 154 142 163 61 647 639 73103 23849 22603 1246
is_linear=0
shrinkage=0.05


Tree=94
num_leaves=31
num_cat=0
split_feature=3 2 10 4 6 2 4 2 7 3 4 7 11 4 1 7 7 4 2 2 7 7 7 4 2 4 7 10 7 7
split_gain=115.13 31.6109 21.2917 18.0649 19.6913 14.0721 7.49614 5.068 3.57754 2.67809 2.36854 1.98837 1.82759 1.27735 0.943922 1.7166 0.761752 0.636891 0.740378 0.625412 0.0819131 0.002925 0.00319912 0.000760215 0.000506685 0.000236104 2.16259e-05 1.08236e-05 7.64394e-06 2.73762e-06
threshold=2.5000000000000004 401.50000000000006 1.5000000000000002 4.5000000000000009 1.5000000000000002 49.500000000000007 8.5000000000000018 401.50000000000006 120.35000000000001 1.5000000000000002 2.5000000000000004 118.25000000000001 1.0000000180025095e-35 5.5000000000000009 22.500000000000004 105.35000000000001 120.35000000000001 5.5000000000000009 370.50000000000006 74.500000000000014 95.65000000000002 147.85000000000005 149.75000000000003 9.5000000000000018 99.500000000000014 1.5000000000000002 118.95000000000002 1.5000000000000002 37.350000000000001 120.35000000000001
decision_type=2 2 2 2 2 2 2 2 2 2 2 2 2 2 2 2 2 2 2 2 2 2 2 2 2 2 2 2 2 2
left_child=1 2 3 4 5 -1 7 8 10 -6 25 13 -12 -5 17 20 -13 18 -4 -19 -16 24 -23 -8 -10 -2 27 28 -3 -9
right_child=6 26 14 11 9 -7 23 29 21 -11 12 16 -14 -15 15 -17 -18 19 -20 -21 -22 22 -24 -25 -26 -27 -28 -29 -30 -31
leaf_value=-0.070398223958787851 0.050658895855709721 -0.050071093502610575 -0.058487583631010399 0.031225579104683904 -0.089899688636391556 0.0093708744577520788 0.049480326587181059 -0.050202845412033972 -0.054501574520816887 -0.19446418468122145 0.023335894300076664 0.032382310924199853 0.040387733705025498 0.045945780255864606 -0.056446432639735471 -0.26931238420772136 -0.054622118470777851 -0.18660817460806434 -0.11545699107896042 -0.050275950715798878 -0.099554559934227349 -0.061588012326949604 -0.054859467492358621 0.050398864672278124 -0.050029946390729801 0.050994846835753449 -0.05003047570248647 -0.050045175718510859 -0.05017013004079926 -0.050066865061995647
leaf_weight=5.6613785913214079 9.3027387857437134 2.3780559850856724 6.0474030319892327 35.448053250351222 2.4590973745798688 236.09297420710209 2.2714576193829989 1.2448226280685037 0.19252414524089434 0.81538664805702854 32.655912343645468 0.36227908171713241 30.287809891393408 25.224600051820744 0.19174632869544428 0.16595187893835828 0.82330016122432426 0.21332043944858003 0.6296928901283535 0.13889409785042517 0.25911251292563975 0.45457476782030426 0.28894583357032388 271.17673765047221 0.094418373861117288 11.945408537983894 7.5656648166477671 2.8769408436492077 10.782407021601101 0.52676475123735134
leaf_count=1469 53 4971 4683 552 846 14798 32 2032 62 321 882 18 392 302 131 87 394 11 451 65 18 18 250 2317 223 52 17958 6990 18485 1137
internal_value=0.0266641 0.00570717 0.00989504 0.0119484 0.00585323 0.00750285 0.0463242 0.0335403 0.0352803 -0.115938 0.0364136 0.0360924 0.031541 0.0373455 -0.0725208 -0.131827 -0.0280361 -0.0673168 -0.0638602 -0.132846 -0.081221 -0.0573183 -0.0589732 0.0503912 -0.0530302 0.0508478 -0.0501002 -0.050133 -0.0501522 -0.0501624
internal_weight=698.578 338.136 314.533 306.887 245.029 241.754 360.442 86.9939 85.2223 3.27448 84.1919 61.8582 62.9437 60.6727 7.64612 0.616811 1.18558 7.02931 6.6771 0.352215 0.450859 1.03046 0.743521 273.448 0.286943 21.2481 23.6031 16.0374 13.1605 1.77159
internal_count=80000 72550 24146 18700 17434 16267 7450 5101 1932 1167 1379 1266 1274 854 5446 236 412 5210 5134 76 149 553 268 2349 285 105 48404 30446 23456 3169
is_linear=0
shrinkage=0.05


Tree=95
num_leaves=31
num_cat=0
split_feature=4 0 0 6 7 0 2 7 5 5 5 5 2 5 4 0 1 7 2 5 2 0 0 1 7 0 0 2 7 7
split_gain=112.407 72.367 30.3978 23.1869 13.4705 9.7227 7.7414 8.07341 7.54086 6.6328 7.23233 5.76759 4.09495 2.05349 7.64495 6.37128 1.24214 1.19179 0.938062 0.707918 0.329503 0.393553 0.328633 0.284724 0.192458 0.0134171 0.0032554 0.00288734 0.00138269 0.0011426
threshold=5.5000000000000009 21807.355000000003 11883.435000000001 1.5000000000000002 120.35000000000001 43105.460000000014 340.50000000000006 42.95000000000001 0.65450000000000019 0.9385 0.88850000000000018 0.78850000000000009 219.50000000000003 0.65450000000000019 6.5000000000000009 13729.490000000002 6.5000000000000009 30.250000000000004 99.500000000000014 0.94350000000000012 39.500000000000007 252.85500000000002 17757.770000000004 12.500000000000002 113.55000000000001 43105.460000000014 21807.355000000003 295.50000000000006 27.450000000000003 169.95000000000002
decision_type=2 2 2 2 2 2 2 2 2 2 2 2 2 2 2 2 2 2 2 2 2 2 2 2 2 2 2 2 2 2
left_child=1 2 8 9 5 6 7 -3 20 10 -4 -8 -5 28 15 -15 -11 -7 -16 -19 -1 -22 -17 -14 -24 27 -20 -6 -2 -29
right_child=13 4 3 12 25 17 11 -9 -10 16 -12 -13 23 14 18 22 -18 19 26 -21 21 -23 24 -25 -26 -27 -28 29 -30 -31
leaf_value=0.049806801948816294 0.050379704279098492 -0.0061150249652863588 -0.0030676557069703966 -0.23456749812271133 -0.057361805430820229 0.024646330712979708 0.020121375574957922 0.034116003967561169 -0.050087409955222352 -0.023251246195686606 0.024277377393996484 -0.046418066940575091 -0.080288695625392523 -0.050236029844652044 -0.1462343924701901 0.031071888409225763 -0.068314963790035071 0.047548169507613799 -0.050242246031870219 0.025007694914117407 0.050652088985025323 -0.050401946112758736 0.050325224341642744 -0.12707384756867368 0.036617567729069787 -0.06334433234256423 -0.059170225507206159 -0.053041881116644568 0.049177354701588689 -0.056928731555798022
leaf_weight=1.9658581232652061 266.11291527748108 15.156761570833622 96.861557238909882 0.99676566617563311 2.4103373922407623 6.8081117484252891 6.2831957259913889 70.354485983029008 50.399620107811643 2.6757758777530389 32.224775073700584 6.7610531871323474 0.75494815083220579 1.7832085502159341 0.47912948086741269 2.885017451830211 3.5685850122827105 73.102165747433901 0.4633441177138593 3.6576347411610177 0.18941658735275257 0.19608472005347721 23.652864704839889 0.57128158884006552 2.8715118954423806 0.8905172285158186 0.13096149265766144 0.68973538372665633 2.4128071123268446 0.26048406638437882
leaf_count=14 2387 57 770 10 29 33 62 210 73103 72 206 114 28 1328 32 14 163 441 421 15 1 139 163 24 25 15 1 82 24 17
internal_value=0.026144 0.00794786 -0.0137317 -0.00136448 0.0300963 0.03215 0.021512 0.0269851 -0.0460041 0.00132411 0.00375869 -0.0143671 -0.157993 0.0489368 0.0370188 0.0415337 -0.0490047 0.0446958 -0.0941777 0.0464741 0.0415183 -0.00074891 0.0470981 -0.100442 0.0488412 -0.0578876 -0.0522096 -0.0564416 0.0503689 -0.0541074
internal_weight=677.571 376.779 190.405 137.654 186.374 182.123 98.5555 85.5112 52.751 135.331 129.086 13.0442 2.323 300.792 32.266 31.1926 6.24436 83.5679 1.07344 76.7598 2.35136 0.385501 29.4094 1.32623 26.5244 4.25107 0.594306 3.36056 268.526 0.950219
internal_count=80000 75605 74530 1273 1075 932 443 267 73257 1211 976 176 62 4395 1984 1530 235 489 454 456 154 140 202 52 188 143 422 128 2411 99
is_linear=0
shrinkage=0.05


Tree=96
num_leaves=31
num_cat=0
split_feature=4 0 0 6 7 2 7 3 0 0 5 4 2 5 4 0 2 0 5 0 7 5 0 0 2 7 7 2 3 2
split_gain=109.114 67.3706 29.3678 20.7098 12.6096 9.97583 8.00133 7.9963 7.82236 7.1909 7.17273 6.61855 3.16254 2.02515 7.13807 6.02974 0.740375 0.342258 0.316061 0.4328 0.209306 0.104881 0.0112678 0.00276851 0.0024416 0.00160419 0.000974975 4.88832e-05 2.89902e-05 7.44608e-06
threshold=5.5000000000000009 21807.355000000003 11883.435000000001 1.5000000000000002 120.35000000000001 54.500000000000007 25.450000000000003 1.5000000000000002 12761.115000000002 43105.460000000014 0.65450000000000019 1.5000000000000002 219.50000000000003 0.65450000000000019 6.5000000000000009 13729.490000000002 99.500000000000014 17757.770000000004 0.39550000000000007 252.85500000000002 113.55000000000001 0.78450000000000009 43105.460000000014 21807.355000000003 295.50000000000006 27.450000000000003 169.95000000000002 401.50000000000006 2.5000000000000004 401.50000000000006
decision_type=2 2 2 2 2 2 2 2 2 2 2 2 2 2 2 2 2 2 2 2 2 2 2 2 2 2 2 2 2 2
left_child=1 2 10 7 5 -3 -7 8 -4 -8 18 -9 -5 25 15 29 -16 -17 -1 -20 -19 -14 24 -18 -6 -2 -26 28 -12 -15
right_child=13 4 3 12 22 6 9 11 -10 -11 27 -13 21 14 16 17 23 20 19 -21 -22 -23 -24 -25 26 -27 -28 -29 -30 -31
leaf_value=0.05055806205613167 0.05036104980817864 -0.039868929241677786 0.018007553695961045 -0.21378754633277725 -0.05696552391917159 -0.027454011719233395 0.025684436252587768 0.052885000195970082 -0.01947582127117466 0.046500623219983342 -0.050105666153849093 0.0075328117084520144 -0.11452714943561243 -0.050278780824502316 -0.13608144689131854 0.030291656381106143 -0.050230457063372327 0.050276696921078737 0.05038417449162283 -0.05041336434362801 0.035768974446860072 -0.085507103021736197 -0.06255232919501591 -0.058643359160863877 -0.05289494768328154 0.049035044398581494 -0.056566613871224004 -0.050018580805582025 -0.050266234684266102 -0.05002233911628752
leaf_weight=1.8133771345019334 253.22583820670843 4.7611765395849934 18.688596754858736 1.0378349691163742 2.3083294690586622 5.2201586179435244 88.793361647054553 9.5119663029909116 54.534684302954702 77.873430849984288 26.612805344178927 52.149112069630064 0.51182116230484076 1.3375659624289316 0.48886359603784402 2.8132113097235587 0.44084739344543777 22.520475603640083 0.22537854313850392 0.20189044138533063 2.7946362470975137 0.79487189132487401 0.85753850731998671 0.12566520273685455 0.65787311806343485 2.3016293284017584 0.24932614556746557 18.189710830614786 3.1430570661032098 0.3590537249110638
leaf_count=12 2387 25 161 10 29 33 398 17 627 476 22603 406 15 436 32 14 421 163 2 140 25 37 15 1 82 24 17 49254 1246 892
internal_value=0.0257428 0.00773633 -0.0132677 -0.00129829 0.0295184 0.0315239 0.0335014 0.00126255 -0.00990903 0.0354106 -0.0459968 0.0145289 -0.148627 0.0488875 0.0367931 0.0413151 -0.0909995 0.0468365 0.0414427 0.00275596 0.0486751 -0.096874 -0.0574599 -0.0520966 -0.0561018 0.0503491 -0.053904 -0.0500832 -0.0501226 -0.0502245
internal_weight=654.544 368.136 187.415 137.229 180.721 176.648 171.887 134.884 73.2233 166.667 50.1862 61.6611 2.34453 286.408 30.8803 29.8249 1.05538 28.1283 2.24065 0.427269 25.3151 1.30669 4.07307 0.566513 3.21553 255.527 0.907199 47.9456 29.7559 1.69662
internal_count=80000 75605 74530 1273 1075 932 907 1211 788 874 73257 423 62 4395 1984 1530 454 202 154 142 188 52 143 422 128 2411 99 73103 23849 1328
is_linear=0
shrinkage=0.05


Tree=97
num_leaves=31
num_cat=0
split_feature=4 0 0 0 5 7 2 5 4 5 2 5 3 5 5 0 7 2 3 2 7 5 0 7 7 7 2 7 2 3
split_gain=105.892 63.4939 20.5866 16.3317 11.9952 11.9189 10.8208 7.91527 8.54396 8.28559 13.5053 6.82242 3.53303 2.68156 1.99903 6.73093 1.30311 1.06701 0.889668 1.64132 0.47869 0.300435 0.411529 0.134527 0.0692554 0.0401338 0.0121768 0.00185865 4.20726e-05 2.49503e-05
threshold=5.5000000000000009 15105.005000000003 43105.460000000014 11883.435000000001 0.94950000000000012 24.750000000000004 49.500000000000007 0.73850000000000005 1.5000000000000002 0.77550000000000019 150.50000000000003 0.65450000000000019 1.5000000000000002 0.77150000000000019 0.65450000000000019 13729.490000000002 26.150000000000002 99.500000000000014 1.5000000000000002 129.50000000000003 114.25000000000001 0.39550000000000007 252.85500000000002 112.95000000000002 56.750000000000007 81.250000000000014 375.50000000000006 27.450000000000003 401.50000000000006 2.5000000000000004
decision_type=2 2 2 2 2 2 2 2 2 2 2 2 2 2 2 2 2 2 2 2 2 2 2 2 2 2 2 2 2 2
left_child=1 3 4 11 5 -3 -7 8 -5 13 -11 21 -10 -9 27 -16 -4 -17 19 -18 26 -1 -23 -20 -6 -26 -19 -2 29 -13
right_child=14 2 16 7 24 6 -8 9 12 10 -12 28 -14 -15 15 17 18 20 23 -21 -22 22 -24 -25 25 -27 -28 -29 -30 -31
leaf_value=0.050530586642177501 0.050343317271159593 -0.094759845269221821 0.012302124587734622 -0.0013337864103377831 -0.058618432371760912 -0.081015384150896291 0.017401264787923691 0.016720074047140234 -0.075530655162532628 -0.072244811508049636 0.00077216297538676469 -0.05010050787550812 -0.18272344936548607 0.062801525623246021 -0.050213437732047339 0.020612915172162256 0.015297050156721559 0.050569161940431352 0.049248197859815046 0.043987438732305081 0.027643887298139803 0.050365301270716825 -0.05039335868922587 0.038514253531195308 -0.077366498489634367 -0.066174206498789453 0.047149205629067471 0.048882091905011665 -0.050017674018282436 -0.050253221779323835
leaf_weight=1.7258519306778901 240.95857567340136 2.4790011833538292 3.3216742663644245 3.1445085695013395 1.2410775502794411 2.8420974237378678 161.48659953102469 10.910420406435149 1.9855403580586428 7.7961646812036625 33.738878956239205 25.317424726352332 1.2542991356458513 4.4424602132639839 2.0777332451325519 4.4190773088485029 6.5301895048469332 17.301832407712944 43.455205895006657 21.06633978895843 2.6984758622711515 0.21446502208709706 0.19211844622623175 3.1291802421910679 1.8412399528315293 1.4176646535925099 3.0636122724972656 2.1960586409550151 17.302894089458277 2.9905230286531141
leaf_count=12 2387 32 15 20 36 30 978 85 50 63 409 22603 31 12 1779 27 37 127 304 124 25 2 140 24 18 80 26 24 49254 1246
internal_value=0.0253386 0.00752857 0.0215582 -0.023915 0.0118844 0.0140576 0.0156991 -0.00725622 -0.0600458 -0.00133182 -0.0129332 -0.0459923 -0.11703 0.0300541 0.0488375 0.0365601 0.0429407 0.0431202 0.0443127 0.0371984 0.0474326 0.0414214 0.00275491 0.0485272 -0.0686699 -0.0724977 0.0500547 0.0503301 -0.0500791 -0.0501166
internal_weight=632.541 359.826 248.81 111.016 171.308 166.808 164.329 63.2723 6.38435 56.8879 41.535 47.7433 3.23984 15.3529 272.715 29.5607 77.5026 27.483 74.1809 27.5965 23.0639 2.13244 0.406583 46.5844 4.49998 3.2589 20.3654 243.155 45.6108 28.3079
internal_count=80000 75605 1678 73927 1174 1040 1008 670 101 569 472 73257 81 97 4395 1984 504 205 489 161 178 154 142 328 134 98 153 2411 73103 23849
is_linear=0
shrinkage=0.05


Tree=98
num_leaves=31
num_cat=0
split_feature=3 0 0 6 2 0 7 4 10 4 2 0 0 2 2 0 2 6 7 0 4 2 2 1 2 1 7 0 4 0
split_gain=103.003 53.5407 16.6458 13.5977 12.5984 12.0445 11.734 7.318 6.28078 6.27276 6.19277 11.6772 4.63598 3.35795 7.10358 8.02642 3.34453 3.30698 3.09821 2.11377 1.70854 1.98657 1.21783 0.955874 0.268611 0.228234 0.0743748 0.0115679 0.0039023 0.00351992
threshold=2.5000000000000004 21807.355000000003 11883.435000000001 1.5000000000000002 49.500000000000007 160.37500000000003 120.35000000000001 8.5000000000000018 1.5000000000000002 4.5000000000000009 340.50000000000006 43105.460000000014 15105.005000000003 54.500000000000007 129.50000000000003 11883.435000000001 44.500000000000007 1.5000000000000002 31.750000000000004 43105.460000000014 2.5000000000000004 114.50000000000001 219.50000000000003 1.5000000000000002 74.500000000000014 15.500000000000002 29.550000000000004 43105.460000000014 5.5000000000000009 28815.715000000004
decision_type=2 2 2 2 2 2 2 2 2 2 2 2 2 2 2 2 2 2 2 2 2 2 2 2 2 2 2 2 2 2
left_child=1 2 5 8 -3 16 10 12 9 -4 18 -12 13 23 17 -16 28 -15 -6 20 -14 -22 -5 -2 -10 -24 -25 29 -1 -8
right_child=7 4 3 22 6 -7 27 -9 24 -11 11 -13 19 14 15 -17 -18 -19 -20 -21 21 -23 25 26 -26 -27 -28 -29 -30 -31
leaf_value=0.046866589511188161 -0.017406401424258835 -0.087767509989243528 -0.0054499699284915812 -0.16812613754201844 0.008612423220032181 -0.050069086115998668 -0.053848645948088907 0.050317921529929602 -0.10500632544200456 0.028518972237195635 -0.033065984048826561 0.040601679906649459 0.050966968934884539 -0.083143982473390277 -0.050184314326375767 0.04348754916246083 -0.050082588576797385 -0.33646392504784511 0.038163285975959992 0.050415574973592253 0.0015747574825682811 0.032969244499629284 -0.075878336087495182 0.049483924750760411 -0.06615981387321529 -0.11853596828489361 0.034647251828339568 -0.062331937677240379 0.050342627504992701 -0.057273954264950792
leaf_weight=1.0785252266796295 0.65259317189338872 2.3569417586550108 98.959211050329031 0.98555457836482618 9.6684942450374347 39.845188575505745 1.3823608476086515 224.2021040613763 0.53855909314006511 15.754041153035358 9.9879496445646527 11.658058911096303 8.3927368968725187 1.3779124970533292 3.6019302149215928 6.2637862889096141 1.0502006590249946 0.14212302421219636 107.36369886528701 24.39280026871711 6.7173509877175119 20.166384783806279 0.73078563658054896 4.3955352501070593 2.5615938847186044 0.54922730365069583 1.0456149324309079 0.84268070710822929 3.211885116994381 1.6396224751370028
leaf_count=45 20 19 918 9 42 68751 78 2349 11 72 160 89 33 281 4161 35 1603 25 478 201 27 134 37 55 133 14 129 14 32 45
internal_value=0.0249287 0.00470163 -0.0147502 -0.00501598 0.0268873 -0.0406182 0.0287831 0.0457473 -0.00268274 -0.000784876 0.0311779 0.00660978 0.0324646 0.00981886 -0.00621374 0.00928836 0.0298926 -0.106829 0.035722 0.0390985 0.031273 0.0251248 -0.126349 0.0397747 -0.0729082 -0.0941819 0.0466328 -0.0571516 0.0494688 -0.0557071
internal_weight=611.515 310.165 165.265 120.079 144.9 45.1858 142.543 301.351 117.813 114.713 138.678 21.646 77.1488 17.4795 11.3858 9.86572 5.34061 1.52004 117.032 59.6693 35.2765 26.8837 2.26557 6.09374 3.10015 1.28001 5.44115 3.86466 4.29041 3.02198
internal_count=80000 72550 71625 1194 925 70431 906 7450 1134 990 769 249 5101 4706 4502 4196 1680 306 520 395 194 161 60 204 144 51 184 137 77 123
is_linear=0
shrinkage=0.05


Tree=99
num_leaves=31
num_cat=0
split_feature=4 0 0 6 2 7 0 2 7 2 7 7 7 4 0 7 1 7 0 0 2 0 0 2 0 6 0 4 0 2
split_gain=99.8584 55.6354 28.4802 18.3249 12.7229 12.3169 4.29403 2.34979 2.2797 2.24647 1.33622 1.18555 1.14067 5.92403 3.68284 0.718576 0.816728 0.630663 0.520083 0.267327 0.216314 0.187006 0.111982 0.105101 1.23421 0.00438685 0.00275959 0.00203032 0.000193237 3.00635e-05
threshold=5.5000000000000009 11883.435000000001 43105.460000000014 1.5000000000000002 49.500000000000007 24.750000000000004 147.17500000000004 44.500000000000007 118.25000000000001 219.50000000000003 26.150000000000002 120.35000000000001 40.150000000000013 6.5000000000000009 13729.490000000002 105.35000000000001 11.500000000000002 42.95000000000001 63032.060000000005 21807.355000000003 335.50000000000006 21807.355000000003 21807.355000000003 54.500000000000007 15105.005000000003 2.5000000000000004 17757.770000000004 6.5000000000000009 15105.005000000003 401.50000000000006
decision_type=2 2 2 2 2 2 2 2 2 2 2 2 2 2 2 2 2 2 2 2 2 2 2 2 2 2 2 2 2 2
left_child=1 6 3 4 21 -6 7 25 12 -5 -4 -10 23 14 -14 18 -17 -15 -12 -16 -11 -3 -19 27 -25 -1 28 -2 -13 -8
right_child=8 2 10 9 5 -7 29 -9 11 20 15 26 13 17 19 16 -18 22 -20 -21 -22 -23 -24 24 -26 -27 -28 -29 -30 -31
leaf_value=0.045506958843450004 0.048628224226453159 -0.065992797012142598 0.010801066134828494 -0.180032469837758 -0.085258792391664465 0.010789662120592965 -0.050104771732626986 -0.050129922761419504 0.03968107385347943 -0.10268730108219158 0.040995098658205491 -0.050128696991530934 -0.05021049168319134 -0.175724396138219 0.034183450062321215 0.046210591569210174 0.017232336170936176 -0.050214731495037634 0.050417655784676399 0.050095579028063199 -0.063831592352841054 -0.086392838275646533 -0.096765372779577516 -0.050216148202077975 0.050766168545594542 0.050441339580316151 -0.056936928963425948 0.050309393306148746 -0.052989220458961074 -0.050015976291634401
leaf_weight=0.9625159103306935 1.8107706734444935 2.7006964677129863 3.2280519965570411 1.1151469000615173 3.3897000087163169 218.03532165946672 25.098335170710925 0.92565282105351787 0.56892354739829787 0.82085469551384427 28.651511143893003 0.22221087357320357 1.0091832278703865 0.20826813107123499 3.1186357708647874 4.6772410166449827 5.0640946148196235 0.26767282022046857 29.955557538196445 17.18137395568192 0.63550286064855754 1.9235070543363688 0.24972064793109894 0.33179615190601852 3.436138890683651 0.84662776440382004 0.50054685247596353 218.70300725172274 0.080400578677654266 15.369716264744055
leaf_count=37 27 43 15 10 66 1639 23438 1384 25 7 208 637 645 7 18 34 38 215 209 145 62 17 1 249 24 7 8 2392 2 48391
internal_value=0.0245314 0.00707763 0.0147124 0.00609526 0.00760508 0.0093193 -0.0459732 0.0146641 0.0487296 -0.126626 0.0422364 -0.0155411 0.0490876 0.0382322 0.0430164 0.0437211 0.0311461 -0.102256 0.0458112 0.047651 -0.085732 -0.0744785 -0.0726825 0.0501541 0.0418739 0.0478161 -0.0546581 0.0502956 -0.0508887 -0.050071
internal_weight=591.089 343.4 300.197 228.621 226.049 221.425 43.2028 2.7348 247.689 2.5715 71.5765 1.37208 246.317 22.0349 21.3092 68.3484 9.74134 0.725662 58.6071 20.3 1.45636 4.6242 0.517393 224.282 3.76794 1.80914 0.803158 220.514 0.302611 40.4681
internal_count=80000 75605 2348 1844 1765 1705 73257 1428 4395 79 504 672 3723 1031 808 489 72 223 417 163 69 60 216 2692 273 44 647 2419 639 71829
is_linear=0
shrinkage=0.05


Tree=100
num_leaves=31
num_cat=0
split_feature=4 0 0 6 7 0 3 2 3 7 7 0 2 2 7 2 7 7 4 0 7 3 7 0 1 2 0 0 0 6
split_gain=97.0501 52.3052 24.6795 14.9271 11.12 8.89806 7.29787 7.16122 9.11828 7.28056 6.08453 4.09097 2.89306 2.22697 2.17821 1.47618 1.43825 1.12397 5.49058 3.49004 1.11788 0.83309 0.448455 0.2794 0.137696 0.100323 1.1732 0.0897661 0.00930063 0.00497627
threshold=5.5000000000000009 21807.355000000003 11883.435000000001 1.5000000000000002 120.35000000000001 43105.460000000014 2.5000000000000004 340.50000000000006 2.5000000000000004 42.95000000000001 90.750000000000014 147.17500000000004 109.50000000000001 44.500000000000007 118.25000000000001 219.50000000000003 26.150000000000002 40.150000000000013 6.5000000000000009 13729.490000000002 120.35000000000001 1.5000000000000002 42.95000000000001 21807.355000000003 15.500000000000002 54.500000000000007 15105.005000000003 21807.355000000003 43105.460000000014 2.5000000000000004
decision_type=2 2 2 2 2 2 2 2 2 2 2 2 2 2 2 2 2 2 2 2 2 2 2 2 2 2 2 2 2 2
left_child=1 2 11 6 5 7 10 9 -9 -3 -4 13 -8 29 17 -5 -7 25 19 -19 -16 -18 -20 -21 -17 -2 -27 -24 -6 -1
right_child=14 4 3 15 28 16 12 8 -10 -11 -12 -13 -14 -15 20 24 21 18 22 23 -22 -23 27 -25 -26 26 -28 -29 -30 -31
leaf_value=0.045044298682727781 0.050278621631078657 -0.007387280281774853 -0.01309972976129776 -0.166559938147747 -0.05569341376573398 0.010352815942681164 -0.0099109742843090654 -0.044331415446885708 0.047470043324221944 0.032127944191988132 0.010921583854389592 -0.050067582719166427 0.039457623714144706 -0.050123631322419773 0.038893049677669655 -0.072841609005126373 0.037353004419182545 -0.050200208831040455 -0.1563893062427045 0.033500032753318053 -0.054413935436583752 0.049076156437012658 -0.050204266767757938 0.050039707578300265 -0.10630067608448433 -0.050205593668506909 0.050729045474085327 -0.092452155193699537 -0.06170233557206866 0.050419650343921929
leaf_weight=0.92474377196049251 209.8282052288414 14.309582664631305 71.14953210814565 1.1442833250621327 2.993245031626429 3.2001555545721194 3.7069167122244862 8.7064532474614662 3.924034606665372 62.876143318600953 41.877998900148668 38.496997328533325 14.877784179174339 0.88061593848397013 0.55186676181619876 0.68517133117711615 24.209957235492766 0.96015646160231582 0.22192638792330299 3.025532073806974 0.7673261886156979 40.516261152923107 0.25466999779746402 16.361223192885518 0.55784053483512253 0.3156789384738653 3.2708880379796028 0.24833370745182037 0.8204765892587601 0.80567492544651031
leaf_count=37 2419 57 525 10 128 15 14 150 26 210 589 71829 83 1384 25 37 152 645 7 18 647 322 215 145 15 249 24 1 15 7
internal_value=0.02409 0.00686055 -0.0120696 -0.00167286 0.0273785 0.0294182 0.000574698 0.019091 -0.0158106 0.0248022 -0.00419956 -0.0459598 0.0296105 0.0146059 0.0486887 -0.125581 0.0430735 0.0490491 0.0380325 0.0428501 -0.0153802 0.0446913 -0.0971837 0.0474585 -0.0878574 0.0501369 0.0418451 -0.0710621 -0.0569862 0.047547
internal_weight=572.47 336.664 175.108 134 161.556 157.743 131.612 89.8162 12.6305 77.1857 113.028 41.108 18.5847 2.61103 235.806 2.3873 67.9264 234.487 21.0718 20.3469 1.31919 64.7262 0.72493 19.3868 1.24301 213.415 3.58657 0.503004 3.81372 1.73042
internal_count=80000 75605 74530 1273 1075 932 1211 443 176 267 1114 73257 97 1428 4395 62 489 3723 1031 808 672 474 223 163 52 2692 273 216 143 44
is_linear=0
shrinkage=0.05


Tree=101
num_leaves=31
num_cat=0
split_feature=3 0 0 5 5 2 7 6 5 0 10 2 5 0 2 7 5 7 2 5 7 0 2 0 2 0 7 2 7 5
split_gain=93.5243 43.7815 14.9869 13.2079 12.8354 10.7402 10.4096 9.84675 7.95569 10.1136 5.92313 4.98798 4.72091 2.89021 4.0354 2.31437 1.65104 0.614832 0.286615 0.207349 0.129361 0.403171 0.0954516 0.998031 0.0110275 0.0080477 0.000296092 0.000164908 6.75061e-05 3.63075e-05
threshold=2.5000000000000004 21807.355000000003 11883.435000000001 0.95150000000000012 0.65450000000000019 49.500000000000007 120.35000000000001 1.5000000000000002 0.71250000000000002 11883.435000000001 1.5000000000000002 340.50000000000006 0.93550000000000011 43105.460000000014 119.50000000000001 63.050000000000004 0.90750000000000008 66.65000000000002 74.500000000000014 0.96350000000000013 28.150000000000002 252.85500000000002 59.500000000000007 21807.355000000003 335.50000000000006 43105.460000000014 26.150000000000002 29.500000000000004 104.65000000000002 0.9275000000000001
decision_type=2 2 2 2 2 2 2 2 2 2 2 2 2 2 2 2 2 2 2 2 2 2 2 2 2 2 2 2 2 2
left_child=1 2 4 5 20 -3 11 10 22 -10 12 -7 -4 14 15 -11 -16 -9 -12 -5 27 -22 26 -24 -21 -8 -2 -1 29 -15
right_child=8 3 7 19 -6 6 25 17 9 13 18 -13 -14 28 16 -17 -18 -19 -20 24 21 -23 23 -25 -26 -27 -28 -29 -30 -31
leaf_value=0.050357956676428096 0.050280678824562081 -0.087293938880665375 0.00089509193100202177 -0.09811854121443786 -0.050058945827262592 0.036098282774008533 -0.055381019739085116 -0.078015081343668247 -0.050162820543942499 -0.022667089936113799 -0.10670771761259759 0.0086449878052288747 -0.054749479957430493 0.050359552353681308 0.042268630618804273 0.024937171952624845 0.011723118575394214 -0.13108658945579327 -0.065408745087740902 -0.065996729812080115 0.05030980791248129 -0.050311836200009091 -0.050289810117218794 0.050394247700805618 -0.073203198807799325 -0.061151992456094234 0.049620880268587658 0.049648338309836552 0.050090263071655108 0.050578144165312013
leaf_weight=1.8470341041684148 195.7557280883193 2.0013982225209466 109.82970330072567 0.90116982389008571 35.109544417879079 105.33250404242426 2.6297563133994113 0.94297028241271563 3.7268751310402868 5.3795209005475026 0.50592366803903077 19.628519189136568 3.9487542659335295 15.435282632708555 23.323441032785926 4.8595944829285145 5.4593832349055438 1.2954238154052289 2.4767237232445041 1.0927004180848601 0.36391837894916523 0.13703845182317309 0.27066191106860005 2.7154411762021482 1.0324063986190593 0.78426933335140336 1.7152692328672845 1.4705380953382698 2.1597459428012362 2.1662251725792876
leaf_count=19 2366 17 794 14 70255 511 100 21 4379 19 11 227 196 150 144 22 40 39 133 11 4 126 248 21 32 13 24 27 21 16
internal_value=0.0236669 0.00415416 -0.0136604 0.0252438 -0.0405905 0.0276407 0.0294326 -0.00485085 0.0452843 0.0297105 -0.00285943 0.031786 -0.00103609 0.0347745 0.0268848 -7.35943e-05 0.0364749 -0.108729 -0.072414 -0.0780205 0.0464673 0.0227844 0.0501408 0.0412682 -0.0694977 -0.0567067 0.0502749 0.0500434 0.0503541 0.0503865
internal_weight=554.297 291.33 157.928 133.403 38.9281 130.376 128.375 118.999 262.967 62.5101 116.761 124.961 113.778 58.7832 39.0219 10.2391 28.7828 2.23839 2.98265 3.02628 3.81853 0.500957 200.457 2.9861 2.12511 3.41403 197.471 3.31757 19.7613 17.6015
internal_count=80000 72550 71625 925 70431 868 851 1194 7450 4791 1134 738 990 412 225 41 184 60 144 57 176 130 2659 269 43 113 2390 46 187 166
is_linear=0
shrinkage=0.05


Tree=102
num_leaves=31
num_cat=0
split_feature=4 0 0 6 2 7 5 7 7 2 5 4 0 7 5 7 0 0 5 0 5 2 0 0 2 7 7 5 4 2
split_gain=91.6137 46.1304 25.5809 13.8347 11.3427 11.1852 5.35524 2.01774 1.37995 1.20503 1.15087 5.16096 4.0762 1.01788 0.958531 0.935573 0.374971 0.291958 0.234146 0.321508 0.177776 0.112431 0.00182555 0.00014111 1.99294e-05 1.93308e-05 6.35013e-06 5.66121e-06 4.98035e-06 2.32421e-06
threshold=5.5000000000000009 11883.435000000001 43105.460000000014 1.5000000000000002 49.500000000000007 24.750000000000004 0.65450000000000019 118.25000000000001 26.150000000000002 219.50000000000003 0.65450000000000019 6.5000000000000009 13729.490000000002 120.35000000000001 0.94450000000000001 105.35000000000001 17757.770000000004 15105.005000000003 0.39550000000000007 252.85500000000002 0.88550000000000006 335.50000000000006 17757.770000000004 15105.005000000003 401.50000000000006 27.450000000000003 120.35000000000001 0.65450000000000019 3.5000000000000004 401.50000000000006
decision_type=2 2 2 2 2 2 2 2 2 2 2 2 2 2 2 2 2 2 2 2 2 2 2 2 2 2 2 2 2 2
left_child=1 6 3 4 20 -6 18 10 -4 -5 25 12 29 -9 15 -10 -14 -13 -1 -20 -3 -11 23 27 26 -2 28 -15 -8 -12
right_child=7 2 8 9 5 -7 24 13 14 21 11 17 16 22 -16 -17 -18 -19 19 -21 -22 -23 -24 -25 -26 -27 -28 -29 -30 -31
leaf_value=0.050416343376447396 0.050266992097182731 -0.065483957597864198 0.0085684773471571048 -0.14763020676741662 -0.08338387043036366 0.0096168320996047954 -0.050085060672415173 0.037993190789003928 0.046769036615012444 -0.090602892479168515 -0.050215220410192343 -0.050185425345335134 0.028864136493928529 -0.050880182470234639 0.012713053031180125 0.028706022498094525 0.050061464791643508 -0.11277730941930707 0.050285822189566877 -0.050300557889102995 -0.086436050884284535 -0.061295671049009175 -0.056072958707529187 -0.0527153693367024 -0.050013760310267719 0.050097949459261021 -0.050014082419798558 -0.05001428065874141 -0.050141847710620968 -0.050018455054386193
leaf_weight=1.3584431037306774 187.95710868388414 2.7925701091298825 3.0853054700419298 1.1857979404740029 3.2833264459477496 211.14836938245571 14.387560614763066 0.51861888961866387 49.658234073780477 0.79779681889340259 0.93981936693308543 0.30820982632576388 2.3432666845619705 0.021242211805656552 2.5285376415122292 8.3781037684530002 19.024267163127661 0.47103171050548553 0.16828063875436772 0.15048362943343818 1.5882026664330622 0.55483756924513727 0.44842467538546771 0.071494460105895996 13.474311121070057 1.706563195446505 2.3958549178641979 0.16946370580262737 5.2771920478553502 0.17859842917823698
leaf_count=12 2387 36 15 10 66 1639 12317 25 406 7 276 283 12 2 14 69 176 2 2 140 24 62 8 2 49254 21 8623 635 2909 566
internal_value=0.0232626 0.00641593 0.0132521 0.00521933 0.00656569 0.00819283 -0.0459409 0.0486093 0.0411869 -0.110837 0.048978 0.0384825 0.0428664 -0.0152661 0.0428485 0.0441615 0.0477369 -0.0880206 0.0413667 0.00280056 -0.0730799 -0.0785814 -0.0541351 -0.0508209 -0.0500617 0.0502655 -0.0500909 -0.0501107 -0.0501003 -0.0501838
internal_weight=536.371 322.213 285.001 221.351 218.812 214.432 37.2121 214.158 63.6502 2.53843 212.929 23.2652 22.486 1.22924 60.5649 58.0363 21.3675 0.779242 1.67721 0.318764 4.38077 1.35263 0.710625 0.2622 35.5349 189.664 22.0606 0.190706 19.6648 1.11842
internal_count=80000 75605 2348 1844 1765 1705 73257 4395 504 79 3723 1315 1030 672 489 475 188 285 154 142 60 69 647 639 73103 2408 23849 637 15226 842
is_linear=0
shrinkage=0.05


Tree=103
num_leaves=31
num_cat=0
split_feature=4 0 0 3 4 2 2 7 4 5 7 3 0 7 5 4 0 7 2 0 1 0 5 0 5 0 0 0 7 2
split_gain=88.9878 43.3569 24.4639 11.2708 9.59642 6.81971 11.7367 6.02072 5.35401 5.09379 1.92911 1.4506 2.39165 3.44538 1.13 4.83136 3.86348 0.959666 0.643948 0.389305 0.277613 0.231632 0.222609 0.305739 0.0952314 0.00521683 0.00155659 0.000121172 2.32888e-05 1.71518e-05
threshold=5.5000000000000009 11883.435000000001 43105.460000000014 1.5000000000000002 1.5000000000000002 340.50000000000006 365.50000000000006 24.750000000000004 3.5000000000000004 0.65450000000000019 118.25000000000001 1.5000000000000002 63032.060000000005 60.250000000000007 0.65450000000000019 6.5000000000000009 13729.490000000002 120.35000000000001 370.50000000000006 17757.770000000004 18.500000000000004 15105.005000000003 0.39550000000000007 252.85500000000002 0.75750000000000017 21807.355000000003 17757.770000000004 15105.005000000003 27.450000000000003 401.50000000000006
decision_type=2 2 2 2 2 2 2 2 2 2 2 2 2 2 2 2 2 2 2 2 2 2 2 2 2 2 2 2 2 2
left_child=1 9 3 5 25 8 -7 -6 -3 22 14 12 13 -4 28 16 -16 -12 24 -18 -14 -17 -1 -24 -13 -5 27 -19 -2 -11
right_child=10 2 11 4 7 6 -8 -9 -10 29 17 18 20 -15 15 21 19 26 -20 -21 -22 -23 23 -25 -26 -27 -28 -29 -30 -31
leaf_value=0.050395893923713277 0.050253903559109692 -0.0070423660105997238 -0.032193385640382134 0.052683534258456378 -0.091172509163347001 -0.097793330001151993 -0.0098901449966256605 0.011999966121728061 0.020394224597171291 -0.050086497564461846 0.037144956544503525 0.04419500726847702 0.050447958741855037 0.030822893779126639 -0.050174812183754039 -0.050176384844764881 0.028113734666924902 -0.050105331568508486 0.026848785898366229 0.050006486725789868 0.032878443225627267 -0.10674342958644396 0.050271805640993386 -0.050285979212113766 0.050420823042816948 0.050904995432111293 -0.055746754325678133 -0.052577724001133412 0.050063726399541209 -0.050013090410345531
leaf_weight=1.2927021607756604 178.83572766929865 71.588621564034838 2.9417182265315214 8.6535355150699633 1.4375100212055247 5.1029722434468594 14.841250208250129 86.595822928618873 23.65702841093298 20.986511501483619 0.50430780329042935 8.03996978048235 9.3290230585262162 8.2582328952848894 1.0640576617297544 0.29322974438400606 2.2869727374054518 0.1814241303873132 3.6483508598757899 18.115844072774053 2.9622426331043252 0.4727192223072052 0.16011700034141529 0.14318491031008307 26.022580146789551 7.8753478974103919 0.42898755113128573 0.068181177601218224 1.6244152302388091 12.817328842575078
leaf_count=12 2387 291 24 17 23 31 745 630 74 23849 25 73 62 63 842 283 12 637 35 176 19 2 2 140 228 33 8 2 21 49254
internal_value=0.0228105 0.00620955 0.01278 0.00499369 0.0168787 -0.00579483 -0.0323812 0.0103152 -0.00022769 -0.0459375 0.0485703 0.0407375 0.0309845 0.0142714 0.0489418 0.0383057 0.0427084 -0.0150962 0.046813 0.0475525 0.0462136 -0.0850878 0.0413508 0.00279978 0.0489513 0.0518361 -0.0539201 -0.0507807 0.0502522 -0.0500587
internal_weight=520.23 316.354 280.954 219.752 104.562 115.19 19.9442 88.0333 95.2456 35.3998 203.876 61.2021 23.4912 11.2 202.693 22.2328 21.4669 1.1829 37.7109 20.4028 12.2913 0.765949 1.596 0.303302 34.0625 16.5289 0.678593 0.249605 180.46 33.8038
internal_count=80000 75605 2348 1844 703 1141 776 653 365 73257 4395 504 168 87 3723 1315 1030 672 336 188 81 285 154 142 301 50 647 639 2408 73103
is_linear=0
shrinkage=0.05


Tree=104
num_leaves=31
num_cat=0
split_feature=4 2 3 8 1 5 4 4 12 10 7 1 7 5 4 7 2 3 2 8 11 1 5 3 1 2 1 3 7 7
split_gain=86.3854 21.9897 16.9134 11.8631 17.4673 10.5357 10.2907 8.51589 7.70058 7.14184 6.30858 5.15596 1.84495 1.10998 4.52871 0.90472 0.425154 0.703302 0.315116 0.239359 0.18177 0.0357454 0.00241563 0.00223706 0.00141894 0.000901155 0.000257799 0.000133469 9.53033e-05 3.57053e-05
threshold=5.5000000000000009 401.50000000000006 1.5000000000000002 1.0000000180025095e-35 16.500000000000004 0.8045000000000001 1.5000000000000002 3.5000000000000004 1.0000000180025095e-35 1.5000000000000002 120.35000000000001 16.500000000000004 118.25000000000001 0.65450000000000019 6.5000000000000009 120.35000000000001 74.500000000000014 1.5000000000000002 390.50000000000006 1.0000000180025095e-35 1.5000000000000002 22.500000000000004 0.9385 2.5000000000000004 14.500000000000002 194.50000000000003 22.500000000000004 6.5000000000000009 172.35000000000005 118.95000000000002
decision_type=2 2 2 2 2 2 2 2 2 2 2 2 2 2 2 2 2 2 2 2 2 2 2 2 2 2 2 2 2 2
left_child=1 2 3 7 22 -6 23 8 -1 10 -8 -9 13 -2 16 -14 17 -15 -18 -11 21 -16 -5 24 -4 27 28 -17 -27 -3
right_child=12 29 6 4 5 -7 9 11 -10 19 -12 -13 15 14 20 25 18 -19 -20 -21 -22 -23 -24 -25 -26 26 -28 -29 -30 -31
leaf_value=-0.0073767919906830336 0.050239538552145538 -0.050189932304920963 0.051893016658786498 -0.05013710869649253 -1.0188332107536513 -0.050048138944487112 0.018921844347896621 0.028461182552118509 -0.13262628444585053 -0.06249586583250806 -0.054993350597857565 -0.021059538841656473 0.03627056211958541 -0.020574856181473859 -0.050173510755647147 -0.054859218713972424 0.046444298027535053 0.042026262289964415 0.017216392590741626 -0.11347945069982729 -0.11500000631110492 -0.077526126713231655 -0.058918617083833107 0.050470230721253784 0.05094418980245722 -0.050126575941833319 -0.054256025676198909 -0.057009832261801063 -0.052133987953186633 -0.050030222015892523
leaf_weight=110.54701962068793 171.70114329899661 11.471619305171773 11.443948186934 0.15789533741189998 0.095559277178836055 0.039732844365062192 117.46497530053603 28.801734600812779 1.2409645529551188 2.2826004420348904 2.9594460910157059 6.4296419695892828 0.49098601832520106 0.68209996490623481 0.2385642426670519 0.21794513978238683 17.531061280955331 1.3109664533985776 0.9733798346715038 0.25603493979724579 0.27320413228153484 0.23921083947061561 0.15537596055946779 6.3481675982475272 6.009413853287696 0.13392964620288694 0.0823022996482905 0.10783958435058594 0.10585857140540611 5.0356783719034857
leaf_count=14196 2408 31674 43 186 35 70 4256 1375 429 1728 2185 566 25 14 240 89 384 46 586 38 30 15 49 53 34 466 27 1 64 18688
internal_value=0.0223602 0.00601384 0.0091643 -0.00279491 -0.259536 -0.734319 0.0211808 -0.00201158 -0.00876719 0.0153558 0.0171054 0.0194238 0.0485309 0.0489055 0.0381252 -0.0149215 0.0425436 0.0206019 0.0449068 -0.0676378 -0.0824699 -0.0638683 -0.0544926 0.051274 0.0515663 -0.0537169 -0.0518415 -0.0555711 -0.0510128 -0.0501412
internal_weight=504.828 310.74 294.233 147.468 0.448563 0.135292 146.765 147.019 111.788 122.963 120.424 35.2314 194.088 192.95 21.2485 1.13886 20.4975 1.99307 18.5044 2.53864 0.750979 0.477775 0.313271 23.8015 17.4534 0.647875 0.322091 0.325785 0.239788 16.5073
internal_count=80000 75605 25243 16906 340 105 8337 16566 14625 8207 6441 1941 4395 3723 1315 672 1030 60 970 1766 285 255 235 130 77 647 557 90 530 50362
is_linear=0
shrinkage=0.05


Tree=105
num_leaves=31
num_cat=0
split_feature=4 0 0 5 6 7 2 3 7 7 5 2 7 5 0 2 7 2 5 0 5 1 2 0 0 2 0 7 2 3
split_gain=83.96 40.0141 20.0122 11.9654 11.1929 9.69363 8.1255 6.07784 5.90052 5.51156 4.76777 2.66362 1.76255 1.15578 4.33682 1.21459 0.852875 0.834494 0.199157 0.28088 0.122535 0.0742525 0.0280269 0.00696133 0.00113174 0.00106561 8.94174e-05 3.32811e-05 1.50433e-05 9.5895e-06
threshold=5.5000000000000009 21807.355000000003 11883.435000000001 0.95150000000000012 1.5000000000000002 120.35000000000001 49.500000000000007 2.5000000000000004 25.450000000000003 90.750000000000014 0.65450000000000019 109.50000000000001 118.25000000000001 0.65450000000000019 13729.490000000002 99.500000000000014 120.35000000000001 219.50000000000003 0.39550000000000007 252.85500000000002 0.96850000000000003 15.500000000000002 380.50000000000006 43105.460000000014 17757.770000000004 295.50000000000006 15105.005000000003 27.450000000000003 401.50000000000006 2.5000000000000004
decision_type=2 2 2 2 2 2 2 2 2 2 2 2 2 2 2 2 2 2 2 2 2 2 2 2 2 2 2 2 2 2
left_child=1 2 10 5 7 6 -3 9 -8 -4 18 -9 13 27 -15 -16 -14 -6 -1 -20 -5 -19 -17 25 26 -7 -18 -2 29 -12
right_child=12 3 4 20 17 23 8 11 -10 -11 28 -13 16 14 15 22 24 21 19 -21 -22 -23 -24 -25 -26 -27 -28 -29 -30 -31
leaf_value=0.050369408601600142 0.05022962778470267 -0.086527445909346246 -0.01313486795569814 -0.08918342419419828 -0.14016875106869806 -0.055913921900283707 -0.024439056635055398 -0.010464284883660942 0.032385585053412193 0.01000132560892137 -0.050071471749127572 0.037835432657765795 0.03537239845413967 -0.050171309082055415 0.016668033759089217 0.050414578218608591 -0.050095598676855785 -0.068145524435156521 0.050253636142346486 -0.050253502262335638 -0.067957092625776191 -0.093673367292829171 0.044503192000381823 -0.06071807012377925 -0.055148598973597689 -0.053625621433634342 -0.052324968604839754 0.04999077114146238 -0.05001184233886119 -0.050183748571494116
leaf_weight=1.207399584352969 161.8938025906682 1.5019616968929757 69.981770377620705 1.1126275863498443 1.1906393733806901 1.9213258209638295 4.7329644785495466 3.6311079245060709 131.32758980360813 40.718888015951961 17.796254900458742 13.345437731710261 0.47860041901003458 1.3161222937123991 3.4238380715250996 13.378420680761336 0.16403747897129506 0.5963269713683983 0.1495205983519553 0.12990823957079556 1.7482024801138321 0.54536473011830822 2.3586026583798221 0.76973499218001951 0.3924200211185962 0.69199784158263344 0.061969198286533356 1.4716123805847008 11.596476678707402 2.1293047451035809
leaf_count=12 2387 11 525 18 10 27 27 14 861 589 22603 83 25 1125 26 139 637 37 2 140 37 15 25 14 8 80 2 21 49254 1246
internal_value=0.021836 0.00579629 -0.0111628 0.025021 -0.00233551 0.0270758 0.0291321 -0.000352647 0.0304089 -0.00462471 -0.0459301 0.0275046 0.0484468 0.0488239 0.0376261 0.0436568 -0.0147419 -0.110882 0.0415661 0.00352723 -0.0762124 -0.0803397 0.0495286 -0.0565389 -0.0535254 -0.055308 -0.0507069 0.0502275 -0.0500571 -0.0500835
internal_weight=491.764 306.825 163.018 143.806 130.01 140.946 137.563 127.677 136.061 110.701 33.0089 16.9765 184.939 183.842 20.477 19.1609 1.09703 2.33233 1.48683 0.279429 2.86083 1.14169 15.737 3.38306 0.618427 2.61332 0.226007 163.365 31.522 19.9256
internal_count=80000 75605 74530 1075 1273 1020 899 1211 888 1114 73257 97 4395 3723 1315 190 672 62 154 142 55 52 164 121 647 107 639 2408 73103 23849
is_linear=0
shrinkage=0.05


Tree=106
num_leaves=31
num_cat=0
split_feature=4 0 0 6 5 2 5 5 4 10 0 3 0 4 2 2 0 1 5 0 5 2 2 5 0 2 0 2 3 0
split_gain=81.2833 37.2647 22.79 11.4062 10.1288 10.1729 4.53501 1.73861 4.50586 3.95679 3.4491 1.4562 2.37483 2.66915 0.7935 0.722604 0.588514 0.288696 0.189354 0.267114 0.179876 0.157484 0.0723009 0.0718967 0.0527879 0.00151537 0.00108491 1.29475e-05 8.25368e-06 3.70573e-06
threshold=5.5000000000000009 11883.435000000001 43105.460000000014 1.5000000000000002 0.94950000000000012 49.500000000000007 0.65450000000000019 0.65450000000000019 6.5000000000000009 1.5000000000000002 13729.490000000002 1.5000000000000002 63032.060000000005 3.5000000000000004 219.50000000000003 380.50000000000006 15105.005000000003 18.500000000000004 0.39550000000000007 252.85500000000002 0.75750000000000017 99.500000000000014 335.50000000000006 0.90750000000000008 17757.770000000004 34.500000000000007 21807.355000000003 401.50000000000006 2.5000000000000004 126.25000000000001
decision_type=2 2 2 2 2 2 2 2 2 2 2 2 2 2 2 2 2 2 2 2 2 2 2 2 2 2 2 2 2 2
left_child=1 6 3 4 5 -3 18 25 9 10 -9 12 13 -4 -5 20 -11 -14 -1 -20 -13 -10 -16 -12 -6 -2 -23 28 -8 -30
right_child=7 2 11 14 24 -7 27 8 21 16 23 15 17 -15 22 -17 -18 -19 19 -21 -22 26 -24 -25 -26 -27 -28 -29 29 -31
leaf_value=0.050351278063883703 0.050218447209460407 -0.072398530110837828 -0.0039948008725278388 -0.13170827118298112 -0.05760512691116642 0.0086612691643684746 -0.05006798355926291 -0.050171981735714383 -0.094795815752820103 -0.050073823023515131 0.049085241015799051 0.041488111770895592 0.050403605308967349 0.049419208075437038 -0.084672503724089229 0.018085512585719676 -0.17145043168403196 0.032003752693090921 0.050241201807231288 -0.050241196907649471 0.050378421590046379 -0.050149219863745667 -0.060250223183479668 0.040826356320898226 -0.068924284511277509 0.048745862357439378 -0.056266108443884411 -0.050011264706507658 -0.050496997915444521 -0.050160582833344403
leaf_weight=1.1489171236753488 153.68758070468903 3.946204791776835 7.3063585988711566 1.2034094878472381 1.469688392986426 201.90326327853836 16.929471235736862 0.94718741747784463 0.50114552848390204 0.18499740469269355 15.262246206984857 7.4084746809676316 8.5981810595840198 3.4400507572572678 0.7674095914699135 2.1072385377483434 0.2170270592905581 2.8346506468951711 0.14226270467042912 0.12360204434662592 24.52199886739254 0.27097309484088328 0.50082009089237545 3.1850855894153929 3.4430790424958104 1.7671021739952255 0.098963305354118347 11.031034037339849 0.085463797586270984 1.9403466223884605
leaf_count=12 2381 52 58 10 150 1482 22603 1004 32 324 163 74 62 29 7 23 3 19 2 140 239 421 62 36 81 30 1 49254 17 1229
internal_value=0.0214134 0.00562079 0.011628 0.00416169 0.005414 0.00710733 -0.045927 0.0483903 0.0347658 0.039663 0.0428814 0.0399483 0.0299792 0.0131036 -0.102625 0.0464442 -0.115597 0.0458416 0.041552 0.00352636 0.0483157 -0.07653 -0.0750282 0.0476593 -0.0655381 0.0502017 -0.0517856 -0.0500543 -0.0500794 -0.0501748
internal_weight=476.974 300.852 269.451 213.234 210.762 205.849 31.4011 176.122 20.6676 19.7965 19.3945 56.217 22.1792 10.7464 2.47164 34.0377 0.402024 11.4328 1.41478 0.265865 31.9305 0.871082 1.26823 18.4473 4.91277 155.455 0.369936 29.9863 18.9553 2.02581
internal_count=80000 75605 2348 1844 1765 1534 73257 4395 1984 1530 1203 504 168 87 79 336 327 81 154 142 313 454 69 199 231 2411 422 73103 23849 1246
is_linear=0
shrinkage=0.05


Tree=107
num_leaves=31
num_cat=0
split_feature=4 0 0 7 0 2 3 7 3 0 0 4 0 2 7 0 2 0 2 7 3 4 0 7 1 2 0 2 0 4
split_gain=78.7969 35.3232 18.359 8.80039 7.81471 6.48062 7.73519 6.7712 5.42592 4.35264 13.7698 8.52369 2.97545 2.34779 1.72442 4.41621 2.45565 1.76445 1.61258 1.56123 0.970162 0.628453 0.325714 0.276044 0.117588 0.0925434 0.981148 0.00979591 0.0063619 0.00246199
threshold=5.5000000000000009 21807.355000000003 11883.435000000001 120.35000000000001 43105.460000000014 340.50000000000006 2.5000000000000004 42.95000000000001 2.5000000000000004 12761.115000000002 13729.490000000002 2.5000000000000004 147.17500000000004 119.50000000000001 42.250000000000007 17757.770000000004 99.500000000000014 13729.490000000002 44.500000000000007 26.150000000000002 1.5000000000000002 2.5000000000000004 15105.005000000003 114.25000000000001 20.500000000000004 54.500000000000007 15105.005000000003 360.50000000000006 43105.460000000014 6.5000000000000009
decision_type=2 2 2 2 2 2 2 2 2 2 2 2 2 2 2 2 2 2 2 2 2 2 2 2 2 2 2 2 2 2
left_child=1 2 12 4 5 7 -7 -3 9 11 -11 -4 18 -10 25 16 22 -18 -1 -6 -21 -15 -16 24 27 29 -27 -17 -5 -2
right_child=14 3 8 28 19 6 -8 -9 13 10 -12 -13 -14 21 15 23 17 -19 -20 20 -22 -23 -24 -25 -26 26 -28 -29 -30 -31
leaf_value=0.047093365431089919 0.047981632607833967 -0.0098757772391063273 0.033023203829906971 -0.054937461697028928 0.0046206284426999486 -0.04316069749622662 0.046421663974974117 0.029879266506431346 -0.005722152753264537 -0.073108005360780728 -0.0053041429183201764 -0.025276134152212471 -0.050051092122007972 0.050856634191863627 -0.05014498668963413 0.050308152521885578 -0.0501542774392221 0.042201821074716532 -0.050094910585468992 0.034313209447263807 0.048494770097644802 0.027145399235771889 -0.13251519929981617 0.026189675811212721 0.035948738421723199 -0.050160612897425821 0.049893031246532236 0.046431698832904544 -0.060176445478075893 0.050206313861713731
leaf_weight=1.2693445551558422 1.2542482371791255 13.304409983567892 16.767236415413212 2.5937217588070776 2.8100988052319726 8.5346436011604947 3.3577661914750925 54.942477602511644 4.6935262680053738 8.2910895433742535 77.291430873548961 10.014076859122722 27.95917624982394 4.4662090837955457 0.16100634865870533 7.8405421748757345 0.93563534790882874 1.1562397070229051 0.6430221688497112 19.890296067111194 30.632458219304681 7.4659357765922323 0.47140021994709969 1.7801736231194798 1.9088744521141041 0.26704066013189676 2.9719261489808559 2.0573743879795074 0.74617828836198885 146.90077307377942
leaf_count=44 27 57 118 128 15 150 26 210 18 195 752 109 71829 19 106 93 1397 8 1384 152 322 62 3 24 19 270 31 25 15 2392
internal_value=0.0209633 0.00543495 -0.0106029 0.0240576 0.0260636 0.0161938 -0.0178675 0.0221292 -0.00242325 -0.00636788 -0.0118729 0.0112239 -0.045924 0.0242363 0.0483405 0.032894 -0.0252074 0.000893603 0.0144144 0.0408941 0.0429116 0.0360205 -0.111544 0.0445438 0.0473111 0.0500047 0.041644 0.0495024 -0.0561079 0.0501875
internal_weight=463.378 295.673 158.861 136.812 133.472 80.1393 11.8924 68.2469 128.99 112.364 85.5825 26.7813 29.8715 16.6257 167.705 16.3112 2.72428 2.09188 1.91237 53.3329 50.5228 11.9321 0.632407 13.587 11.8068 151.394 3.23897 9.89792 3.3399 148.155
internal_count=80000 75605 74530 1075 932 443 176 267 1273 1174 947 227 73257 99 4395 1675 1514 1405 1428 489 474 81 109 161 137 2720 301 118 143 2419
is_linear=0
shrinkage=0.05


Tree=108
num_leaves=31
num_cat=0
split_feature=3 0 0 5 5 5 7 1 7 0 11 1 7 7 0 0 2 0 7 5 7 7 1 0 0 2 0 1 7 7
split_gain=74.6643 30.3637 13.6211 9.94372 9.12798 7.80178 7.57027 15.8009 17.4792 7.01422 6.76051 13.7333 4.50841 4.49388 3.51494 2.89184 3.49715 2.81922 4.07291 1.75437 1.59936 1.32023 0.464036 0.0940523 0.331789 0.0678304 0.748581 0.00100665 0.000273766 7.86158e-05
threshold=2.5000000000000004 28815.715000000004 11883.435000000001 0.95150000000000012 0.65450000000000019 0.71250000000000002 114.95000000000002 11.500000000000002 118.95000000000002 11883.435000000001 1.0000000180025095e-35 14.500000000000002 90.750000000000014 119.65000000000002 17757.770000000004 43105.460000000014 119.50000000000001 63032.060000000005 61.650000000000013 0.90750000000000008 126.35000000000001 57.45000000000001 21.500000000000004 136.93000000000004 252.85500000000002 59.500000000000007 21807.355000000003 14.500000000000002 26.150000000000002 104.65000000000002
decision_type=2 2 2 2 2 2 2 2 2 2 2 2 2 2 2 2 2 2 2 2 2 2 2 2 2 2 2 2 2 2
left_child=1 2 4 13 23 25 10 14 -9 -7 11 -4 -12 17 -8 16 21 18 -3 -18 -15 -11 -19 -1 -25 28 -27 -22 -2 -17
right_child=5 3 6 -5 -6 9 7 8 -10 15 12 -13 -14 20 -16 29 19 22 -20 -21 27 -23 -24 24 -26 26 -28 -29 -30 -31
leaf_value=0.050254727158591819 0.050197484638099865 0.01079066534654765 -0.030719307183041618 -0.076594235127506738 -0.050044796719030199 -0.050125439909989217 -0.063605161398553767 -0.31644431754472713 -0.05192575107159432 -0.021074003312017642 0.004050724390846942 0.0098439371783271244 0.035225453085061607 0.024854236606240886 0.021649011718972259 0.050290381939543306 0.040359696271077224 0.050419249280151637 0.038444521191388602 0.0069014544905853532 -0.056235534554189337 0.016137411572446053 0.026197444545466672 0.050221786130371773 -0.050226155430745059 -0.050216513073183859 0.050276606735059307 -0.058547251719048413 0.049452847459304561 0.049921220484335227
leaf_weight=2.2905438281595738 138.18744033575058 22.768229846726172 38.652427292661741 2.2145307825412592 25.500652439135592 2.765044760235468 1.6913248859491412 0.98503646341851014 1.706391143670771 4.6381979249417764 36.719113845334505 45.347148776563699 16.951200163486646 0.86014687689021174 4.2395046040182933 13.10892843082547 19.711634769395463 20.130200706422333 32.067944699898362 4.8898213599459259 1.0665637638885526 4.9036801159381866 2.1927135400474063 0.32644855603575695 0.10987993495655246 0.20273315049416796 2.1566542875953019 0.84324394748546172 1.245453505340264 1.6204441534355272
leaf_count=33 2366 154 399 22 70255 4379 195 21 220 17 197 275 51 11 100 166 144 180 226 40 33 24 21 5 138 248 21 14 24 21
internal_value=0.0205305 0.00285158 -0.008947 0.0279185 -0.040747 0.0439887 -0.00281108 -0.0482601 -0.148737 0.0273489 3.53847e-05 -0.00882125 0.0138969 0.0308141 -0.00266336 0.0317322 0.0237437 0.0330605 0.0269625 0.0337095 -0.0317587 -0.00195063 0.04804 0.0462019 0.0249261 0.0500486 0.0416416 -0.0572562 0.0501908 0.0502498
internal_weight=450.093 256.663 174.52 82.1436 28.2275 193.43 146.292 8.62226 2.69143 51.6378 137.67 83.9996 53.6703 79.929 5.93083 48.8727 34.1433 77.1591 54.8362 24.6015 2.76995 9.54188 22.3229 2.72687 0.436328 141.792 2.35939 1.90981 139.433 14.7294
internal_count=80000 72550 71889 661 70431 7450 1458 536 241 4791 922 674 248 639 295 412 225 581 380 184 58 41 201 176 143 2659 269 47 2390 187
is_linear=0
shrinkage=0.05


Tree=109
num_leaves=31
num_cat=0
split_feature=3 0 0 5 5 5 7 1 7 0 10 10 7 7 0 2 0 7 5 7 7 1 2 0 0 2 0 1 7 7
split_gain=71.7487 28.2305 13.147 9.27654 8.68228 7.85791 6.96624 14.5239 14.3584 6.57754 6.29248 4.77858 4.19466 3.3693 2.91048 3.32134 2.84651 3.95858 1.7124 1.51394 1.18738 0.476344 0.150505 0.0894347 0.315537 0.0649055 0.711512 0.000850697 0.00032432 9.01976e-05
threshold=2.5000000000000004 28815.715000000004 11883.435000000001 0.95150000000000012 0.65450000000000019 0.71250000000000002 114.95000000000002 11.500000000000002 118.95000000000002 11883.435000000001 1.5000000000000002 1.0000000180025095e-35 119.65000000000002 119.65000000000002 43105.460000000014 119.50000000000001 63032.060000000005 61.650000000000013 0.90750000000000008 126.35000000000001 57.45000000000001 21.500000000000004 74.500000000000014 136.93000000000004 252.85500000000002 59.500000000000007 21807.355000000003 14.500000000000002 26.150000000000002 104.65000000000002
decision_type=2 2 2 2 2 2 2 2 2 2 2 2 2 2 2 2 2 2 2 2 2 2 2 2 2 2 2 2 2 2
left_child=1 2 4 12 23 25 10 13 -9 -7 11 -4 16 -8 15 20 17 -3 -17 -14 -11 -18 -12 -1 -25 28 -27 -21 -2 -16
right_child=5 3 6 -5 -6 9 7 8 -10 14 22 -13 19 -15 29 18 21 -19 -20 27 -22 -23 -24 24 -26 26 -28 -29 -30 -31
leaf_value=0.05024225421393852 0.050187818096353413 0.010352636932124404 -0.0059506961995883746 -0.075145675616793334 -0.050042613374117223 -0.050119326630940958 0.026692405819516186 -0.29148520865329547 -0.051831669066461611 -0.019745270486521901 -0.094060518182383035 0.013343809013954142 0.023929018423098577 -0.051968193973689805 0.050276165620398584 0.039836812437663426 0.050398675586820318 0.037898857531820811 0.0065902640129994741 -0.055903129680081001 0.015533587047022188 0.025523352190527822 -0.064579012960625223 0.050210925056003122 -0.050215198718522362 -0.05020596380118092 0.050234734573573837 -0.058074466945698178 0.049357596355520256 0.049870918615719101
leaf_weight=2.1793599463999302 131.47264359891415 22.550671448407229 81.033341731410474 2.1460962181736241 24.258002495771507 2.6305046643283267 3.6563687333546095 1.0152085074805657 1.626041416369844 4.7011284902691823 0.51650068978778962 53.130430334975244 0.84902503038756494 2.1688341244298499 12.473035454750059 18.990237287478525 19.156058799475435 30.932154978625476 4.8653235101955934 1.0204266766086219 4.8412089701741934 2.1394658014178267 2.6747095389291644 0.31059296056628216 0.10454325852333568 0.19288523824798121 2.0531403212808073 0.80848287092521776 1.1869417991838407 1.5429303753189731
leaf_count=33 2366 154 572 22 70255 4379 26 21 220 17 7 248 11 269 166 144 180 226 40 33 24 21 95 5 138 248 21 14 24 21
internal_value=0.0201049 0.0027624 -0.008594 0.0273968 -0.0407445 0.0437606 -0.00267359 -0.0466916 -0.143947 0.0268393 3.96425e-05 0.00169015 0.0302379 -0.00259444 0.0311089 0.0230838 0.0324399 0.0262842 0.0330562 -0.0312483 -0.0018469 0.0478996 -0.0693506 0.0461906 0.0249207 0.0500377 0.041609 -0.056863 0.0501804 0.0502316
internal_weight=437.226 252.276 172.674 79.6024 26.8525 184.95 145.821 8.46645 2.64125 50.0444 137.355 134.164 77.4563 5.8252 47.4139 33.3979 74.7784 53.4828 23.8556 2.67793 9.54234 21.2955 3.19121 2.5945 0.415136 134.906 2.24603 1.82891 132.66 14.016
internal_count=80000 72550 71889 661 70431 7450 1458 536 241 4791 922 820 639 295 412 225 581 380 184 58 41 201 102 176 143 2659 269 47 2390 187
is_linear=0
shrinkage=0.05


Tree=110
num_leaves=31
num_cat=0
split_feature=4 10 3 4 8 4 6 12 7 1 7 7 5 7 4 10 7 1 7 7 1 7 7 8 7 7 5 5 5 7
split_gain=71.8117 15.9266 14.0392 10.2276 8.24655 7.26477 6.69307 6.63544 6.48741 6.09354 5.54684 4.42742 3.39794 1.64134 3.72061 3.11283 1.42356 1.08545 2.03983 1.68948 0.265212 0.610569 2.24032 0.284097 0.200068 0.100342 0.0886317 0.0910861 0.266342 0.0478842
threshold=5.5000000000000009 1.5000000000000002 1.5000000000000002 1.5000000000000002 1.0000000180025095e-35 4.5000000000000009 1.5000000000000002 1.0000000180025095e-35 120.35000000000001 16.500000000000004 62.350000000000001 30.250000000000004 0.8045000000000001 42.250000000000007 6.5000000000000009 1.5000000000000002 120.35000000000001 22.500000000000004 105.35000000000001 106.05000000000001 5.5000000000000009 55.350000000000001 54.650000000000013 1.0000000180025095e-35 66.65000000000002 42.95000000000001 0.65450000000000019 0.88950000000000007 0.89550000000000007 95.65000000000002
decision_type=2 2 2 2 2 2 2 2 2 2 2 2 2 2 2 2 2 2 2 2 2 2 2 2 2 2 2 2 2 2
left_child=1 2 4 -4 5 7 8 -1 -5 -6 -8 -7 -11 26 15 16 -15 20 29 -20 21 22 -3 -23 -17 -16 -2 -28 -29 -19
right_child=13 17 3 6 9 11 10 -9 -10 12 -12 -13 -14 14 25 24 -18 18 19 -21 -22 23 -24 -25 -26 -27 27 28 -30 -31
leaf_value=-0.0060272819621773619 0.050178798006154671 -0.051516089546879952 0.0512577177805041 0.016396504743898248 -0.053686715335509561 -0.059368908237583395 0.019720043138165007 -0.12245593453364673 -0.053461660254963184 -0.48276043104567834 -0.16172517137769904 0.038719276110775476 -0.050121346936282098 0.044943434845680252 -0.1007272815367851 -0.12753094419801386 -0.05326785186542006 -0.053751329708169572 -0.39239242033837129 -0.050016907661734292 -0.054689142146147188 -0.054701931367938932 -0.29073957026251923 -0.11113988940176417 -0.050169178395792408 -0.062213096797330697 0.04465959380532452 0.046436691430858268 -0.050305283309047891 -0.08805892971055379
leaf_weight=124.90640031560906 127.35800297558308 0.30752968658634872 20.29739161580801 105.38348640309414 0.34261261123174236 1.259864824663963 0.72952736572187749 1.2358494301879535 3.4315767191437763 0.18894126587110804 0.99662518274999456 13.243294522457289 0.059731897679739632 13.238766176145866 0.2518342789262541 0.2584668153140236 0.37954940368945322 0.16968742012249993 0.11143893288681284 0.05324930132337613 4.5960933404858224 1.5720530504768246 0.14355278984294273 0.25983387314772688 0.1235077131568687 0.51485172168031568 2.8923718028891012 0.23548180238867633 0.10194713529199362 0.25387403064814862
leaf_count=36370 2407 1051 130 11292 557 109 391 1152 6197 81 922 980 150 638 2 49 382 363 8 297 12167 3243 19 80 219 385 193 12 108 46
internal_value=0.0196788 0.00485644 0.00683361 0.0186342 -0.00409816 -0.00331478 0.0126439 -0.00716796 0.0141935 -0.190434 -0.0850406 0.0301985 -0.378839 0.0481847 0.0323846 0.0382577 0.0422062 -0.0671829 -0.132372 -0.281691 -0.0616084 -0.0755382 -0.127647 -0.0627071 -0.102517 -0.0748639 0.0499714 0.0417916 0.0172081 -0.0743146
internal_weight=424.897 279.543 272.075 130.839 141.237 140.645 110.541 126.142 108.815 0.591286 1.72615 14.5032 0.248673 145.355 14.767 14.0003 13.6183 7.46731 0.58825 0.164688 6.87906 2.28297 0.451082 1.83189 0.381975 0.766686 130.588 3.2298 0.337429 0.423561
internal_count=80000 75605 58331 18932 39399 38611 18802 37522 17489 788 1313 1089 231 4395 1675 1288 1020 17274 714 305 16560 4393 1070 3323 268 387 2720 313 120 409
is_linear=0
shrinkage=0.05


Tree=111
num_leaves=31
num_cat=0
split_feature=4 0 0 6 7 2 5 7 0 2 4 7 0 7 2 5 0 7 7 0 5 0 5 5 0 2 2 2 7 4
split_gain=69.674 28.6719 18.8313 9.62352 9.04365 9.15255 3.67266 1.64427 3.72565 1.83926 1.53778 3.45645 1.50914 0.867643 0.550496 0.415157 0.412075 0.333159 0.25901 0.170098 0.144125 0.210793 0.141945 0.0948872 0.96927 0.0405134 0.00504124 7.28071e-06 2.27575e-06 2.08081e-06
threshold=5.5000000000000009 11883.435000000001 43105.460000000014 1.5000000000000002 24.750000000000004 49.500000000000007 0.65450000000000019 42.250000000000007 17757.770000000004 109.50000000000001 2.5000000000000004 31.050000000000004 13729.490000000002 105.35000000000001 219.50000000000003 0.93250000000000022 28815.715000000004 112.25000000000001 114.25000000000001 15105.005000000003 0.39550000000000007 252.85500000000002 0.75550000000000017 0.65450000000000019 15105.005000000003 335.50000000000006 370.50000000000006 401.50000000000006 120.35000000000001 3.5000000000000004
decision_type=2 2 2 2 2 2 2 2 2 2 2 2 2 2 2 2 2 2 2 2 2 2 2 2 2 2 2 2 2 2
left_child=1 6 3 4 16 -6 20 23 9 19 11 -4 -11 -13 -5 17 -3 -12 22 -9 -1 -22 -10 -2 -25 -16 -24 28 29 -8
right_child=7 2 10 14 5 -7 27 8 18 12 15 13 -14 -15 25 -17 -18 -19 -20 -21 21 -23 26 24 -26 -27 -28 -29 -30 -31
leaf_value=0.05028317628631071 0.050170046266110761 -0.066842768189172314 -0.031346192330934317 -0.11946710512087205 -0.071744367767593173 0.0072032784619997089 -0.050060562106934617 -0.050135030868489895 0.03494920830902231 -0.050135630710598879 0.049553475409559872 0.039885960442941133 0.041213362262822871 0.011211622664625612 -0.079029481502059795 0.02353176927458734 -0.10531269747120563 0.028345705295314924 0.024827860843490725 -0.10984559431777177 0.05019442219752316 -0.050187567588416797 0.050278578322497242 -0.050148757061522935 0.049848188197895521 -0.06002298916324527 0.047026699820351944 -0.050009065119382905 -0.050009492917098899 -0.050104021324236671
leaf_weight=0.92843205481767899 121.16727621480823 2.1472801708587204 2.1970278557855663 1.2304396567633369 3.7417293759353916 194.65905673865927 10.045399372211252 0.15698044311284265 2.042023714631795 0.79068116138660105 22.759019218385227 15.396076679229738 1.0559375504963098 3.1836359451990566 0.72773550846613921 1.8925588082056481 1.0300107613438743 2.0158553940709671 1.5562747702933837 0.49652422918006778 0.1148720383644104 0.096007400046801195 6.6651632376015169 0.26492604861414237 2.841485982760787 0.45608713706315029 1.4513301253318784 8.8479447704230534 1.599919945871078 3.7947470395811242
leaf_count=12 2407 63 15 10 57 1639 12317 117 28 1386 247 164 8 36 7 21 6 21 24 3 2 140 90 281 32 62 19 49254 8623 2909
internal_value=0.0191513 0.00466784 0.00978467 0.00318564 0.00437415 0.00571437 -0.0459296 0.0481062 0.0319973 -0.0234124 0.0381581 0.0279598 0.00209975 0.0349726 -0.0960481 0.0461036 -0.0793139 0.0478279 0.0438226 -0.0955023 0.0418078 0.00449336 0.0467325 0.0499488 0.0413201 -0.0717069 0.0496971 -0.0500452 -0.050066 -0.0500725
internal_weight=415.352 276.864 251.437 203.992 201.578 198.401 25.4273 138.489 14.2149 2.50012 47.4442 20.7767 1.84662 18.5797 2.41426 26.6674 3.17729 24.7749 11.7148 0.653505 1.13931 0.210879 10.1585 124.274 3.10641 1.18382 8.11649 24.288 15.4401 13.8401
internal_count=80000 75605 2348 1844 1765 1696 73257 4395 1675 1514 504 215 1394 200 79 289 69 268 161 120 154 142 137 2720 313 69 109 73103 23849 15226
is_linear=0
shrinkage=0.05


Tree=112
num_leaves=31
num_cat=0
split_feature=4 0 7 0 0 0 5 4 5 7 7 11 2 5 7 1 5 5 4 0 7 0 7 0 5 0 0 10 0 7
split_gain=67.4179 27.1802 14.5833 13.2585 9.57497 8.31109 7.91391 7.38238 18.494 6.7599 5.24738 12.7415 4.55705 3.4934 1.66415 1.64093 1.10506 1.10359 3.31804 2.89592 1.06331 0.621459 0.502805 0.4144 0.137045 0.200474 0.0596527 0.0208348 0.00067191 0.00017705
threshold=5.5000000000000009 15105.005000000003 24.750000000000004 43105.460000000014 11883.435000000001 12761.115000000002 0.94950000000000012 2.5000000000000004 0.81250000000000011 120.35000000000001 78.450000000000017 1.0000000180025095e-35 350.50000000000006 0.65450000000000019 119.65000000000002 18.500000000000004 0.94450000000000001 0.65450000000000019 6.5000000000000009 13729.490000000002 105.35000000000001 28815.715000000004 120.35000000000001 17757.770000000004 0.39550000000000007 252.85500000000002 15105.005000000003 1.0000000180025095e-35 17757.770000000004 27.450000000000003
decision_type=2 2 2 2 2 2 2 2 2 2 2 2 2 2 2 2 2 2 2 2 2 2 2 2 2 2 2 2 2 2
left_child=1 4 21 6 13 7 9 15 -9 -4 11 -7 -12 24 17 -6 20 29 19 -19 -5 -3 -16 -21 -1 -26 -20 -8 -24 -2
right_child=14 2 3 16 5 10 27 8 -10 -11 12 -13 -14 -15 22 -17 -18 18 26 23 -22 -23 28 -25 25 -27 -28 -29 -30 -31
leaf_value=0.050269299000149828 0.050161597038054867 -0.066647362109495623 0.012922229864665234 0.045216083992278527 0.019180450637777621 -0.088624081931032272 -0.067995171585096506 0.023562120648648294 -0.11212325493924136 -0.054008083656344068 0.0086986607140376541 -0.0024161128476575533 -0.077914793262665913 -0.050043021116231795 0.044432264350708267 0.051237833561856731 0.003951779491719141 -0.050140161137353714 -0.05011230009826604 0.023853751676704997 0.022811034024793089 -0.11190490527421051 -0.050748962540574462 0.049285072554095186 0.050184904698885174 -0.050178451030047456 -0.08351376925121097 -0.05977250358753336 -0.054578094459624499 0.049507796957648911
leaf_weight=0.88338954374194389 114.2385127581656 1.3211476195428979 134.84526182967238 36.858889586292207 9.3594115012965684 8.4432851407182223 2.3305141094606365 7.9519163966178876 3.6705517732480075 3.8811262692324808 11.37849051109515 8.7052576375717745 1.7525366076442868 23.104463767493144 0.17545062172575754 6.9605489124078295 1.9971881137462322 0.8271936850214815 0.18694865093857593 1.8349355836398888 6.1839746597688636 1.7811716747237367 0.16900453271591687 12.610391100868581 0.10928986594080925 0.091341237130109221 0.4690522700548172 1.1507834709918823 0.35565749276429415 1.04496017564088
leaf_count=12 2387 34 752 416 92 114 75 40 78 256 86 44 189 73103 9 27 14 853 284 12 69 14 639 179 2 140 2 48 8 22
internal_value=0.0186946 0.00450218 0.0148875 0.0166689 -0.0194856 -0.00850042 0.00918122 0.0111648 -0.0192894 0.0110497 -0.0266477 -0.0448616 -0.00286123 -0.0459272 0.048041 0.0328531 0.0403101 0.0484512 0.036115 0.0408445 0.0419971 -0.0926316 -0.0288414 0.0460546 0.0417969 0.00449252 -0.0739949 -0.0652771 -0.0533447 0.0501557
internal_weight=404.673 272.761 190.35 187.248 82.4105 58.222 142.208 27.9424 11.6225 138.726 30.2796 17.1485 13.131 24.1885 131.912 16.32 45.0401 131.212 15.9285 15.2725 43.0429 3.10232 0.700113 14.4453 1.08402 0.200631 0.656001 3.4813 0.524662 115.283
internal_count=80000 75605 1678 1630 73927 670 1131 237 118 1008 433 158 275 73257 4395 119 499 3739 1330 1044 485 48 656 191 154 142 286 123 647 2409
is_linear=0
shrinkage=0.05


Tree=113
num_leaves=31
num_cat=0
split_feature=4 0 0 5 11 2 2 5 7 4 0 7 5 0 2 7 0 2 0 7 7 5 5 0 0 5 0 2 2 3
split_gain=65.1104 25.4801 16.622 8.1308 6.99203 6.58486 8.15564 4.82525 4.4542 4.37536 9.40309 3.8246 3.32289 2.75226 2.63759 1.61703 3.53036 1.60388 1.32704 1.21761 0.264078 0.148649 0.130315 0.190663 0.12602 0.0717863 0.797858 0.00672645 5.39382e-06 3.62793e-06
threshold=5.5000000000000009 28815.715000000004 11883.435000000001 0.95150000000000012 1.0000000180025095e-35 59.500000000000007 89.500000000000014 0.74450000000000005 25.450000000000003 3.5000000000000004 17757.770000000004 119.65000000000002 0.65450000000000019 43105.460000000014 275.50000000000006 40.150000000000013 17757.770000000004 109.50000000000001 13729.490000000002 125.65000000000002 114.25000000000001 0.75550000000000017 0.39550000000000007 252.85500000000002 15105.005000000003 0.65450000000000019 15105.005000000003 370.50000000000006 401.50000000000006 2.5000000000000004
decision_type=2 2 2 2 2 2 2 2 2 2 2 2 2 2 2 2 2 2 2 2 2 2 2 2 2 2 2 2 2 2
left_child=1 2 12 8 5 7 -7 -4 -3 10 -6 13 22 -10 -11 25 17 24 -19 -13 21 -18 -1 -24 -17 -2 -27 -23 29 -14
right_child=15 3 4 -5 9 6 -8 -9 11 14 -12 19 28 -15 -16 16 20 18 -20 -21 -22 27 23 -25 -26 26 -28 -29 -30 -31
leaf_value=0.050256105376585897 0.050153813280193499 -0.025919763247675004 -0.0085270799257413706 -0.072790925181764235 -0.025240731349876852 0.03402334966802769 -0.011234212280586622 -0.10408029345858012 0.023369462162169174 0.039961232790085864 0.02518678688944306 0.023619833321538015 -0.050050795200985793 0.042250584764012673 0.0043737765541625945 -0.050122741894670302 0.033979277398077413 -0.050123541514867087 0.03797254405305743 -0.056415242667418632 0.023759001985630843 0.050252800570610462 0.050175856554591849 -0.050169775865099256 -0.10311592534744696 -0.050131606330842099 0.050522114200208551 0.046345339225987332 -0.050008201657735611 -0.050132781299824736
leaf_weight=0.84052116051316506 109.6719331741333 3.501882152108009 2.3356365859508506 1.9979696638183657 17.180499292444438 11.353078321553765 80.800986597336305 3.0419346208509523 35.766623835079372 17.046818371862177 20.012433157011401 0.67901752982288544 12.459526170729079 41.924445217475295 7.4961363078327841 0.1450561000128795 1.8985629081726054 0.73205242300173257 1.0274390443228183 1.5832632539095355 1.4674402103410091 6.4455820471048355 0.10397801175713539 0.086901117829256691 0.49508056277409196 0.21653426189004621 2.1693021915853024 1.3283602800220249 8.0058108980520029 1.5132060004980292
leaf_count=12 2407 17 13 21 197 29 1045 52 208 36 118 8 22603 479 75 118 28 1405 10 50 24 96 2 140 3 260 25 19 49254 1246
internal_value=0.0182937 0.00436027 -0.00620108 0.0268883 -0.000462043 -0.00879702 -0.00565863 -0.0625787 0.0292747 0.0127057 0.00189285 0.0316922 -0.0459248 0.0335583 0.0290918 0.0479951 0.0316737 -0.0233369 0.00131937 -0.0323929 0.0435234 0.0465219 0.0417866 0.00449172 -0.0911076 0.0499672 0.041387 0.0495851 -0.0500409 -0.0500597
internal_weight=393.328 267.731 182.277 85.4532 159.268 97.5316 92.1541 5.37757 83.4552 61.7359 37.1929 79.9533 23.0099 77.6911 24.543 125.597 13.5396 2.39963 1.75949 2.26228 11.1399 9.67251 1.0314 0.190879 0.640137 112.058 2.38584 7.77394 21.9785 13.9727
internal_count=80000 75605 74822 783 1565 1139 1074 65 762 426 315 745 73257 687 111 4395 1703 1536 1415 58 167 143 154 142 121 2692 285 115 73103 23849
is_linear=0
shrinkage=0.05


Tree=114
num_leaves=31
num_cat=0
split_feature=4 0 0 10 2 7 5 3 0 7 7 0 2 0 2 2 2 1 7 5 5 5 5 0 0 5 0 3 2 2
split_gain=62.8753 24.0054 16.0192 8.55275 7.84357 7.84578 3.16072 1.68274 2.56493 3.52445 1.61762 3.32613 1.45817 1.24883 1.01463 0.396491 1.41107 0.363068 0.274269 0.225239 0.159595 0.157685 0.123918 0.181333 0.0997041 0.0685018 0.758587 0.0496524 0.00767048 4.64252e-06
threshold=5.5000000000000009 11883.435000000001 43105.460000000014 1.5000000000000002 49.500000000000007 24.750000000000004 0.65450000000000019 1.5000000000000002 63032.060000000005 60.250000000000007 40.150000000000013 17757.770000000004 109.50000000000001 13729.490000000002 385.50000000000006 370.50000000000006 375.50000000000006 18.500000000000004 114.25000000000001 0.75750000000000017 0.88550000000000006 0.75550000000000017 0.39550000000000007 252.85500000000002 15105.005000000003 0.65450000000000019 15105.005000000003 1.5000000000000002 370.50000000000006 401.50000000000006
decision_type=2 2 2 2 2 2 2 2 2 2 2 2 2 2 2 2 2 2 2 2 2 2 2 2 2 2 2 2 2 2
left_child=1 6 3 4 20 -6 22 8 9 -4 25 12 24 -14 19 27 -17 -10 21 -9 -3 -13 -1 -24 -12 -2 -27 -5 -23 -8
right_child=10 2 7 15 5 -7 29 14 17 -11 11 18 13 -15 -16 16 -18 -19 -20 -21 -22 28 23 -25 -26 26 -28 -29 -30 -31
leaf_value=0.050243559974244449 0.050146293009356246 -0.062969287910388583 -0.043707518108606659 -0.057570762508876307 -0.076327625857408654 0.0068634554290983229 -0.050056763395486738 0.038711001721173553 0.050258375303725261 0.025938251713864564 -0.05011674882131209 0.033181922638839255 -0.050117525292512712 0.037088985819161431 0.004544392800505127 -0.22416889575797436 -0.056188904358321572 0.026954997304110974 0.022856470888486389 0.05027741599665593 -0.085430144112781894 0.050240428810520182 0.050167249930990657 -0.050161522249858786 -0.098188494602840903 -0.050125181895292671 0.050496769817526078 -0.069749415629367789 0.045976033722342526 -0.050007801899491111
leaf_weight=0.79972306266427295 104.33842581138015 2.0727165539283301 2.5502626162488014 1.7094558286480603 2.8773005894327062 188.96955933657591 13.292027544208397 5.5030380254611435 6.3927490117494017 6.3137349078897387 0.13799771478443235 1.8482708111405353 0.69643129040559859 1.000026701018214 1.4563325260533009 0.18099255859851826 0.40424304970656522 2.2631586603820324 1.4495827739010554 17.900395024567842 1.2788215026957912 6.1326990462839603 0.098923482000827789 0.082676160178380087 0.49394850106909871 0.20599949586176025 2.0645136423408985 1.6396640424500217 1.27347338758409 7.6154222084296626
leaf_count=12 2407 32 24 32 64 1539 23849 75 62 63 118 28 1405 10 20 2 129 19 24 241 22 96 2 140 3 260 25 24 19 49254
internal_value=0.017869 0.00421626 0.00876045 0.00281989 0.00429101 0.00561576 -0.0459226 0.0366739 0.0248057 0.00590045 0.0479266 0.0312981 -0.0228609 0.0012889 0.0450379 -0.0701683 -0.108139 0.0441655 0.0430791 0.0475577 -0.0715395 0.0462467 0.0417768 0.00449096 -0.0876911 0.0499593 0.0413675 -0.0635332 0.0495072 -0.0500389
internal_weight=383.043 263.401 241.512 199.133 195.198 191.847 21.8888 42.3797 17.5199 8.864 119.641 13.0324 2.3284 1.69646 24.8598 3.93436 0.585236 8.65591 10.704 23.4034 3.35154 9.25444 0.981323 0.1816 0.631946 106.609 2.27051 3.34912 7.40617 20.9074
internal_count=80000 75605 2348 1844 1657 1603 73257 504 168 87 4395 1703 1536 1415 336 187 131 81 167 316 54 143 154 142 121 2692 285 56 115 73103
is_linear=0
shrinkage=0.05


Tree=115
num_leaves=31
num_cat=0
split_feature=4 0 0 6 5 2 5 0 7 7 4 5 4 0 7 5 2 7 0 5 0 0 0 0 2 0 7 0 2 7
split_gain=60.7575 22.6237 15.1723 8.76799 7.65528 7.57898 3.00646 1.68195 3.24364 1.61978 1.10116 1.06145 2.90545 2.46112 0.558058 0.732682 0.486001 0.464974 0.421463 0.117837 0.172461 0.0366207 0.0291319 0.0269415 0.00408304 0.000581592 0.000187281 7.09199e-05 3.99608e-06 1.24885e-06
threshold=5.5000000000000009 11883.435000000001 43105.460000000014 1.5000000000000002 0.94950000000000012 49.500000000000007 0.65450000000000019 63032.060000000005 31.050000000000004 119.65000000000002 3.5000000000000004 0.65450000000000019 6.5000000000000009 13729.490000000002 105.35000000000001 0.85350000000000004 219.50000000000003 120.35000000000001 17757.770000000004 0.39550000000000007 252.85500000000002 15105.005000000003 17757.770000000004 17757.770000000004 360.50000000000006 17757.770000000004 27.450000000000003 15105.005000000003 401.50000000000006 120.35000000000001
decision_type=2 2 2 2 2 2 2 2 2 2 2 2 2 2 2 2 2 2 2 2 2 2 2 2 2 2 2 2 2 2
left_child=1 6 3 4 5 -3 19 8 -4 11 -10 26 13 -13 24 -16 -5 -11 -15 -1 -21 -14 -18 -6 -9 27 -2 -19 29 -8
right_child=9 2 7 16 23 -7 28 14 10 17 -12 12 21 18 15 -17 22 25 -20 20 -22 -23 -24 -25 -26 -27 -28 -29 -30 -31
leaf_value=0.050231633782136145 0.050139023048562575 -0.07064399398097973 -0.033044407293280086 -0.11543957705418216 -0.05657261886482319 0.0066194349483569732 -0.050059337105364046 0.05030460375251105 0.023539659712653982 0.044215247958233297 0.049051231045197902 -0.050120624445238182 -0.050096657727196341 0.022210731958213034 0.0042240379868186909 0.050065104693885934 -0.075393223806771686 -0.050069072340734169 0.048968806401321362 0.050159067391516703 -0.050153668259028256 -0.077833975179007669 -0.058177038451416696 -0.06524924980595663 0.047836981803187351 -0.054542225344369505 0.049414895296137684 -0.05234560439705728 -0.050007421145637276 -0.050007770060454738
leaf_weight=0.76089617237448948 98.369126781821251 3.2284358862671061 2.0882126173237365 1.2167876949533813 1.2831322208658082 188.12980604571931 11.334670130880115 15.074471157044178 11.754889945033939 0.16066826859605399 6.6072923988103858 0.71225398973183196 0.16095133543422058 1.6986668673343945 1.6748292567208403 1.8176434069173408 0.75783620584843425 0.10031855622219155 11.008961550891398 0.094113893806934357 0.078656000478076749 0.45652163028717041 0.3636131068051327 2.9551084771082969 1.8860988691449154 0.35330385866109282 0.90107824630103905 0.051914455834776163 7.24406742928113 1.3097791850377678
leaf_count=12 2387 52 16 10 150 1482 15226 191 145 9 87 853 284 12 20 21 37 637 179 2 140 2 32 81 24 8 22 2 49254 8623
internal_value=0.0174224 0.00406426 0.00842199 0.00269321 0.0038438 0.00531591 -0.0459205 0.036144 0.0260043 0.0478556 0.0327195 0.0483126 0.0354433 0.0403227 0.0462824 0.0280818 -0.0935556 -0.0298802 0.045392 0.0417674 0.00449024 -0.0706039 -0.0698111 -0.0626224 0.0500302 -0.053429 0.0501325 -0.0508454 -0.050037 -0.050054
internal_weight=373.634 259.66 238.838 197.935 195.596 191.358 20.8222 40.9034 20.4504 113.974 18.3622 113.308 14.0374 13.4199 20.453 3.49247 2.33824 0.666205 12.7076 0.933666 0.17277 0.617473 1.12145 4.23824 16.9606 0.505537 99.2702 0.152233 19.8885 12.6444
internal_count=80000 75605 2348 1844 1765 1534 73257 504 248 4395 232 3739 1330 1044 256 41 79 656 191 154 142 286 69 231 215 647 2409 639 73103 23849
is_linear=0
shrinkage=0.05


Tree=116
num_leaves=31
num_cat=0
split_feature=4 0 7 0 5 7 0 3 5 5 4 7 5 5 7 0 0 0 7 5 5 0 5 0 5 7 0 3 0 7
split_gain=58.7347 21.5381 12.5948 12.5052 7.57479 7.11037 5.18407 4.89583 6.65693 7.11716 6.39206 5.70917 5.09091 2.85974 1.59586 3.01319 0.851813 1.40533 0.337858 0.164066 0.112056 0.164024 0.0616792 0.686476 0.058466 0.00565526 0.00412092 2.24325e-06 1.2497e-06 8.97472e-07
threshold=5.5000000000000009 21807.355000000003 24.750000000000004 11883.435000000001 0.95150000000000012 120.35000000000001 43105.460000000014 1.5000000000000002 0.85250000000000015 0.80750000000000022 1.5000000000000002 49.150000000000013 0.85650000000000015 0.65450000000000019 40.150000000000013 17757.770000000004 15105.005000000003 13729.490000000002 115.65000000000002 0.75550000000000017 0.39550000000000007 252.85500000000002 0.65450000000000019 15105.005000000003 0.96850000000000003 97.750000000000014 43105.460000000014 2.5000000000000004 113.46500000000002 120.35000000000001
decision_type=2 2 2 2 2 2 2 2 2 2 2 2 2 2 2 2 2 2 2 2 2 2 2 2 2 2 2 2 2 2
left_child=1 3 -3 13 5 6 -4 8 9 -5 -9 -12 -10 20 22 16 17 -16 19 -17 -1 -22 -2 -24 -6 -21 -7 29 -29 -15
right_child=14 2 4 7 24 26 -8 10 12 -11 11 -13 -14 27 15 18 -18 -19 -20 25 21 -23 23 -25 -26 -27 -28 28 -30 -31
leaf_value=0.050220291919810311 0.050132333195478655 -0.094042778461635168 0.018225184681718978 -0.01750510526187618 -0.080054061773723192 -0.054081835009004181 0.041262563620892423 0.052328503162637832 0.046768038685764443 -0.080390620565276405 -0.034591315330820209 0.010151134856761675 -0.0046760378945030889 -0.050035517325296167 -0.050106918384167747 0.032113411219699163 -0.069298285305937249 0.045769539915903094 0.017483306490940501 0.050223982195085962 0.050151283381178226 -0.050146194796439648 -0.050113259902837409 0.050461495475428532 -0.063388250440965327 0.046999389525829147 -0.05860804206288911 -0.050314149308559354 -0.050082106938861531 -0.050006871277958165
leaf_weight=0.72394616901874798 94.435559973120689 2.3657952164503504 68.783613263629377 31.013626060273964 0.94093484143377226 2.0757222693064246 37.861859890632331 7.1523940712213507 5.830582912429235 5.2628094319661605 8.8397127765056194 36.857202831895847 27.450415391795104 13.83480847947431 0.75674115239962636 1.7240004129707793 0.66987070534378279 0.77222777437418699 1.1890544578200195 5.0476556830108166 0.089537449181079865 0.07483077138022054 0.18643988950861912 1.8854726627469061 1.1940695189114192 1.8610031120479105 0.66366686904802907 0.060184996356837384 1.6165399245510341 3.407674675452653
leaf_count=12 2407 27 396 313 18 107 482 17 16 110 78 342 397 44175 1523 28 8 5 21 86 2 140 260 25 31 32 14 38 3824 25066
internal_value=0.0169786 0.00391515 0.0201186 -0.00906058 0.0225404 0.0243609 0.026404 -0.00309634 -0.0118126 -0.0266282 0.0083755 0.00149606 0.00433658 -0.0459185 0.0478053 0.0306256 -0.0222819 -0.00168313 0.0424703 0.045912 0.0417586 0.00448955 0.0499451 0.0414113 -0.0707332 0.0493554 -0.0551784 -0.0500352 -0.0500904 -0.0500299
internal_weight=364.628 256.1 113.886 142.214 111.52 109.385 106.645 122.407 69.5574 36.2764 52.8493 45.6969 33.281 19.8075 108.528 12.0206 2.19884 1.52897 9.82171 8.63266 0.888314 0.164368 96.5075 2.07191 2.135 6.90866 2.73939 18.9192 1.67672 17.2425
internal_count=80000 75605 1075 74530 1048 999 878 1273 836 423 437 420 413 73257 4395 1703 1536 1528 167 146 154 142 2692 285 49 118 121 73103 3862 69241
is_linear=0
shrinkage=0.05


Tree=117
num_leaves=31
num_cat=0
split_feature=4 0 0 6 5 11 2 4 7 7 11 5 7 0 2 7 0 2 7 5 5 0 0 5 0 1 2 2 3 2
split_gain=56.6532 20.211 13.7115 7.46189 6.71475 6.15938 6.01914 5.20096 3.58294 3.28062 2.99106 2.72018 1.59358 2.83452 1.24127 1.11116 1.07864 0.35462 0.344478 0.15553 0.10656 0.156001 0.0633203 0.0588391 0.652723 0.0214728 0.0108546 2.96031e-06 1.99219e-06 6.67526e-07
threshold=5.5000000000000009 28815.715000000004 11883.435000000001 1.5000000000000002 0.95150000000000012 1.0000000180025095e-35 59.500000000000007 3.5000000000000004 25.450000000000003 119.65000000000002 1.5000000000000002 0.65450000000000019 40.150000000000013 17757.770000000004 109.50000000000001 125.65000000000002 13729.490000000002 219.50000000000003 115.65000000000002 0.76550000000000018 0.39550000000000007 252.85500000000002 15105.005000000003 0.65450000000000019 15105.005000000003 15.500000000000002 370.50000000000006 401.50000000000006 2.5000000000000004 401.50000000000006
decision_type=2 2 2 2 2 2 2 2 2 2 2 2 2 2 2 2 2 2 2 2 2 2 2 2 2 2 2 2 2 2
left_child=1 2 11 5 8 6 -4 -7 -3 10 -10 20 23 14 22 -11 29 -5 19 -15 -1 -22 -14 -2 -25 -19 -21 28 -13 -16
right_child=12 4 3 17 -6 7 -8 -9 9 15 -12 27 13 18 16 -17 -18 25 -20 26 21 -23 -24 24 -26 -27 -28 -29 -30 -31
leaf_value=0.05020950783978953 0.050125861535893504 -0.022377419241280106 -0.061769343090352972 -0.10990068184983033 -0.070553033755095446 0.0012993069268215076 -0.004464844442639628 0.031575113716011793 0.025760408327919534 0.023526401872252117 0.049954077672385105 -0.050041583180403949 -0.050100468438960634 0.032670502800678111 -0.05013413120112345 -0.055915476898493299 0.035902967724072442 -0.062473861954873283 0.016730599988806188 0.05020627446477758 0.050143883227720856 -0.050139084586387245 -0.090856375408472356 -0.050107731485721618 0.050439088121503384 -0.077020698126318621 0.044886595348675729 -0.050006714379768218 -0.050108707742127528 -0.05001567263076654
leaf_weight=0.6887830682098891 89.841190490871668 3.4569114355253978 4.8300495239091097 1.2116944058798247 1.7930808750388667 36.275066218659049 89.387940465989232 23.294053981124307 53.131687281653285 0.62996840639971141 16.819013671949506 10.202779478911909 0.11881272639584439 1.8145226649939994 0.4378176152022204 1.460969661013223 0.92645008629187942 0.50127978425734887 1.1806433396995988 5.2799722515046597 0.085182905197143555 0.071191071823704988 0.48161378270015121 0.17736618068738508 1.7942937612533567 0.51360133018170018 1.1717280410230158 6.5546501597054876 1.2396798868721806 0.1632770689247991
leaf_count=12 2407 17 63 10 21 305 1020 106 523 8 164 22603 118 30 377 50 10 42 21 96 2 140 3 260 25 19 20 49254 1246 1028
internal_value=0.0165645 0.00378396 -0.00562761 -0.000761781 0.0250757 0.000553965 -0.00740254 0.0131384 0.0273468 0.0297328 0.0315776 -0.0459166 0.0477343 0.0302512 -0.0218819 -0.0319808 0.0020597 -0.0916389 0.0419945 0.0456029 0.0417501 0.0044889 -0.0827916 0.0499383 0.0413941 -0.0698356 0.0492401 -0.0500335 -0.0500489 -0.050102
internal_weight=355.535 252.148 174.856 156.014 77.2916 153.787 94.218 59.5691 75.4986 72.0416 69.9507 18.8423 103.388 11.5748 2.12797 2.09094 1.52754 2.22658 9.44687 8.26622 0.845157 0.156374 0.600427 91.8129 1.97166 1.01488 6.4517 17.9971 11.4425 0.601095
internal_count=80000 75605 74822 1565 783 1494 1083 411 762 745 687 73257 4395 1703 1536 58 1415 71 167 146 154 142 121 2692 285 61 116 73103 23849 1405
is_linear=0
shrinkage=0.05


Tree=118
num_leaves=31
num_cat=0
split_feature=4 0 0 10 3 4 2 5 3 2 5 4 10 0 2 0 2 2 5 5 2 5 0 0 3 2 2 0 2 3
split_gain=54.6558 18.9813 13.0767 7.80737 6.95247 8.10943 4.48597 2.58744 1.82848 2.71462 1.54315 2.81876 2.20152 1.97119 1.02019 0.932992 0.334872 1.073 0.252624 0.246493 0.124637 0.101335 0.148372 0.0671512 0.0427401 0.0284697 0.0011699 0.000742626 2.54802e-06 1.71467e-06
threshold=5.5000000000000009 11883.435000000001 43105.460000000014 1.5000000000000002 1.5000000000000002 1.5000000000000002 340.50000000000006 0.65450000000000019 1.5000000000000002 129.50000000000003 0.65450000000000019 6.5000000000000009 1.5000000000000002 13729.490000000002 385.50000000000006 63032.060000000005 370.50000000000006 375.50000000000006 0.75750000000000017 0.87350000000000005 380.50000000000006 0.39550000000000007 252.85500000000002 15105.005000000003 1.5000000000000002 99.500000000000014 34.500000000000007 21807.355000000003 401.50000000000006 2.5000000000000004
decision_type=2 2 2 2 2 2 2 2 2 2 2 2 2 2 2 2 2 2 2 2 2 2 2 2 2 2 2 2 2 2
left_child=1 7 3 4 6 -6 -3 21 9 19 26 12 13 -12 18 -11 24 -18 -10 -4 -15 -1 -23 -14 -5 -13 -2 -27 29 -9
right_child=10 2 8 16 5 -7 -8 28 14 15 11 25 23 20 -16 -17 17 -19 -20 -21 -22 22 -24 -25 -26 27 -28 -29 -30 -31
leaf_value=0.050199253954148475 0.050119647797793633 -0.00021065110797220365 -0.025314909034117435 -0.057283108040950707 0.051511893033767769 0.00789501349180711 -0.027492923775296014 -0.0500395555018791 0.037051608386267601 0.020627391322882591 -0.050105243116511301 -0.07342776291994503 -0.050041906149183135 0.047561562297418557 0.0022539044002656285 0.049222643166164461 -0.20014282239103301 -0.055845840142347662 0.050236870651244173 -0.00076429123742422227 0.032855541345048686 0.050136846757786895 -0.050132318063371831 -0.097804208881483307 -0.068956065551754833 -0.050086097546862579 0.048379423493174867 -0.055771283921883602 -0.050006387263161825 -0.050103402762512829
leaf_weight=0.65532118082046764 84.50984213873744 85.282588185189525 2.0787407057359806 1.5839083857135845 12.448005117475985 74.052976432380092 18.300554448578623 9.7055676508571214 4.7675721338018837 6.0014206849737075 0.56749032439983693 0.45547605488900522 0.10270680098619855 9.6936756670474988 1.3539676837390278 5.4365922436118126 0.19443234056234349 0.38185066129517509 15.262086447328327 2.0119469296187162 1.6923062807181839 0.08103957399725914 0.067727952155109961 0.25959120644256473 1.5530990288825703 0.15082452126807766 0.97694436088204284 0.092772915959358215 6.2350159516281556 1.1793416869913915
leaf_count=12 2381 335 22 32 50 591 681 22603 75 66 1004 32 324 169 20 62 2 129 241 18 30 2 140 3 24 421 30 1 49254 1246
internal_value=0.0161371 0.00364946 0.00750015 0.002305 0.00370767 0.0141717 -0.00503075 -0.0459148 0.0347757 0.021717 0.0476579 0.0316187 0.0371625 0.0408428 0.044259 0.034219 -0.0694979 -0.10453 0.0470984 -0.01324 0.0453758 0.0417421 0.00448827 -0.0842642 -0.0630623 -0.0660487 0.0500998 -0.0522513 -0.0500319 -0.0500465
internal_weight=347.135 248.634 230.71 193.797 190.084 86.501 103.583 17.924 36.9123 15.5287 98.5016 13.0148 12.3158 11.9535 21.3836 11.438 3.71329 0.576283 20.0297 4.09069 11.386 0.804089 0.148768 0.362298 3.13701 0.699073 85.4868 0.243597 17.1199 10.8849
internal_count=80000 75605 2348 1844 1657 641 1016 73257 504 168 4395 1984 1530 1203 336 128 187 131 316 40 199 154 142 327 56 454 2411 422 73103 23849
is_linear=0
shrinkage=0.05


Tree=119
num_leaves=31
num_cat=0
split_feature=3 0 2 10 0 5 2 5 5 2 7 5 5 7 0 0 3 2 0 2 1 3 5 5 0 7 7 0 7 2
split_gain=51.7593 17.1138 11.5372 9.29933 7.20144 6.9481 5.70438 5.44155 18.6286 7.70066 7.5601 8.10173 6.38075 4.18715 3.91979 2.89347 3.9278 2.69682 2.41425 2.75411 1.98066 2.78819 1.72298 1.57513 1.08511 0.84533 0.758596 0.35386 0.303322 0.0366717
threshold=2.5000000000000004 17757.770000000004 345.50000000000006 1.5000000000000002 63032.060000000005 0.71250000000000002 49.500000000000007 0.85250000000000015 0.77550000000000019 265.50000000000006 107.35000000000001 0.93450000000000022 0.73850000000000005 120.35000000000001 11883.435000000001 13729.490000000002 1.5000000000000002 401.50000000000006 43105.460000000014 119.50000000000001 19.500000000000004 1.5000000000000002 0.85950000000000004 0.90750000000000008 28815.715000000004 57.45000000000001 40.150000000000013 11883.435000000001 115.65000000000002 59.500000000000007
decision_type=2 2 2 2 2 2 2 2 2 2 2 2 2 2 2 2 2 2 2 2 2 2 2 2 2 2 2 2 2 2
left_child=1 2 7 4 6 29 -3 8 12 -10 11 -9 -1 -8 -7 20 26 -18 19 25 27 -22 -12 -21 -5 -16 -17 -4 -6 -2
right_child=5 3 15 24 28 14 13 10 9 -11 22 -13 -14 -15 18 16 17 -19 -20 23 21 -23 -24 -25 -26 -27 -28 -29 -30 -31
leaf_value=-0.028848576643089621 0.050105131095754388 -0.075097963758985475 -0.050013278796266547 -0.06216023413627756 0.049864322997203864 -0.050078008592674333 0.013479808951165543 0.018686893381781134 -0.045556462974507141 -0.13109810457984114 -0.14275659983993499 -0.069531034876815764 0.022657333422514574 -0.053686825119471628 -0.018194527033712941 -0.019303877461485444 -0.22261773288238895 -0.050313157958180615 0.050127064135238902 0.037904421290484706 -0.06577607258786175 0.033141108919676976 -0.050612810718851958 0.004657980420157388 -0.13502446000868693 0.013036109827991133 -0.075505986324771374 -0.078777906911977252 0.02569796533357746 0.042661341767019224
leaf_weight=9.4206283461498987 80.625265262817265 1.9153563624713559 5.9546473335722094 1.6194869956671021 13.443820279091595 1.6802076413987368 103.17241860716604 32.425701658474281 9.7890351783680654 3.5979595094831884 0.79614126324304324 2.8296988006732127 16.624028689349871 2.3737214954307992 4.3854153379797953 0.77274901602504487 0.76913366426015251 0.32222923370136414 9.3157599195837957 16.498068346118092 1.1920854461277486 1.7703680311606149 1.3984894115201312 4.5437856906501102 0.74647507735062379 4.2827215483412147 2.6920985507458681 1.3031800447570274 1.4372504978673522 1.6892290842661157
leaf_count=2876 2390 22 42371 56 187 4379 720 3004 3880 1228 194 2447 2415 183 17 36 13 82 187 144 5924 2436 3995 40 13 24 206 242 20 269
internal_value=0.0157008 0.000977359 -0.0154251 0.0130329 0.0149316 0.0415962 0.0104174 -0.00764821 -0.0206117 -0.0685471 0.00600127 0.0116063 0.0040271 0.0119692 0.0246987 -0.0558884 -0.0890261 -0.171744 0.0279181 0.0209544 -0.0411155 -0.00666297 -0.0840396 0.0307252 -0.0851493 -0.00276421 -0.0629715 -0.0551781 0.0475303 0.0499524
internal_weight=339.387 216.367 91.6582 124.709 122.343 123.02 107.461 76.8817 39.4317 13.387 37.45 35.2554 26.0447 105.546 40.706 14.7765 4.55621 1.09136 39.0258 29.71 10.2203 2.96245 2.19463 21.0419 2.36596 8.66814 3.46485 7.25783 14.8811 82.3145
internal_count=80000 72550 71349 1201 1132 7450 925 20039 10399 5108 9640 5451 5291 903 4791 51310 337 95 412 225 50973 8360 4189 184 69 41 242 42613 207 2659
is_linear=0
shrinkage=0.05


Tree=120
num_leaves=31
num_cat=0
split_feature=4 0 6 0 7 2 5 3 2 7 2 2 5 4 0 0 0 5 0 0 0 0 7 0 2 3 5 0 7 2
split_gain=51.0896 17.0381 12.2535 12.0136 6.51175 6.61602 2.44823 2.2203 2.61491 1.91959 1.4546 1.17353 0.974775 2.37473 1.91718 0.401748 0.141518 0.0972375 0.136728 0.0220042 0.0187093 0.000519969 0.000211483 3.16727e-05 1.9944e-06 1.26087e-06 7.19897e-07 6.22021e-07 4.13391e-07 3.14589e-07
threshold=5.5000000000000009 11883.435000000001 1.5000000000000002 43105.460000000014 24.750000000000004 49.500000000000007 0.65450000000000019 1.5000000000000002 129.50000000000003 120.35000000000001 219.50000000000003 385.50000000000006 0.65450000000000019 6.5000000000000009 13729.490000000002 17757.770000000004 28815.715000000004 0.39550000000000007 252.85500000000002 17757.770000000004 15105.005000000003 17757.770000000004 27.450000000000003 15105.005000000003 401.50000000000006 2.5000000000000004 0.65450000000000019 126.25000000000001 120.35000000000001 401.50000000000006
decision_type=2 2 2 2 2 2 2 2 2 2 2 2 2 2 2 2 2 2 2 2 2 2 2 2 2 2 2 2 2 2
left_child=1 6 3 4 16 -6 17 8 -5 12 -4 -9 22 14 29 -16 -3 -1 -19 -12 -15 23 -2 26 25 28 -11 -27 -8 -14
right_child=9 2 10 7 5 -7 24 11 -10 21 19 -13 13 20 15 -17 -18 18 -20 -21 -22 -23 -24 -25 -26 27 -28 -29 -30 -31
leaf_value=0.050193351860108398 0.050108319719419869 -0.064369845876009316 -0.14595315508679538 -0.013733685029903639 -0.069828980641488431 0.0054825527215802139 -0.050040552293049927 0.049483280906406954 0.033477834527887808 -0.050441815568802499 -0.071065102844857134 0.00076076406537988112 -0.05011231248610374 -0.050084873823541314 0.020655585878032665 0.048396604553959457 -0.087943232215266148 0.050123796130939147 -0.050131001126484068 -0.055938667024451397 -0.07154096860146493 -0.054456151110142015 0.049248344109476608 -0.051785768629644596 -0.050005795558865508 -0.050273316815113205 -0.050005947147637043 -0.050086077019141639 -0.050006106391461941 -0.050009579054022479
leaf_weight=0.62386114895344036 76.728271756321192 1.8077859889381209 1.2113165943010238 4.036074159666895 2.9635196457820703 182.54445268161362 7.9853890227204811 18.402338407933716 10.730581759242339 0.010980795253998532 0.69955141695390899 1.3248550602002058 0.47673958250379378 0.13396641774670648 1.5235546515323211 9.1028030179440957 0.98276762309251342 0.073348082602024078 0.063408159003301989 0.36631573276827112 0.42054225504398346 0.34767548681702465 0.7216186576988538 0.040227369870990515 5.6552414726538691 0.046360901935257881 0.069002492658910342 1.0254950481321428 0.9776555504377028 0.088323201322054956
leaf_count=12 2387 63 11 40 57 1639 14424 315 127 2 37 20 279 288 12 181 6 2 140 33 2 8 22 2 49254 17 635 1229 8179 577
internal_value=0.0153042 0.00333859 0.00692896 0.00810844 0.00313903 0.00427944 -0.0457826 0.0352359 0.0205738 0.0475349 -0.108467 0.0462111 0.0480647 0.0346428 0.0396471 0.0444192 -0.0726718 0.0418232 0.00363983 -0.0658665 -0.0663573 -0.053476 0.0501003 -0.0506414 -0.0500295 -0.0500429 -0.0500658 -0.0500942 -0.0500368 -0.0500963
internal_weight=331.184 241.52 225.07 222.792 188.299 185.508 16.4508 34.4938 14.7667 89.6637 2.27718 19.7272 89.1958 11.7459 11.1914 10.6264 2.79055 0.760617 0.136756 1.06587 0.554509 0.467886 77.4499 0.120211 15.6901 10.0349 0.0799833 1.07186 8.96304 0.565063
internal_count=80000 75605 2348 2267 1765 1696 73257 502 167 4395 81 335 3748 1339 1049 193 69 154 142 70 290 647 2409 639 73103 23849 637 1246 22603 856
is_linear=0
shrinkage=0.05


Tree=121
num_leaves=31
num_cat=0
split_feature=4 0 0 5 11 1 2 2 4 0 11 0 2 5 7 7 0 2 0 5 5 5 0 5 0 2 10 0 0 2
split_gain=49.2978 16.0775 11.2129 6.14182 5.5775 6.02 8.14974 6.90095 3.90672 8.16936 3.6231 4.05876 2.65476 2.32876 1.82337 0.972795 2.37235 1.09804 0.864195 0.180717 0.131304 0.0924716 0.130043 0.0474003 0.546881 0.0424135 0.0388419 0.000444276 2.7208e-05 1.71654e-06
threshold=5.5000000000000009 11883.435000000001 28815.715000000004 0.95150000000000012 1.0000000180025095e-35 14.500000000000002 325.50000000000006 145.50000000000003 3.5000000000000004 17757.770000000004 1.5000000000000002 63032.060000000005 275.50000000000006 0.65450000000000019 120.35000000000001 40.150000000000013 17757.770000000004 109.50000000000001 13729.490000000002 0.74850000000000005 0.76350000000000018 0.39550000000000007 252.85500000000002 0.65450000000000019 15105.005000000003 380.50000000000006 1.5000000000000002 17757.770000000004 15105.005000000003 401.50000000000006
decision_type=2 2 2 2 2 2 2 2 2 2 2 2 2 2 2 2 2 2 2 2 2 2 2 2 2 2 2 2 2 2
left_child=1 13 4 10 5 7 -7 -3 9 -6 11 -4 -10 21 15 23 17 26 -19 -18 -12 -1 -23 -2 -25 -21 -17 28 -16 -15
right_child=14 2 3 -5 8 6 -8 -9 12 -11 20 -13 -14 29 27 16 19 18 -20 25 -22 22 -24 24 -26 -27 -28 -29 -30 -31
leaf_value=0.050183892017767642 0.050103141246160346 -0.053520185452158801 0.011828088592721483 -0.070365996750578461 -0.024548815491545986 0.013637013072604169 -0.042628913708161152 -0.0098659690346254159 0.03873727705349047 0.023493503205450385 0.039294315174337124 0.044991011417971918 0.0019535273707503593 -0.050040829544567768 -0.050062577944357402 -0.065044957050035795 0.028428013723799439 -0.05009012434090683 0.037794712078881368 0.050176002122576682 0.049447432855133942 0.05011774221318132 -0.050124628167171476 -0.050091018440129378 0.05040635800296548 0.038969269119009192 -0.09162803369743254 -0.054222545185309251 -0.051696150427390369 -0.050005512677911305
leaf_weight=0.5935441181063642 73.674824228510261 12.16068704985082 41.404490979737602 1.7146366761880916 16.78909486446355 38.715732038079295 7.7187307409185442 35.42652504540456 15.73813914973289 18.709662027511513 4.4452548208646467 11.871739288326351 7.1262008011835851 9.5458820762160013 0.076087210192780641 0.28832313237944429 1.3709702938795088 0.42910229232074903 0.80350081529468298 5.4123836010694504 11.226058166706933 0.069779064506292343 0.060323181962303352 0.14825402413407474 1.5577031038701532 1.0003203861415384 0.26253828212793451 0.33210795372724533 0.038330120267346501 5.379461755808733
leaf_count=12 2407 101 401 21 197 134 299 605 36 118 44 186 75 23849 637 54 26 817 9 115 131 2 140 260 25 18 17 8 2 49254
internal_value=0.0148734 0.0032095 0.00664668 0.0231097 -0.000987345 -0.00852392 0.00428401 -0.0210216 0.0111539 0.000771946 0.0254343 0.0192179 0.0272728 -0.045781 0.0474765 0.0480062 0.0329871 -0.0190279 0.00719964 0.0449052 0.0465674 0.0418158 0.00363938 0.0499124 0.0416728 0.0484279 -0.0777143 -0.0532968 -0.0506098 -0.0500281
internal_weight=324.09 238.696 223.047 70.6622 152.385 94.0217 46.4345 47.5872 58.3631 35.4988 68.9475 53.2762 22.8643 15.649 85.3944 84.9479 9.56714 1.78346 1.2326 7.78367 15.6713 0.723646 0.130102 75.3808 1.70596 6.4127 0.550861 0.446525 0.114417 14.9253
internal_count=80000 75605 2348 783 1565 1139 433 706 426 315 762 587 111 73257 4395 3748 1056 897 826 159 175 154 142 2692 285 133 71 647 639 73103
is_linear=0
shrinkage=0.05


Tree=122
num_leaves=31
num_cat=0
split_feature=4 0 6 0 10 5 5 5 4 5 4 10 0 2 2 2 5 0 0 0 2 2 0 2 4 0 2 10 2 2
split_gain=47.5182 15.1819 11.1876 10.7479 6.75976 6.23918 2.21513 1.44444 1.65307 1.43426 2.34817 1.87464 1.60943 1.25605 0.239923 0.158645 0.0879403 0.123686 0.0382482 0.0174499 0.0161228 0.00126034 0.000463794 1.47746e-06 4.18472e-07 3.73411e-07 2.74182e-07 1.46786e-07 9.76082e-08 8.11306e-08
threshold=5.5000000000000009 11883.435000000001 1.5000000000000002 43105.460000000014 1.5000000000000002 0.94950000000000012 0.65450000000000019 0.94550000000000012 2.5000000000000004 0.65450000000000019 6.5000000000000009 1.5000000000000002 13729.490000000002 219.50000000000003 370.50000000000006 380.50000000000006 0.39550000000000007 252.85500000000002 15105.005000000003 17757.770000000004 99.500000000000014 34.500000000000007 21807.355000000003 401.50000000000006 3.5000000000000004 113.46500000000002 401.50000000000006 1.5000000000000002 64.500000000000014 401.50000000000006
decision_type=2 2 2 2 2 2 2 2 2 2 2 2 2 2 2 2 2 2 2 2 2 2 2 2 2 2 2 2 2 2
left_child=1 6 3 4 5 -3 16 8 -5 21 11 12 26 -4 -6 -14 -1 -18 -13 -15 -12 -2 29 24 27 -26 -11 -8 -19 -22
right_child=9 2 13 7 14 -7 23 -9 -10 10 20 18 15 19 -16 -17 17 28 -20 -21 22 -23 -24 -25 25 -27 -28 -29 -30 -31
leaf_value=0.050174895489300902 0.050098015483845397 0.0054769868298833162 -0.14024228722314533 0.023099853457570513 -0.062421379695828595 -0.061066150683897397 -0.050034436388571357 -0.015980981666764066 0.046408009448970312 -0.05010642869345442 -0.069067938615611044 -0.050035125668535019 0.04729827085204974 -0.069409369539185986 -0.098869677762437672 0.029823102130487333 0.050111983176315759 -0.050224045754296287 -0.088754979541567067 -0.055618207049128933 -0.050095917800881108 0.048133461182050974 -0.054918985325451836 -0.050005243729052441 -0.050184894303287299 -0.050053683106200286 -0.050008188796058776 -0.050005505700828415 -0.050078252965509856 -0.050006504730717209
leaf_weight=0.56469530239701171 69.278628751635551 179.419097453414 1.1935794739547412 13.39469597884454 2.7176503588561896 3.5931275512921266 6.2013360186047048 1.3779229050269339 17.605431309668347 0.38373439474525639 0.41780900796402498 0.085021804567077974 8.2472153138369304 0.67409444936492924 0.54145555410650548 1.5414937055320468 0.066383335739374161 0.015867746726144105 0.25528069026768208 0.34766254498390481 0.089409001077001449 0.82612916792277147 0.081545628607273102 5.1171291405153161 0.055502702896774614 2.3520455079778912 0.087154575281601865 0.47179193447118439 0.041520205850247294 0.035420978954789462
leaf_count=12 2381 1389 11 205 53 198 14757 14 283 327 32 324 169 37 125 30 2 7 3 33 106 30 1 49254 48 4586 677 4458 133 315
internal_value=0.0144631 0.00309442 0.00638851 0.00752123 0.00289945 0.00417053 -0.0457795 0.0341104 0.0363369 0.047418 0.0308237 0.0363733 0.0402029 -0.105408 -0.0684768 0.0445463 0.0418087 0.00363896 -0.0790811 -0.0647168 -0.0634202 0.0500749 -0.0519863 -0.0500267 -0.0500388 -0.0500567 -0.0500882 -0.0500324 -0.0501186 -0.0500705
internal_weight=317.08 235.751 220.865 218.649 186.271 183.012 14.8863 32.3781 31.0001 81.3288 11.2241 10.5999 10.2596 2.21534 3.25911 9.78871 0.688467 0.123771 0.340302 1.02176 0.624185 70.1048 0.206376 14.1978 9.08068 2.40755 0.470889 6.67313 0.057388 0.12483
internal_count=80000 75605 2348 2267 1765 1587 73257 502 488 4395 1984 1530 1203 81 178 199 154 142 327 70 454 2411 422 73103 23849 4634 1004 19215 140 421
is_linear=0
shrinkage=0.05


Tree=123
num_leaves=31
num_cat=0
split_feature=4 0 7 0 6 7 7 11 7 0 2 2 7 4 0 0 2 2 11 2 0 0 0 7 4 0 0 0 0 2
split_gain=45.7961 14.3326 10.5673 11.9184 5.51096 5.33645 4.06194 3.00095 1.74944 1.45694 1.22711 0.767283 0.589836 1.9992 1.15465 0.393976 0.332023 0.169524 0.046129 0.0223489 0.0511138 0.0035217 0.00320301 0.00293553 0.00157661 0.00104015 0.000377771 0.000149431 2.5044e-05 1.20931e-06
threshold=5.5000000000000009 11883.435000000001 24.750000000000004 28815.715000000004 1.5000000000000002 114.95000000000002 122.45000000000002 1.5000000000000002 120.35000000000001 147.17500000000004 395.50000000000006 44.500000000000007 42.250000000000007 6.5000000000000009 17757.770000000004 28815.715000000004 401.50000000000006 219.50000000000003 1.0000000180025095e-35 54.500000000000007 17757.770000000004 99.990000000000023 43105.460000000014 21.150000000000002 6.5000000000000009 21807.355000000003 17757.770000000004 13729.490000000002 15105.005000000003 401.50000000000006
decision_type=2 2 2 2 2 2 2 2 2 2 2 2 2 2 2 2 2 2 2 2 2 2 2 2 2 2 2 2 2 2
left_child=1 9 15 4 5 -4 7 -5 10 11 12 21 19 14 -14 18 -12 -6 23 24 -21 -1 -8 -3 -2 -15 28 -18 -10 -11
right_child=8 2 3 6 17 -7 22 -9 26 29 16 -13 13 25 -16 -17 27 -19 -20 20 -22 -23 -24 -25 -26 -27 -28 -29 -30 -31
leaf_value=0.05015782872986381 0.047527324665047638 -0.055923050070235569 0.0032411692017458959 0.021269775345029593 -0.094335452457690608 -0.036664593757918501 -0.053622439776471166 0.047033638397793336 -0.050067009940042401 -0.050036452073507848 0.044716248276570933 -0.050046501946905311 -0.0032703217930738424 -0.063656311426778814 0.050164542421298003 -0.097598504503351516 -0.050017656342794217 -0.065277903959030784 -0.075384886623559244 0.031115034642133312 0.050146524961931387 0.042612057898776083 -0.058270016527583547 -0.061108055245257809 0.050091563996642635 -0.068465897957827745 -0.054053388687495985 -0.052213646366474201 -0.051674037351816582 -0.050004982470203699
leaf_weight=0.33446391858160396 0.60491718814591777 0.6906508818137802 138.4305585526381 49.938014551007655 1.1632986730255646 8.9172916256866284 0.8796648531424569 14.609035457950084 0.069797437015948982 8.4547373936402419 0.11594355711713333 0.30592299564159475 1.2000551247328965 0.26186825193144603 6.4165115207433701 1.7308450253913177 0.10638666445811396 0.88289601596625278 0.57029614108614612 0.51503904239507292 1.1200179401785133 0.28757850165129639 0.64075267605949193 0.45138815950485878 66.228066132869571 0.1969662606716156 0.32327849930152297 0.28498595394194126 0.037145881680771708 4.7780023020095532
leaf_count=8 27 39 897 538 10 534 46 170 637 23438 7 1384 214 62 146 14 788 58 13 74 28 36 15 14 2392 1 8 9 2 48391
internal_value=0.0140432 0.00297238 0.00612599 0.00751473 -0.00030554 0.000826127 0.0251982 0.027101 0.0473446 -0.045778 0.047906 0.0147849 0.0484197 0.0356393 0.0417454 -0.080776 -0.0296005 -0.0817976 -0.0637717 0.0499271 0.0441517 0.0466693 -0.0555811 -0.0579724 0.0500684 -0.0657209 -0.0532012 -0.0516167 -0.0506252 -0.0500251
internal_weight=310.546 233.065 218.905 215.462 149.394 147.348 66.0675 64.5471 77.481 14.1607 77.0508 0.927965 76.5434 8.0754 7.61657 3.44318 0.507316 2.04619 1.71234 68.468 1.63506 0.622042 1.52042 1.14204 66.833 0.458835 0.430222 0.391373 0.106943 13.2327
internal_count=80000 75605 2348 2268 1499 1431 769 708 4395 73257 3748 1428 2944 423 360 80 804 68 66 2521 102 44 61 53 2419 63 647 797 639 71829
is_linear=0
shrinkage=0.05


Tree=124
num_leaves=31
num_cat=0
split_feature=4 0 6 3 4 0 4 0 7 5 7 3 7 0 5 5 5 5 5 0 5 0 7 5 0 0 0 3 5 0
split_gain=44.124 13.5333 9.7774 9.98215 7.68158 6.46771 5.72064 4.95386 2.094 2.01122 1.66169 0.992306 0.936458 2.05635 0.590965 0.706573 0.241427 0.185083 0.0792115 0.112284 0.0464683 0.501928 0.0300787 0.0228861 0.00529628 0.000322929 2.15134e-05 6.85195e-07 5.24316e-07 4.23758e-07
threshold=5.5000000000000009 11883.435000000001 1.5000000000000002 1.5000000000000002 1.5000000000000002 43105.460000000014 4.5000000000000009 63032.060000000005 39.45000000000001 0.65450000000000019 120.35000000000001 1.5000000000000002 40.150000000000013 17757.770000000004 0.92050000000000021 0.77150000000000019 0.93750000000000011 0.74650000000000005 0.39550000000000007 252.85500000000002 0.65450000000000019 15105.005000000003 66.65000000000002 0.92450000000000021 17757.770000000004 17757.770000000004 15105.005000000003 2.5000000000000004 0.65450000000000019 113.46500000000002
decision_type=2 2 2 2 2 2 2 2 2 2 2 2 2 2 2 2 2 2 2 2 2 2 2 2 2 2 2 2 2 2
left_child=1 9 3 6 24 -6 7 -3 -8 18 12 22 20 14 15 -14 -16 -15 -1 -20 -2 -22 -4 -19 -5 26 28 -11 -12 -29
right_child=10 2 11 4 5 -7 8 -9 -10 27 25 -13 13 17 16 -17 -18 23 19 -21 21 -23 -24 -25 -26 -27 -28 29 -30 -31
leaf_value=0.050158739495472497 0.050088753606972528 -0.0095493651599480658 -0.060784809900522818 0.052486921449610528 0.006599175091426249 0.044266507840685046 -0.01361060278792349 0.039804400032264729 0.040048038835528772 -0.050020644392455571 -0.050398866083461037 -0.14066219482989914 0.014290473218038422 0.026427779439863242 0.044527969235484577 -0.066556531431712682 -0.050628792239958302 0.049405286242024116 0.050102069155671829 -0.050107305522937753 -0.050086153908573919 0.05036339834364302 -0.07729772651537864 0.040176004186979808 0.050499362091653004 -0.053842053272740255 -0.051590133943172002 -0.050218929529008777 -0.050004867740513825 -0.050055457470725789
leaf_weight=0.51257871650159259 63.432921269908547 97.155942002558731 0.42812486926413773 4.9835624173283568 71.684414535964606 13.550441332801709 2.2464313691598354 5.365213871933519 9.5374368770571873 11.718968676039365 0.0099285554606457493 0.9079532619944074 0.42491480330499853 1.1915185675024984 0.40122721139050543 0.7424824982372229 0.079937488328141626 4.8370325360447168 0.060528712347149849 0.051942364480055403 0.13688354010082449 1.3594203926622865 0.77495099299994763 0.78001743927597988 10.236203439533709 0.30868851393461227 0.035390271106734872 0.041140813184027958 0.05646899233579461 1.0892175075896373
leaf_count=12 2407 1093 23 11 636 255 18 71 64 69241 2 18 234 25 53 430 180 115 2 140 260 25 40 19 119 8 2 38 635 3824
internal_value=0.0136372 0.00285774 0.00587864 0.00693121 0.01843 0.0125874 -0.0031743 -0.00696655 0.0298188 -0.0457637 0.0472837 -0.101202 0.0478449 0.0321948 -0.0179102 -0.0371295 0.0287193 0.0443268 0.041821 0.00382251 0.0498833 0.0411742 -0.0714215 0.0481237 0.0511502 -0.0530367 -0.0505945 -0.0500242 -0.0500638 -0.0500614
internal_weight=304.142 230.345 216.871 214.76 100.455 85.2349 114.305 102.521 11.7839 13.4744 73.7968 2.11103 73.3864 8.45713 1.64856 1.1674 0.481165 6.80857 0.62505 0.112471 64.9292 1.4963 1.20308 5.61705 15.2198 0.410476 0.101788 12.8493 0.0663975 1.13036
internal_count=80000 75605 2348 2267 1021 891 1246 1164 82 73257 4395 81 3748 1056 897 664 233 159 154 142 2692 285 63 134 130 647 639 73103 637 3862
is_linear=0
shrinkage=0.05


Tree=125
num_leaves=31
num_cat=0
split_feature=4 8 2 10 7 6 5 5 5 7 4 2 1 7 7 4 2 2 2 2 2 10 5 7 1 2 7 7 5 1
split_gain=42.498 10.8426 9.92855 8.91648 8.28403 8.89356 3.18502 2.25674 1.76175 1.57821 1.26423 1.1648 1.00586 2.07616 0.584179 1.84372 0.468304 0.409436 0.336017 0.874908 0.30285 0.0741545 0.0302274 0.0226078 0.00123123 0.000216246 0.000123599 9.57043e-05 7.82626e-05 7.7708e-05
threshold=5.5000000000000009 1.0000000180025095e-35 401.50000000000006 1.5000000000000002 24.750000000000004 1.5000000000000002 0.71850000000000003 0.69150000000000011 0.71650000000000003 120.35000000000001 4.5000000000000009 395.50000000000006 22.500000000000004 105.35000000000001 42.250000000000007 6.5000000000000009 74.500000000000014 370.50000000000006 300.50000000000006 305.50000000000006 401.50000000000006 1.5000000000000002 0.6665000000000002 33.050000000000004 22.500000000000004 194.50000000000003 97.750000000000014 47.150000000000013 0.91150000000000009 22.500000000000004
decision_type=2 2 2 2 2 2 2 2 2 2 2 2 2 2 2 2 2 2 2 2 2 2 2 2 2 2 2 2 2 2
left_child=1 2 3 4 7 -6 8 -1 -3 11 18 14 17 -14 22 16 -16 -5 21 -20 -13 -8 -2 -24 -17 -11 27 -4 -29 -27
right_child=9 6 26 12 5 -7 10 -9 -10 25 -12 20 13 -15 15 24 -18 -19 19 -21 -22 -23 23 -25 -26 29 -28 28 -30 -31
leaf_value=0.050146227854134799 0.050084418755881877 -0.050140665252753902 -0.050178850824591649 -0.055410662887545405 0.0092669881344916195 -0.091841129061865007 -0.054813037024509528 -0.076609188191437944 -0.50441421730167102 -0.053920548751312448 -0.24422707167441132 0.044260788127522044 -0.071963881353019829 -0.30224230099730121 0.0058785077818603003 -0.062180879162706038 0.046009963859037176 -0.10812887331847246 -0.21106693768282292 -0.050219473243995984 -0.051578875365657972 -0.092009171236019177 0.034098463228984632 0.04699157010830974 -0.06751946678185515 -0.050796281250595411 -0.050122607689621651 -0.050767787171576387 -0.050144808393850639 -0.053046499299451558
leaf_weight=0.38884100131690402 60.344351334497333 0.028031256530083648 1.4620810451633568 2.6595950738337706 208.79657092926573 2.1978156732548078 0.28274667039840984 3.6222570109093795 0.089446626097924309 0.21966765571050828 0.17500800687412266 0.10609400941757385 0.32323897591777484 0.1403927309656865 0.82377434388035808 0.24179542194906378 6.1840870457090205 0.42750369738496363 0.18108209316415014 0.15857813107504626 0.36953183970763348 0.25468971307054744 0.48161896596138731 1.1563069332623852 0.19518015662470134 0.11410733533193707 3.2488899854943156 2.9146156708520725 0.60957326801872103 0.057801930721325334
leaf_count=10 2407 127 9523 4857 16819 1199 245 1153 10 90 81 7 147 88 44 58 316 453 4 1016 797 71 61 53 5 530 24634 10791 4377 27
internal_value=0.0132296 0.00274894 0.00353202 0.00556276 0.0068606 0.0082138 -0.149097 -0.0643214 -0.396021 0.047218 -0.121526 0.0477787 -0.0730243 -0.141695 0.048313 0.0350792 0.0412925 -0.0627111 -0.0970431 -0.135972 -0.0302007 -0.0724402 0.0499025 0.0432005 -0.0645654 -0.0528811 -0.0503626 -0.0505189 -0.05066 -0.0515529
internal_weight=298.255 227.961 226.791 218.556 215.005 210.994 1.16958 4.0111 0.117478 70.2943 1.0521 69.9027 3.55073 0.463632 69.4271 7.44484 7.00786 3.0871 0.877097 0.33966 0.475626 0.537436 61.9823 1.63793 0.436976 0.391577 8.23516 4.98627 3.52419 0.171909
internal_count=80000 75605 74051 24726 19181 18018 1554 1163 137 4395 1417 3748 5545 235 2944 423 360 5310 1336 1020 804 316 2521 114 63 647 49325 24691 15168 557
is_linear=0
shrinkage=0.05


Tree=126
num_leaves=31
num_cat=0
split_feature=3 0 2 10 5 0 5 5 2 7 5 5 2 7 7 0 3 5 0 2 7 7 2 5 0 0 7 7 0 5
split_gain=40.5898 12.0455 10.0823 7.44826 6.21859 6.12962 5.24377 16.4133 7.08742 6.86823 7.35916 6.38425 4.80646 3.5558 2.88482 2.77423 3.18347 2.76999 2.6867 2.31081 2.20515 3.59081 1.96275 1.32381 0.812404 0.599223 0.559851 0.382264 0.0697461 0.0378484
threshold=2.5000000000000004 17757.770000000004 345.50000000000006 1.5000000000000002 0.71250000000000002 63032.060000000005 0.85250000000000015 0.77550000000000019 265.50000000000006 107.35000000000001 0.93450000000000022 0.73850000000000005 49.500000000000007 120.35000000000001 24.750000000000004 13729.490000000002 1.5000000000000002 0.94950000000000012 11883.435000000001 59.500000000000007 63.750000000000007 63.050000000000004 401.50000000000006 0.85950000000000004 28815.715000000004 11883.435000000001 40.150000000000013 115.65000000000002 28815.715000000004 0.95550000000000013
decision_type=2 2 2 2 2 2 2 2 2 2 2 2 2 2 2 2 2 2 2 2 2 2 2 2 2 2 2 2 2 2
left_child=1 2 6 5 -2 12 7 11 -9 10 -8 -1 -3 -14 28 20 26 18 -16 -20 21 -4 -18 -11 -5 -22 -17 -7 -6 -19
right_child=4 3 15 24 14 27 9 8 -10 23 -12 -13 13 -15 17 16 22 29 19 -21 25 -23 -24 -25 -26 -27 -28 -29 -30 -31
leaf_value=-0.031259095901844516 0.049889359162124669 -0.073795964327209501 -0.051401750943528404 -0.06039498445615165 -0.052672448934971861 0.049593960799306482 0.01853007939016036 -0.043997441396959387 -0.12869288225132366 -0.13487214389241123 -0.070386742735580141 0.022477572330748687 0.01122796027694313 -0.053458214278199745 -0.050063739377016692 -0.023176030816559494 -0.20248789718416946 -0.084499294857845644 -0.024270124824481615 0.033125335478945597 -0.050009316607448409 0.0536469510479613 -0.050284161099902538 -0.050638155551650445 -0.1260608222871242 -0.090551062909185742 -0.07411496023741096 0.020013385095428656 -0.090892432005060295 -0.06090905283745203
leaf_weight=8.5037085127205518 58.313355423524627 1.7501992119941849 1.9502406372921524 1.3794620438566192 0.15838515999712299 10.522421248257158 30.987094466865528 9.2436763971745659 3.3707953581488246 0.7910108282812861 2.5159608802077846 15.791219204778825 96.080782260891283 2.1725241043750421 1.082641567549216 0.68237070929171695 0.80044571799226083 0.25553095595387176 1.8560601454228152 31.789986283518374 3.4499898999256402 1.3956393346743425 0.28803378441807581 1.1367215687278074 0.71522450982592989 1.2386659284820778 2.5745094341473305 1.2186616467079137 0.48451882600784302 0.50814687247475376
leaf_count=2876 2659 22 14838 56 252 187 3004 3880 1228 194 2447 2415 720 183 3390 36 13 88 13 383 35699 224 82 3995 13 212 206 20 2 663
internal_value=0.0128071 -2.77386e-05 -0.0143032 0.0105961 0.0397899 0.0123472 -0.00716765 -0.020357 -0.0666295 0.00657214 0.0118527 0.00366867 0.00833465 0.00979765 0.0234918 -0.0559986 -0.0881834 0.0253932 0.0274645 0.0299592 -0.0385919 -0.00758365 -0.162212 -0.0852021 -0.0828164 -0.0607198 -0.0634424 0.0465237 -0.0814766 -0.0688025
internal_weight=293.008 198.559 84.7201 113.839 94.4486 111.745 72.3402 36.9094 12.6145 35.4308 33.5031 24.2949 100.004 98.2533 36.1353 12.3799 4.34536 35.4924 34.7287 33.646 8.03454 3.34588 1.08848 1.92773 2.09469 4.68866 3.25688 11.7411 0.642904 0.763678
internal_count=80000 72550 71349 1201 7450 1132 20039 10399 5108 9640 5451 5291 925 903 4791 51310 337 4537 3786 396 50973 15062 95 4189 69 35911 242 207 254 751
is_linear=0
shrinkage=0.05


Tree=127
num_leaves=31
num_cat=0
split_feature=4 10 3 4 12 8 4 6 2 4 1 2 1 5 4 10 2 1 5 2 1 1 1 1 5 2 4 2 2 2
split_gain=39.5353 9.18183 8.78371 8.68301 6.55764 6.37535 5.39179 4.72453 3.51759 3.43651 2.186 9.58941 2.02053 1.33669 1.88469 1.60337 1.12519 0.63246 0.849612 0.260894 0.202282 0.116653 0.113315 0.150645 0.0475143 0.0206729 0.00983504 0.00835451 0.00717179 0.00415348
threshold=5.5000000000000009 1.5000000000000002 1.5000000000000002 1.5000000000000002 1.0000000180025095e-35 1.0000000180025095e-35 4.5000000000000009 1.5000000000000002 401.50000000000006 2.5000000000000004 21.500000000000004 179.50000000000003 16.500000000000004 0.65450000000000019 6.5000000000000009 1.5000000000000002 401.50000000000006 22.500000000000004 0.84050000000000014 129.50000000000003 17.500000000000004 5.5000000000000009 2.5000000000000004 3.5000000000000004 0.89750000000000008 74.500000000000014 2.5000000000000004 99.500000000000014 390.50000000000006 214.50000000000003
decision_type=2 2 2 2 2 2 2 2 2 2 2 2 2 2 2 2 2 2 2 2 2 2 2 2 2 2 2 2 2 2
left_child=1 2 4 -4 5 6 -1 8 -5 -9 20 -12 -7 -2 15 16 24 21 26 -20 -6 22 -3 -24 -15 -17 -19 -16 29 -23
right_child=13 17 3 7 10 12 -8 9 -10 -11 11 -13 -14 14 27 25 -18 18 19 -21 -22 28 23 -25 -26 -27 -28 -29 -30 -31
leaf_value=-0.0069737689091426656 0.050049837769508013 -0.05272373439463434 0.051097668976841197 0.011956745369178375 -0.060183493321424336 -0.053800438798509966 0.029019539419565477 -0.23709686835638816 -0.050409062755515127 -0.040785720323685881 -0.82712020241211892 -0.11221607619697638 -0.25225631497249607 0.044784062621631725 -0.065036780056254004 -0.081133480574185582 -0.051629393053060336 -0.073599870109678334 -0.22118181467522635 -0.050015965585939196 -0.11476905967224293 -0.052920576194783686 -0.10855375186493697 -0.067285493789054893 0.035033552181426758 -0.050040730341295227 -0.05344671040488494 -0.051701779304802034 -0.05012679775538751 -0.057753854003088023
leaf_weight=104.52035332527885 54.704529955633916 0.5089665080049588 14.178768122568725 82.624635689193383 0.42780371079061186 0.20918321661520067 11.554960449939243 0.29876649270954547 2.3245644570779396 0.87824699176780996 0.057020921740331687 0.26445058584795333 0.33151988539611921 6.637365172842685 0.3709896003565526 0.2529947636539881 0.32705192434514252 0.24072494095526042 0.17582674634832074 0.025489651659881929 0.2813400753584574 0.7183777770133023 0.3419578040993656 0.62588256007074961 1.5391534055161171 0.067781944111629855 0.080877549169599661 0.17187022565485677 0.74882091522886174 1.1658933155849807
leaf_count=36370 2411 2219 130 6017 912 536 1061 328 11472 985 15 83 223 373 32 21 688 213 35 316 199 2015 709 1465 142 306 150 422 8331 1821
internal_value=0.0124518 0.00248935 0.00396992 0.0148406 -0.00529839 -0.00418865 -0.00339074 0.0088717 0.0102502 -0.0906162 -0.130868 -0.239022 -0.175479 0.0470614 0.0296089 0.0351716 0.0393111 -0.0671644 -0.118956 -0.19951 -0.0818393 -0.0605747 -0.0718227 -0.0818664 0.0429486 -0.0745634 -0.0685317 -0.0608149 -0.0542662 -0.0559112
internal_weight=286.656 222.584 217.952 100.305 117.647 116.616 116.075 86.1262 84.9492 1.17701 1.03062 0.321472 0.540703 64.0717 9.36721 8.82435 8.50357 4.63282 0.522919 0.201316 0.709144 4.1099 1.47681 0.96784 8.17652 0.320777 0.321602 0.54286 2.63309 1.88427
internal_count=80000 75605 58331 18932 39399 38190 37431 18802 17489 1313 1209 98 759 4395 1984 1530 1203 17274 714 351 1111 16560 4393 2174 515 327 363 454 12167 3836
is_linear=0
shrinkage=0.05


Tree=128
num_leaves=31
num_cat=0
split_feature=4 0 7 0 5 5 7 2 7 5 7 5 0 2 0 0 5 5 0 2 11 10 7 7 0 0 2 5 7 4
split_gain=38.0264 11.5989 8.87731 10.1424 4.84727 4.84103 7.23638 4.97936 3.66181 1.90786 1.46515 0.907407 1.71302 1.02655 1.06805 0.252698 0.201277 0.0649741 0.095222 0.0474205 0.0366964 0.0189289 0.00161325 0.000284816 0.000241208 9.97518e-06 8.70098e-07 4.02392e-07 2.71846e-07 2.40349e-07
threshold=5.5000000000000009 11883.435000000001 24.750000000000004 28815.715000000004 0.94950000000000012 0.84050000000000014 41.550000000000004 59.500000000000007 122.45000000000002 0.65450000000000019 120.35000000000001 0.65450000000000019 17757.770000000004 109.50000000000001 13729.490000000002 28815.715000000004 0.73850000000000005 0.39550000000000007 252.85500000000002 380.50000000000006 1.0000000180025095e-35 1.5000000000000002 21.150000000000002 27.450000000000003 17757.770000000004 15105.005000000003 401.50000000000006 0.65450000000000019 120.35000000000001 3.5000000000000004
decision_type=2 2 2 2 2 2 2 2 2 2 2 2 2 2 2 2 2 2 2 2 2 2 2 2 2 2 2 2 2 2
left_child=1 9 15 5 8 6 -4 -7 -5 17 11 23 13 21 -15 20 -14 -1 -19 -18 22 -13 -3 -2 25 27 28 -12 29 -11
right_child=10 2 3 4 -6 7 -8 -9 -10 26 24 12 16 14 -16 -17 19 18 -20 -21 -22 -23 -24 -25 -26 -27 -28 -29 -30 -31
leaf_value=0.05015370931188138 0.05007267329964922 -0.055207837542295357 -0.042193220988857562 0.027801661939774722 -0.059683209748039805 -0.077740167045947772 -0.0021993263369310795 0.010651468844625058 -0.055338447968704123 -0.05003053385521497 -0.050364837605760049 -0.059517207817543355 0.023543865439013954 -0.050083514520713107 0.041816574465386176 -0.090489666422624224 0.050135943565999555 0.050088954389372609 -0.050094262395897961 0.03712473799999904 -0.073030599822831208 -0.07866144436039689 -0.059300604519500283 0.048873412802933301 -0.053494553833625252 -0.051218936184509622 -0.050003973550836828 -0.050004103203426221 -0.050004498883932859 -0.050051671731724291
leaf_weight=0.48675894364714523 51.534044746309519 0.60295324663820726 13.915090245835016 57.978501127101481 1.7018280039628724 1.631033128578564 60.42064103300072 68.83060489700074 1.3553457117523056 4.9098882903854228 0.0092468048678701065 0.26842501146893294 0.96068309247493733 0.45946745720357274 1.0136116892099378 1.6881256611377464 4.9029757604002953 0.052842488512396812 0.043034813723352272 0.81696273572742928 0.53753374086227257 0.24879622087610187 0.40083632543246495 0.49988435138948162 0.28156544279772788 0.027913825353607535 3.8678124112775549 0.047146617034741212 0.74494872791728983 1.8520879228999545
leaf_count=12 2387 39 103 694 20 39 622 735 55 12317 2 69 24 1054 11 14 139 2 140 19 13 23 14 22 8 2 49254 635 8623 2909
internal_value=0.012041 0.00239118 0.00513051 0.00642107 0.0235162 -0.000784938 -0.00968588 0.0086054 0.0259025 -0.0455031 0.0469645 0.0475657 0.0325906 -0.00812568 0.0131521 -0.0771252 0.0447208 0.0427433 0.00512142 0.0482776 -0.0624879 -0.0687261 -0.0568422 0.0500612 -0.0527921 -0.0504459 -0.0500232 -0.0500633 -0.0500332 -0.0500363
internal_weight=282.091 221.02 209.062 205.833 61.0357 144.797 74.3357 70.4616 59.3338 11.9574 61.0707 60.7049 8.67092 1.9903 1.47308 3.22945 6.68062 0.582636 0.0958773 5.71994 1.54132 0.517221 1.00379 52.0339 0.365873 0.0843072 11.3747 0.0563934 7.50692 6.76198
internal_count=80000 75605 2348 2268 769 1499 725 774 749 73257 4395 3748 1339 1157 1065 80 182 154 142 158 66 92 53 2409 647 639 73103 637 23849 15226
is_linear=0
shrinkage=0.05


Tree=129
num_leaves=31
num_cat=0
split_feature=4 0 0 6 3 4 4 5 2 5 4 10 0 1 3 2 5 0 2 0 2 2 0 0 3 2 3 0 3 10
split_gain=36.5609 10.9658 8.31087 7.88217 7.36367 7.51857 4.85235 1.81477 1.435 0.881227 1.78414 1.45032 1.26665 0.868315 0.862535 0.268871 0.0617919 0.0905697 0.0312092 0.0128284 0.00554598 0.000387861 0.000170617 0.000121776 1.15669e-05 7.48905e-07 4.64349e-07 2.31944e-07 9.49606e-08 9.08636e-08
threshold=5.5000000000000009 11883.435000000001 63032.060000000005 1.5000000000000002 1.5000000000000002 1.5000000000000002 4.5000000000000009 0.65450000000000019 401.50000000000006 0.65450000000000019 6.5000000000000009 1.5000000000000002 13729.490000000002 22.500000000000004 1.5000000000000002 370.50000000000006 0.39550000000000007 252.85500000000002 219.50000000000003 15105.005000000003 99.500000000000014 34.500000000000007 21807.355000000003 13729.490000000002 1.5000000000000002 401.50000000000006 2.5000000000000004 126.25000000000001 2.5000000000000004 1.5000000000000002
decision_type=2 2 2 2 2 2 2 2 2 2 2 2 2 2 2 2 2 2 2 2 2 2 2 2 2 2 2 2 2 2
left_child=1 7 3 4 6 -6 -3 16 9 21 11 12 -11 15 18 24 -1 -18 -5 -13 -12 -2 -22 -10 -4 26 29 -28 -19 -9
right_child=8 2 13 14 5 -7 -8 25 23 10 20 19 -14 -15 -16 -17 17 28 -20 -21 22 -23 -24 -25 -26 -27 27 -29 -30 -31
leaf_value=0.050146193771448848 0.050069135171454476 -0.0090107888066709857 0.050259059036034295 -0.076863909653217544 0.051181786544840263 0.0083001348368758662 0.027061967293770313 -0.050028690262215653 -0.05001468425667565 -0.05010097270122698 -0.063886668301874713 -0.050039379764110985 0.04694454761254227 0.0011807791463488246 -0.13703953252958409 0.024805154981312846 0.050084607105521151 -0.050044386440775024 -0.059951826276346626 -0.07774307320229705 -0.050072726838030934 0.048787870478492222 -0.05368509599248087 -0.051995955776448992 0.050153850439151049 -0.050003779411224691 -0.05019735841641413 -0.050062548495682993 -0.050217716611020841 -0.050004128725578717
leaf_weight=0.46308707259595294 48.904240718111396 95.582912351354025 4.5821399353444523 0.62020258374104631 11.842285934835671 74.705361594154965 10.330053356388815 5.9779163704206422 0.11088140254105283 0.35275338411883961 0.35388851767493168 0.050931745096022385 7.181530861184001 1.0953684262931354 0.82174308251705941 1.1553536891588017 0.050269583240151405 0.030242732384067494 0.48698458955186652 0.23271649540401995 0.066884649691928644 0.59788306336849828 0.063930988311767578 0.2580420306767337 6.0775988530367613 3.6791908705508831 0.033369300246704259 0.72788759560353355 0.010696903627831489 0.40185966189892486
leaf_count=12 2381 1093 66 7 89 757 72 17339 1210 327 32 109 188 18 18 25 2 135 56 2 106 27 1 12 147 49254 17 1229 5 5264
internal_value=0.0116696 0.0022978 0.00492056 0.00234051 0.00334847 0.0141676 -0.00549249 -0.0455018 0.046898 0.0475254 0.0324511 0.0382223 0.0424009 0.0437677 -0.0982296 0.0477159 0.0427373 0.00512097 -0.0694253 -0.0727686 -0.0606349 0.0500537 -0.0518381 -0.0514005 0.0501991 -0.0500221 -0.0500315 -0.0500685 -0.0500897 -0.0500271
internal_weight=276.848 218.675 207.3 194.39 192.461 86.5476 105.913 11.3745 58.1737 57.8048 8.30264 7.81793 7.53428 12.9105 1.92893 11.8151 0.554296 0.0912092 1.10719 0.283648 0.484704 49.5021 0.130816 0.368923 10.6597 10.8202 7.14103 0.761257 0.0409396 6.37978
internal_count=80000 75605 2348 2092 2011 846 1165 73257 4395 3173 765 626 515 256 81 238 154 142 63 111 139 2408 107 1222 213 73103 23849 1246 140 22603
is_linear=0
shrinkage=0.05


Tree=130
num_leaves=31
num_cat=0
split_feature=4 8 7 3 4 12 4 6 7 7 1 7 4 10 7 5 7 5 3 5 7 7 3 5 7 11 7 1 3 4
split_gain=35.1662 8.45458 8.08805 7.56562 7.58942 5.64312 4.61386 4.44156 2.18423 1.41083 1.06969 0.861936 1.42234 1.33061 0.714757 0.436799 0.339654 0.0893879 0.0550699 0.0428749 0.0468635 0.0975327 0.0102183 0.010069 0.00799645 0.00629573 0.003025 0.00226023 0.000853689 0.000713155
threshold=5.5000000000000009 1.0000000180025095e-35 120.35000000000001 1.5000000000000002 1.5000000000000002 1.0000000180025095e-35 4.5000000000000009 1.5000000000000002 90.050000000000011 120.35000000000001 11.500000000000002 40.150000000000013 6.5000000000000009 1.5000000000000002 110.05000000000001 0.71850000000000003 97.050000000000011 0.94450000000000001 2.5000000000000004 0.65450000000000019 26.850000000000005 25.450000000000003 2.5000000000000004 0.84350000000000003 66.65000000000002 1.5000000000000002 57.45000000000001 19.500000000000004 2.5000000000000004 2.5000000000000004
decision_type=2 2 2 2 2 2 2 2 2 2 2 2 2 2 2 2 2 2 2 2 2 2 2 2 2 2 2 2 2 2
left_child=1 2 3 5 28 6 -1 -6 -7 11 18 19 13 17 15 -12 -17 -13 -3 -2 21 -21 29 -22 -15 27 -14 -24 -5 -4
right_child=9 10 22 4 7 8 -8 -9 -10 -11 14 12 26 24 -16 16 -18 -19 -20 20 23 -23 25 -25 -26 -27 -28 -29 -30 -31
leaf_value=-0.0061633612535658654 0.050065852434301096 -0.053260932256126298 -0.051329141689451574 0.051228710045615411 0.010927816125087728 -0.086134293552932409 0.028049693493355777 -0.087147965813214295 -0.28298987095634254 -0.052731023365075153 -0.25989246359518509 0.042445364881962939 -0.062961493807227306 -0.074742871571070887 -0.053265869612940359 -0.050103643073135334 -0.17989443156858936 0.0084299379648763856 -0.087094797656548373 -0.050073353057825724 0.046076970627857539 0.044513414113733343 -0.050905538093262127 0.033671408468987495 -0.050058748679417002 -0.065649992528311982 -0.050057949762686751 -0.057979960203755149 0.050244431690542019 -0.052449736727241937
leaf_weight=102.60067484426145 47.084399918094277 0.22657435327346209 2.9787765200890126 9.9094789028167707 80.542641985739465 0.98100503311434184 10.901181330846155 1.1711739129277692 0.16454506794980261 0.35342890150786743 0.15857386750394653 5.891659159664413 0.34302906201264693 0.23586685777991068 0.11639055377236218 0.057586551834901911 0.40429906015378947 0.19968346831592487 0.2563324791371997 0.042454838985576226 0.87716970375186043 0.07611796793207759 0.1871572408817882 0.20105815270653693 0.038111028450657614 0.20601892267950461 0.052351934757098206 0.28457944982437766 2.832668336108326 2.7128402892976737
leaf_count=30302 2407 720 14301 77 14153 707 907 1063 270 647 52 565 62 54 360 317 65 91 40 100 83 14 1034 88 118 152 166 211 53 10821
internal_value=0.0112956 0.00220706 0.00295014 0.00464083 0.0151188 -0.00399183 -0.0028774 0.00952213 -0.11441 0.0468475 -0.129059 0.0474869 0.0307663 0.036482 -0.166965 -0.188294 -0.163712 0.0413303 -0.0712203 0.0498283 0.0404826 0.0106467 -0.0525543 0.0437637 -0.0713092 -0.0583579 -0.061253 -0.0551732 0.0510099 -0.0518633
internal_weight=272.088 216.692 215.473 209.103 94.456 114.647 113.502 81.7138 1.14555 55.3953 1.21976 55.0419 6.7607 6.36532 0.73685 0.620459 0.461886 6.09134 0.482907 48.2812 1.1968 0.118573 6.36937 1.07823 0.273978 0.677756 0.395381 0.471737 12.7421 5.69162
internal_count=80000 75605 74051 47532 15346 32186 31209 15216 977 4395 1554 3748 1056 828 794 434 382 656 760 2692 285 114 26519 171 172 1397 228 1245 130 25122
is_linear=0
shrinkage=0.05


Tree=131
num_leaves=31
num_cat=0
split_feature=4 0 2 5 2 5 5 5 4 0 4 5 3 0 1 3 1 2 2 1 5 4 10 0 1 0 11 2 1 2
split_gain=33.7801 10.3006 8.13067 6.57186 6.59862 5.31681 6.09564 15.6658 5.1897 4.46234 4.04027 3.9939 3.37922 3.17758 2.61578 2.15017 2.07402 1.38483 0.943028 0.869065 0.852891 1.59159 1.28535 1.23225 0.0946889 0.0573443 0.0487343 0.00394734 0.00326789 0.000424971
threshold=5.5000000000000009 17757.770000000004 345.50000000000006 0.95050000000000001 54.500000000000007 0.73850000000000005 0.77550000000000019 0.80950000000000022 4.5000000000000009 63032.060000000005 1.5000000000000002 0.84050000000000014 2.5000000000000004 13729.490000000002 22.500000000000004 1.5000000000000002 19.500000000000004 401.50000000000006 385.50000000000006 22.500000000000004 0.65450000000000019 6.5000000000000009 1.5000000000000002 13729.490000000002 17.500000000000004 13729.490000000002 1.5000000000000002 99.500000000000014 10.500000000000002 34.500000000000007
decision_type=2 2 2 2 2 2 2 2 2 2 2 2 2 2 2 2 2 2 2 2 2 2 2 2 2 2 2 2 2 2
left_child=1 2 5 4 -3 8 14 -8 10 11 -1 -6 13 16 -7 -15 -4 20 25 -11 29 22 23 -22 28 -14 -10 -23 -5 -2
right_child=17 3 12 24 9 6 7 -9 26 19 -12 -13 18 15 -16 -17 -18 -19 -20 -21 21 27 -24 -25 -26 -27 -28 -29 -30 -31
leaf_value=-0.012123906173026094 0.050062550244013931 -0.058367532961940964 -0.057420620764634195 -0.057804190750552903 0.003323718946020026 0.02824432066216935 -0.09057605174226549 0.00035282746246691958 0.030179194740098572 0.047624425962999622 -0.092027043590016483 0.022752224338624991 0.026395619369230811 -0.071498752703023943 -0.10140870288941124 -0.15429066409643502 0.00070743728475484405 -0.051400551619088068 -0.05018435633762347 0.00074115730100454593 -0.050099788074581299 -0.062245361047729555 -0.069687669839517075 0.046656351922321045 -0.080961837198133046 0.050815990741464291 0.05135595679014137 -0.051645485907141575 -0.061889184259132472 0.048654516257852103
leaf_weight=2.5654118484635529 44.256058715283871 3.1568040297133839 4.5453840009195101 0.91375241657078676 61.92178751611209 16.957927082781683 5.2806749715964534 45.995043388280465 0.37422350260021608 11.159510519355532 4.12734391732738 46.178802308277227 0.34211039477304328 2.8772702391142957 0.39815750464731436 1.078049238320091 2.3166707288810358 0.35700677033673756 0.34987832427577803 1.0845152400434024 0.34635565568169013 0.32853996162157262 0.26840143017398066 6.5921136233955622 0.74106385544291686 0.80854965001344681 0.9914522020262666 0.11987719202079461 1.0546581596572648 0.54245476517826219
leaf_count=620 2381 37 41979 37 568 2415 2343 13041 169 237 2138 429 124 240 113 93 8244 1222 2685 18 327 32 111 188 21 4 22 107 28 27
internal_value=0.0109086 0.00211574 -0.0109098 0.0113018 0.0129917 -0.00485336 -0.000342201 -0.00901156 -0.0432738 0.0148636 -0.0613992 0.0116233 -0.0486166 -0.0583704 0.02527 -0.0940643 -0.0377962 0.0467419 0.0216982 0.0434717 0.0474099 0.0319865 0.0376734 0.0418265 -0.0657281 0.0435554 0.0455531 -0.0594117 -0.0599929 0.0500455
internal_weight=268.03 215.219 89.0081 126.211 123.501 76.6902 68.6318 51.2757 8.05843 120.345 6.69276 108.101 12.3179 10.8174 17.3561 3.95532 6.86205 52.8108 1.50054 12.244 52.4538 7.65529 7.20687 6.93847 2.70947 1.15066 1.36568 0.448417 1.96841 44.7985
internal_count=80000 75605 74230 1375 1289 20861 17912 15384 2949 1252 2758 997 53369 50556 2528 333 50223 4395 2813 255 3173 765 626 515 86 128 191 139 65 2408
is_linear=0
shrinkage=0.05


Tree=132
num_leaves=31
num_cat=0
split_feature=4 10 2 8 7 6 5 7 2 2 5 4 1 7 2 2 2 1 7 7 8 5 7 2 4 1 5 2 7 7
split_gain=32.4475 8.191 7.13907 7.31639 6.99824 7.27921 1.90143 1.35997 0.995308 0.862917 0.5166 1.41389 0.500397 0.632711 0.318144 0.26876 0.232596 0.102909 0.158394 0.208746 0.0784162 0.0710752 0.0115291 0.00592112 0.0040024 0.000552845 0.000311336 0.000140098 0.000109123 9.54438e-05
threshold=5.5000000000000009 1.5000000000000002 401.50000000000006 1.0000000180025095e-35 24.750000000000004 1.5000000000000002 0.69150000000000011 120.35000000000001 395.50000000000006 204.50000000000003 0.65450000000000019 6.5000000000000009 22.500000000000004 105.35000000000001 74.500000000000014 209.50000000000003 401.50000000000006 5.5000000000000009 55.350000000000001 54.650000000000013 1.0000000180025095e-35 0.84050000000000014 95.65000000000002 390.50000000000006 2.5000000000000004 22.500000000000004 0.9385 194.50000000000003 97.750000000000014 74.850000000000009
decision_type=2 2 2 2 2 2 2 2 2 2 2 2 2 2 2 2 2 2 2 2 2 2 2 2 2 2 2 2 2 2
left_child=1 2 3 4 6 -6 -1 8 10 26 -2 14 17 22 -12 -11 -10 18 19 -3 -20 -15 -14 24 -19 -13 -5 -9 29 -4
right_child=7 12 28 9 5 -7 -8 27 16 15 11 25 13 21 -16 -17 -18 23 20 -21 -22 -23 -24 -25 -26 -27 -28 -29 -30 -31
leaf_value=0.050130202361147402 0.050059577763378361 -0.051783679362462968 -0.050414657296573386 -0.052441501933287574 0.0078619804436450315 -0.089500560706865254 -0.074266976997344497 -0.053559529894708774 0.043876937006320199 -0.22034354707780512 0.011517326030467838 -0.058185934597599902 -0.052602097278916453 -0.050007336324163203 0.044842470772625181 -0.14814767386366764 -0.051450410469824674 -0.057533865065577797 -0.052009295200379793 -0.12754365337252693 -0.084839675668497871 -0.18634455267012162 -0.073817569825197424 -0.050143654490960976 -0.052431306847344331 -0.062093146125610843 -0.056161436271416357 -0.051513065481708489 -0.050150693960622654 -0.050946276652949131
leaf_weight=0.33840515650808756 42.609651114791632 0.14672541687468699 2.505943011719864 0.12006419349836406 196.201610638489 1.9387009500205739 3.3296294223910081 0.19613224151544173 0.08048312005121161 0.17592972773127258 0.81788148068153432 0.20988500402017951 0.089976652889163122 0.010037657903012587 5.7591750623323605 0.48230194618372479 0.31224409547576215 1.1555981354413236 0.68988302857542294 0.23907811333265272 0.24700522482817178 0.20062076630347292 0.22212101553304819 0.62030459440211405 0.575805920847415 0.15920737210399238 0.10582173885268276 0.14579789044364588 2.1978269353257929 1.2732517868189459
leaf_count=10 2407 1051 13991 154 16819 1199 1153 90 7 6 61 75 363 156 396 186 797 2041 3243 19 80 149 46 8331 1795 5 47 557 19368 5398
internal_value=0.0105684 0.00203458 0.0034256 0.00501373 0.00564249 0.00690934 -0.0627904 0.0466898 0.0473701 -0.138507 0.0479984 0.0353545 -0.0671225 -0.112894 0.0406984 -0.167444 -0.0319146 -0.0606106 -0.0717681 -0.0987313 -0.0606648 -0.179848 -0.0677012 -0.0543352 -0.0558369 -0.0598713 -0.0541842 -0.0526869 -0.0504308 -0.0505938
internal_weight=263.157 212.867 208.669 202.692 201.808 198.14 3.66803 50.2905 49.9485 0.884118 49.5558 6.94615 4.19716 0.522756 6.57706 0.658232 0.392727 3.6744 1.32269 0.385804 0.936888 0.210658 0.312098 2.35171 1.7314 0.369092 0.225886 0.34193 5.97702 3.77919
internal_count=80000 75605 58331 19574 19181 18018 1163 4395 3748 393 2944 537 17274 714 457 192 804 16560 4393 1070 3323 305 409 12167 3836 80 201 647 38757 19389
is_linear=0
shrinkage=0.05


Tree=133
num_leaves=31
num_cat=0
split_feature=4 10 7 5 3 2 4 7 2 5 4 1 7 2 2 12 1 7 7 3 5 3 7 3 11 2 4 2 2 1
split_gain=31.1516 7.63818 6.89401 6.73844 6.62165 6.95328 2.23795 1.29078 0.945068 0.532746 1.32653 0.392494 0.445018 0.315635 0.220593 0.126977 0.0847763 0.124912 0.157829 0.0553785 0.0477304 0.0309256 0.00949553 0.00834065 0.00536516 0.00509269 0.00342324 0.00223403 0.00226729 0.00165495
threshold=5.5000000000000009 1.5000000000000002 120.35000000000001 0.95050000000000001 2.5000000000000004 340.50000000000006 2.5000000000000004 120.35000000000001 395.50000000000006 0.65450000000000019 6.5000000000000009 22.500000000000004 105.35000000000001 74.500000000000014 401.50000000000006 1.0000000180025095e-35 5.5000000000000009 55.350000000000001 54.650000000000013 2.5000000000000004 0.84050000000000014 2.5000000000000004 95.65000000000002 2.5000000000000004 1.5000000000000002 390.50000000000006 2.5000000000000004 401.50000000000006 370.50000000000006 19.500000000000004
decision_type=2 2 2 2 2 2 2 2 2 2 2 2 2 2 2 2 2 2 2 2 2 2 2 2 2 2 2 2 2 2
left_child=1 2 3 4 5 -1 -6 8 9 -2 13 16 22 -11 -10 21 17 18 -3 -19 -14 -5 -13 27 29 26 -18 28 -4 -25
right_child=7 11 23 15 6 -7 -8 -9 14 10 -12 12 20 -15 -16 -17 25 19 -20 -21 -22 -23 -24 24 -26 -27 -28 -29 -30 -31
leaf_value=0.0066649707987689504 0.050056667241919053 -0.051700263401902306 -0.052147483993208114 -0.056845536254282715 0.050500046858303983 -0.02081133308281595 0.019488885404295164 -0.052550867680886494 0.043338419867343866 0.011006372681906088 -0.059324599411232443 -0.052473761200995152 -0.05000697868612778 0.044366842545573 -0.051379457164982503 -0.09512825765329995 -0.05714817502381983 -0.051973483400856307 -0.11829595307130114 -0.079106814906909281 -0.16424446883010457 -0.068587615847901989 -0.072134807651098823 -0.051900274351529496 -0.064887959790298974 -0.050136946756420976 -0.052318408890523131 -0.050019349754286617 -0.055800334626338516 -0.05775845401053821
leaf_weight=140.91993768125576 40.533851010724902 0.13978904837494999 3.1146043877351981 2.7670188006431999 7.9427439179271486 27.52283037593952 21.745327331238514 0.32607468619062174 0.077485533838624998 0.81318100592761666 0.35424426013196342 0.085792478195798938 0.0095481820299028186 5.5355667094772798 0.29741559508875071 0.26507491246229609 1.1064699112612291 0.6325560362492979 0.24471958924550563 0.26760665796973626 0.21579863081115036 0.70326792809282768 0.21609036290101358 0.21803025350891392 0.19862198441842338 0.59012893193357729 0.5488756654995085 1.0441233710953381 0.49188785195201479 0.26967475902711158
leaf_count=8459 2407 1051 5938 5589 105 21112 1841 647 7 61 80 363 156 396 797 165 2041 3135 19 188 149 313 46 756 157 8331 1795 13242 491 163
internal_value=0.0102023 0.00194525 0.00327565 0.00475858 0.0060129 0.00217546 0.0277856 0.0465908 0.0472698 0.0478974 0.0348397 -0.0659956 -0.106236 0.0400939 -0.0318029 -0.0617729 -0.0599857 -0.0702297 -0.0940849 -0.0600399 -0.159404 -0.0592251 -0.0665473 -0.0528154 -0.0579607 -0.054125 -0.0555467 -0.052056 -0.0526457 -0.0551395
internal_weight=259.198 211.261 207.203 201.866 198.131 168.443 29.6881 47.9378 47.6117 47.2368 6.70299 4.05738 0.52723 6.34875 0.374901 3.73536 3.53015 1.28467 0.384509 0.900163 0.225347 3.47029 0.301883 5.33694 0.686327 2.24547 1.65535 4.65062 3.60649 0.487705
internal_count=80000 75605 58331 37584 31517 29571 1946 4395 3748 2944 537 17274 714 457 804 6067 16560 4393 1070 3323 305 5902 409 20747 1076 12167 3836 19671 6429 919
is_linear=0
shrinkage=0.05


Tree=134
num_leaves=31
num_cat=0
split_feature=4 0 7 0 5 7 2 2 2 1 1 5 11 4 5 7 0 2 0 7 5 2 5 0 5 0 2 10 0 2
split_gain=29.8826 9.51528 7.37421 7.0894 4.41975 6.90782 17.3725 9.51766 4.58342 10.6691 7.19117 3.87596 3.32848 2.75012 1.69021 1.27527 1.53329 0.464312 0.580451 0.285692 0.154256 0.12606 0.0484503 0.410076 0.0460824 0.0749633 0.0232392 0.00976335 0.00180991 6.18592e-07
threshold=5.5000000000000009 28815.715000000004 24.750000000000004 11883.435000000001 0.84050000000000014 41.550000000000004 360.50000000000006 275.50000000000006 89.500000000000014 22.500000000000004 20.500000000000004 0.94950000000000012 1.5000000000000002 2.5000000000000004 0.65450000000000019 40.150000000000013 17757.770000000004 109.50000000000001 13729.490000000002 115.65000000000002 0.74650000000000005 365.50000000000006 0.65450000000000019 15105.005000000003 0.39550000000000007 252.85500000000002 375.50000000000006 1.5000000000000002 15105.005000000003 401.50000000000006
decision_type=2 2 2 2 2 2 2 2 2 2 2 2 2 2 2 2 2 2 2 2 2 2 2 2 2 2 2 2 2 2
left_child=1 3 -3 14 5 6 -5 -7 9 -6 -10 12 13 -4 24 22 17 27 -19 20 -18 -14 -2 -24 -1 -26 -22 28 -17 -16
right_child=15 2 11 4 8 7 -8 -9 10 -11 -12 -13 21 -15 29 16 19 18 -20 -21 26 -23 23 -25 25 -27 -28 -29 -30 -31
leaf_value=0.050137682980826909 0.050053899110486681 -0.085589591936629586 0.0037253106837270393 -0.074457249696965266 -0.073036776074622237 0.010155391000288018 0.047393078179400069 -0.034434341659971571 0.017478276575279124 0.048029781663862452 -0.041437932730756577 -0.055910320980955858 0.049721889612808018 0.029220739066472073 -0.050030535169558014 -0.050083842482655343 0.023835597526382157 -0.050081980722446053 0.031511685915673181 0.0084238601979877998 0.050101158279266866 0.034826188645196911 -0.050082148630827807 0.050252298390118792 0.050075132535547608 -0.050070573814729208 0.038784237200768457 -0.071914397515863732 -0.06010264684927219 -0.050003102573081562
leaf_weight=0.4292054083198299 38.559070421382785 1.6345932305266604 19.119632029614877 10.664838248863814 4.9687249790222259 41.566771734622307 4.030703669472131 16.806002003999311 54.974033024911478 2.8714343729661778 5.717998667543724 1.5468945218453871 10.308867927640675 23.67336787970271 6.5491572811361021 0.066522643679489901 0.80617647059261788 0.36781204987710225 0.53503209329210222 0.67891875241184596 2.7523738536983733 1.6473168061347667 0.11463837708470126 0.91194595769047737 0.044550251215696335 0.032186956883379025 0.54315159656107415 0.22607903479001834 0.13983568549156189 2.9946567418483028
leaf_count=12 2407 14 251 53 60 172 82 450 648 3 97 20 146 325 23849 93 24 1405 10 21 104 27 260 25 2 140 18 27 1 49254
internal_value=0.00985196 0.00186359 0.019101 -0.00472113 -0.00184109 -0.0103961 -0.0410361 -0.00268236 0.00728014 -0.0286965 0.0119276 0.0221408 0.024346 0.0178295 -0.0453007 0.0464855 0.0252362 -0.0221343 -0.00172897 0.0384673 0.0434401 0.0476696 0.0497685 0.039048 0.0437571 0.00806962 0.048236 -0.0647366 -0.0568729 -0.0500219
internal_weight=255.282 209.581 57.9307 151.65 141.601 73.0683 14.6955 58.3728 68.5322 7.84016 60.692 56.2961 54.7492 42.793 10.0498 45.7016 6.1159 1.33528 0.902844 4.78062 4.1017 11.9562 39.5857 1.02658 0.505943 0.0767372 3.29553 0.432437 0.206358 9.54381
internal_count=80000 75605 783 74822 1565 757 135 622 808 63 745 769 749 576 73257 4395 1703 1536 1415 167 146 173 2692 285 154 142 122 121 94 73103
is_linear=0
shrinkage=0.05


Tree=135
num_leaves=31
num_cat=0
split_feature=4 0 0 5 2 5 5 5 0 1 0 2 1 5 5 1 5 0 2 4 2 5 2 2 4 0 10 10 5 2
split_gain=28.6342 8.89141 7.294 5.63092 5.34144 5.50863 1.60774 1.22811 1.33019 0.777878 0.474609 0.290313 0.240079 0.104519 0.103601 0.053961 0.0438255 0.0713021 0.0185496 0.0165596 0.00134887 2.76956e-06 5.32435e-07 1.79823e-07 1.70677e-07 1.54365e-07 5.713e-08 4.78308e-08 3.56979e-08 1.91467e-08
threshold=5.5000000000000009 11883.435000000001 63032.060000000005 0.94950000000000012 49.500000000000007 0.84050000000000014 0.65450000000000019 0.65450000000000019 13729.490000000002 22.500000000000004 28815.715000000004 370.50000000000006 8.5000000000000018 0.90750000000000008 0.88050000000000017 21.500000000000004 0.39550000000000007 252.85500000000002 360.50000000000006 3.5000000000000004 34.500000000000007 0.9105000000000002 401.50000000000006 401.50000000000006 3.5000000000000004 113.46500000000002 1.5000000000000002 1.5000000000000002 0.93950000000000011 64.500000000000014
decision_type=2 2 2 2 2 2 2 2 2 2 2 2 2 2 2 2 2 2 2 2 2 2 2 2 2 2 2 2 2 2
left_child=1 6 3 4 14 -6 16 20 23 11 12 21 -10 18 -3 19 -1 -18 -12 -5 -2 -4 24 26 27 -26 28 -8 -9 -19
right_child=7 2 9 15 5 -7 22 8 10 -11 13 -13 -14 -15 -16 -17 17 29 -20 -21 -22 -23 -24 -25 25 -27 -28 -29 -30 -31
leaf_value=0.05013095360570359 0.050051197783752749 -0.060808707666904049 0.050159360263588297 -0.057787875653437987 -0.0041740119259261526 0.013336530204538189 -0.050025274490832911 -0.050096902939710843 0.037040162585212408 0.0026839637865851253 0.050082708159222923 0.02255468664421131 0.0052321037846544006 0.026879851171657861 -0.081404175214636887 -0.080430165624489902 0.05007146348694759 -0.05013015897265486 0.039298500251902527 -0.067558025782702563 0.047299816778068479 0.050226298794584873 -0.050002951214089479 -0.050004167277748049 -0.050140210185150073 -0.050040318139454525 -0.050038666059913361 -0.050003064021655809 -0.050034529954159447 -0.050042330992147915
leaf_weight=0.40832623280584712 36.24179760273546 1.5242647243430831 7.2068842910230106 2.6020943634612195 97.231899604150385 83.47272983865696 4.2949112181486253 0.35852957158567633 0.92767111177090589 1.0795348510146148 2.6269826591014871 1.061556352418848 1.6454589624190701 0.68632617715047661 1.0186703348590525 0.33862753073481133 0.042380537837743759 0.0086477361764991656 0.47010416351258744 0.52044219589151897 0.45100174867547949 1.9670020285993812 2.8486140099012118 0.079176069029927021 0.039609540148376143 1.63851223981419 0.055579053718247451 0.25689889906971064 0.024507856758646085 0.021971493330056546
leaf_count=12 2381 35 175 187 1019 776 14757 341 23 18 112 25 26 25 19 21 2 7 19 35 30 38 49254 1207 48 4586 142 4458 89 133
internal_value=0.00953169 0.00179726 0.00407093 0.0017086 0.00290196 0.00391462 -0.0452995 0.0463838 0.026989 0.0430516 0.0332664 0.0473092 0.0166996 0.0445336 -0.069059 -0.0614722 0.0437517 0.00806905 0.0484458 -0.0594163 0.0500174 0.0501737 -0.0500209 -0.0500735 -0.050029 -0.0500427 -0.050086 -0.050024 -0.0500929 -0.0500671
internal_weight=251.151 207.584 198.024 186.709 183.248 180.705 9.55987 43.5671 6.87434 11.315 6.35654 10.2354 2.57313 3.78341 2.54294 3.46116 0.481326 0.0729998 3.09709 3.12254 36.6928 9.17389 9.07855 0.517793 6.22993 1.67812 0.438616 4.55181 0.383037 0.0306192
internal_count=80000 75605 2348 2092 1849 1795 73257 4395 1984 256 205 238 49 156 54 243 154 142 131 222 2411 213 73103 1779 23849 4634 572 19215 430 140
is_linear=0
shrinkage=0.05


Tree=136
num_leaves=31
num_cat=0
split_feature=4 0 2 7 2 10 5 5 5 5 4 4 1 5 5 5 7 0 0 2 2 2 0 7 0 5 11 5 0 2
split_gain=27.4165 8.5194 7.00496 6.85825 5.7825 5.80673 5.62787 4.70422 5.99867 14.0527 4.45517 3.80948 2.32615 1.59946 3.76341 2.52003 1.29469 1.3751 1.29145 0.539113 0.578406 0.440087 0.523004 0.398094 0.296625 0.234329 0.0492343 0.0430968 0.371752 0.0276943
threshold=5.5000000000000009 17757.770000000004 345.50000000000006 24.750000000000004 54.500000000000007 1.5000000000000002 0.95050000000000001 0.73850000000000005 0.77550000000000019 0.80950000000000022 4.5000000000000009 1.5000000000000002 22.500000000000004 0.88450000000000017 0.83350000000000002 0.84250000000000014 40.150000000000013 17757.770000000004 15105.005000000003 395.50000000000006 375.50000000000006 109.50000000000001 13729.490000000002 116.35000000000001 28815.715000000004 0.73850000000000005 1.5000000000000002 0.65450000000000019 15105.005000000003 375.50000000000006
decision_type=2 2 2 2 2 2 2 2 2 2 2 2 2 2 2 2 2 2 2 2 2 2 2 2 2 2 2 2 2 2
left_child=1 2 7 -3 -5 6 -6 10 12 -10 11 -1 -9 14 18 -16 27 21 -4 20 -15 -18 -23 25 -7 -19 -12 -2 -29 -27
right_child=16 3 13 4 5 24 -8 8 9 -11 26 -13 -14 19 15 -17 17 23 -20 -21 -22 22 -24 -25 -26 29 -28 28 -30 -31
leaf_value=-0.010464464606750887 0.050048768596737674 -0.078315127468284215 -0.045254918436641367 -0.055797515093096862 0.016646010042967087 -0.059532484821121501 -0.064018833728339705 0.027868330840440776 -0.087800330128085399 -0.00030010545934436284 0.028411759481013127 -0.089107677770433241 -0.095989933775805947 -0.068402965633821797 0.046166666838864424 -0.048038780310037554 -0.064017202249522023 0.014433553236794306 -0.10200017096980857 -0.050036033527510938 -0.12090519122908761 -0.050075647984899663 0.030073635071442062 -0.0024034972895130144 -0.10149482596011694 0.050092819024250473 0.051229576726448893 -0.050074324560678986 0.050239931112060876 0.037480863830133486
leaf_weight=2.5262524631216356 34.894326687790453 2.1452026975530307 3.3333738398869155 3.0731012686155728 111.33014741056832 0.98632176009414141 2.2051251788216168 16.661838681550766 5.1167060972202298 44.458476216080271 0.31895168807022833 3.9437727678468946 0.38790172552398772 1.2061315182827463 1.8141148396643987 1.1662789312958919 0.41455157644941099 0.61193127557635341 1.4340233554175936 1.264139430466457 0.92836207451728103 0.33405773394042626 0.52094511943869293 0.55487387668108556 0.73495549149811268 2.7841810807585721 0.91346476504259044 0.10374531863271741 0.84131890349090099 0.51593746803700913
leaf_count=620 2407 37 24264 37 1163 53 70 2415 2343 13041 169 2138 113 718 1550 7435 121 18 82 18864 456 1405 10 17 15 114 22 260 25 18
internal_value=0.00919731 0.00172065 -0.0103527 0.0102864 0.0118926 0.0136975 0.0150793 -0.00480961 -0.00053265 -0.00933109 -0.0418047 -0.0584011 0.0250504 -0.0473153 -0.0347708 0.00930247 0.0462334 0.0241793 -0.0623238 -0.0759127 -0.0912379 -0.0217398 -0.00124145 0.0372301 -0.0774497 0.0428516 0.0453243 0.0497634 0.0392278 0.0481211
internal_weight=247.525 205.949 85.4738 120.475 118.33 115.257 113.535 74.3274 66.6249 49.5752 7.70244 6.47003 17.0497 11.1464 7.74779 2.98039 41.5759 5.73648 4.7674 3.39863 2.13449 1.26955 0.855003 4.46692 1.72128 3.91205 1.23242 35.8394 0.945064 3.30012
internal_count=80000 75605 74230 1375 1338 1301 1233 20861 17912 15384 2949 2758 2528 53369 33331 8985 4395 1703 24346 20038 1174 1536 1415 167 68 150 191 2692 285 132
is_linear=0
shrinkage=0.05


Tree=137
num_leaves=31
num_cat=0
split_feature=4 0 7 0 7 11 7 2 4 3 11 4 7 7 7 7 0 0 2 7 2 0 7 0 2 2 0 7 10 6
split_gain=26.2506 8.30652 6.34837 6.27094 4.4443 4.21722 4.31675 4.03462 3.51354 5.73164 3.22546 3.11157 4.32339 2.26192 1.61692 1.28478 1.28866 1.01818 0.499277 0.488285 0.41454 0.491469 0.356837 0.132392 0.0927848 0.0346269 0.307606 0.0170198 0.00677946 0.00246143
threshold=5.5000000000000009 28815.715000000004 24.750000000000004 11883.435000000001 114.95000000000002 1.0000000180025095e-35 84.550000000000011 330.50000000000006 1.5000000000000002 2.5000000000000004 1.5000000000000002 2.5000000000000004 61.650000000000013 118.25000000000001 38.050000000000004 40.150000000000013 17757.770000000004 147.17500000000004 44.500000000000007 117.65000000000002 109.50000000000001 13729.490000000002 110.05000000000001 28815.715000000004 360.50000000000006 54.500000000000007 15105.005000000003 58.850000000000001 1.5000000000000002 2.5000000000000004
decision_type=2 2 2 2 2 2 2 2 2 2 2 2 2 2 2 2 2 2 2 2 2 2 2 2 2 2 2 2 2 2
left_child=1 3 -3 17 5 7 -7 -5 13 -10 11 12 -4 -6 -13 25 20 18 29 23 28 -22 24 -18 -12 -2 -27 -25 -17 -1
right_child=15 2 10 4 8 6 -8 -9 9 -11 22 14 -14 -15 -16 16 19 -19 -20 -21 21 -23 -24 27 -26 26 -28 -29 -30 -31
leaf_value=0.042542641195889824 0.050007754889810963 -0.080927515521830487 -0.033145923087193982 -0.0012897590329545199 -0.091593731747422497 0.0014223565110878615 0.032605637697422973 -0.02939150356853323 -0.098273405178308668 0.012813201786728061 0.050011301195234087 0.050452804269531963 0.016695462579072531 0.030215205270661863 0.019630160706552935 -0.056260093733178002 0.02719105985243267 -0.050019209051977633 -0.050037948150458658 -0.011192890371116837 -0.050071961653818192 0.029090976295150568 0.020273866673552878 0.040196259178434342 0.037056125980934829 -0.050068138530498421 0.050220248909894918 0.050077251885808138 -0.069327911224057806 0.050121120677050372
leaf_weight=0.2098978765134224 33.293798507686006 1.5691348694672331 6.5101972582633634 65.232669727643952 0.46226687765738406 33.931683245289605 16.492511145101162 15.882218549424577 3.5454076307287323 1.7266784345847552 8.4374917186796647 5.6813400359824326 13.118259588853105 2.1710436024113733 16.946500337988255 0.18545372310563724 1.0241764895617964 8.2180075716009906 0.19529741631413344 0.47424437169684086 0.31778835156364948 0.5118517845403403 1.3231901263934549 0.53902562521398101 1.6528009555768211 0.085632863132558579 0.71377930231392384 2.2758382149040699 0.21351930124001228 0.21886035054922104
leaf_count=37 2419 14 84 232 5 212 72 492 406 28 131 53 180 118 274 94 25 71829 1384 14 1405 10 22 24 25 249 24 104 27 7
internal_value=0.00890406 0.00165431 0.0182043 -0.00451082 -0.00192164 0.000266651 0.0116216 -0.00679205 -0.038333 -0.0618911 0.0211026 0.0147323 0.000164502 0.00883214 0.027369 0.0461314 0.0238035 -0.0453436 0.0162275 0.0366715 -0.0213725 -0.00123188 0.0446877 0.0425843 0.0478892 0.0497608 0.0394774 0.0481851 -0.0632536 0.0464111
internal_weight=243.161 203.525 55.2389 148.287 139.444 131.539 50.4242 81.1149 7.9054 5.27209 53.6698 42.2563 19.6285 2.63331 22.6278 39.6351 5.5419 8.84206 0.624056 4.31328 1.22861 0.82964 11.4135 3.83904 10.0903 34.0932 0.799412 2.81486 0.398973 0.428758
internal_count=80000 75605 783 74822 1565 1008 284 724 557 434 769 591 264 123 327 4395 1703 73257 1428 167 1536 1415 178 153 156 2692 273 128 121 44
is_linear=0
shrinkage=0.05


Tree=138
num_leaves=31
num_cat=0
split_feature=5 0 0 10 5 5 7 7 5 4 0 4 4 7 4 4 0 7 7 4 10 5 7 7 1 4 4 7 1 4
split_gain=25.2395 9.60408 7.6312 4.66201 4.34243 5.24354 2.97519 1.4008 1.48257 0.0913149 0.0545606 0.0170682 0.00695911 0.00278472 4.62322e-07 3.99263e-07 1.39507e-07 1.19731e-07 8.01091e-08 7.41111e-08 6.2504e-08 4.51716e-08 3.55946e-08 1.81111e-08 9.45047e-09 4.71121e-09 1.52396e-09 1.30407e-09 4.54537e-10 1.78712e-10
threshold=0.65450000000000019 11883.435000000001 43105.460000000014 1.5000000000000002 0.94950000000000012 0.91750000000000009 25.450000000000003 118.95000000000002 0.94550000000000012 4.5000000000000009 28815.715000000004 3.5000000000000004 3.5000000000000004 27.450000000000003 6.5000000000000009 4.5000000000000009 136.93000000000004 120.35000000000001 120.35000000000001 5.5000000000000009 1.5000000000000002 0.95050000000000001 16.450000000000003 55.350000000000001 2.5000000000000004 11.500000000000002 3.5000000000000004 21.150000000000002 16.500000000000004 12.500000000000002
decision_type=2 2 2 2 2 2 2 2 2 2 2 2 2 2 2 2 2 2 2 2 2 2 2 2 2 2 2 2 2 2
left_child=9 15 3 4 5 -3 -4 8 -8 24 11 -5 -6 14 -11 17 22 20 19 -18 21 -2 -17 -24 -1 27 28 -16 -26 -27
right_child=1 2 6 10 12 -7 7 -9 -10 13 -12 -13 -14 -15 25 16 18 -19 -20 -21 -22 -23 23 -25 26 29 -28 -29 -30 -31
leaf_value=-0.050103400754994476 -0.050022331875732629 -0.00095341196119824462 -0.058357886407817874 -0.057662837833867067 -0.057082636212847482 0.02405506757875266 0.037687766071284809 -0.029242712440811808 -0.019326376514122445 0.050088962270008544 -0.079191428061212696 -0.067059751404322493 -0.063173647498468641 0.04532414567515583 0.050046161393681989 -0.050260789021231038 -0.050038338866860099 -0.050002560655541983 -0.050002542856588478 -0.050066057889011598 -0.050002508818008565 -0.050003436567822281 -0.050055635118914914 -0.0501420041087733 -0.050007104987827136 0.050045007693166589 -0.050050391867723379 0.050049974444752357 -0.05002701599994052 0.050043907509677667
leaf_weight=0.0056138018626360467 5.2507019789009046 142.29606906920526 0.93007754872087645 1.6268275449438077 2.3846441979367223 24.580635992031603 23.38544161757455 0.88148273655678977 1.1986654803622503 0.58368702791631832 0.46689224350848224 0.68742812253185537 0.58372667421645008 0.3155061292272866 0.9563159337267304 0.0053504212773985973 0.59440676619487909 1.2249094057660839 0.099508570214311365 0.40573926940851379 0.48655612539914717 0.33657385820697516 0.0078855433348508086 0.026359109429904493 0.0050125340603699442 0.37380415946245449 0.0055036846824805244 0.29291095957159996 0.0066942863450094592 29.464632316492498
leaf_count=22 28228 1331 7 140 170 196 584 21 14 28 13 37 44 31 70 2 2609 24987 2082 1125 10135 5621 20 69 56 28 16 20 39 2255
internal_value=0.00860209 0.00222593 0.00444106 0.000612561 0.00166401 0.00273029 0.0294793 0.0326873 0.0349079 0.049927 -0.0635997 -0.0604541 -0.0582804 0.0499983 0.0500449 -0.0500211 -0.0500486 -0.0500168 -0.0500453 -0.0500496 -0.0500197 -0.0500212 -0.0501409 -0.0501221 -0.0500471 0.050044 -0.0500287 0.0500471 -0.0500185 0.0500439
internal_weight=239.47 207.46 199.022 172.626 169.845 166.877 26.3957 25.4656 24.5841 32.0097 2.78115 2.31426 2.96837 31.9869 31.6714 8.43799 1.13925 7.29874 1.09965 1.00015 6.07383 5.58728 0.0395951 0.0342447 0.0228243 31.0877 0.0172105 1.24923 0.0117068 29.8384
internal_count=80000 77435 2557 1931 1741 1527 626 619 598 2565 190 177 214 2432 2401 74878 5907 68971 5816 3734 43984 33849 91 89 133 2373 111 90 95 2283
is_linear=0
shrinkage=0.05


Tree=139
num_leaves=31
num_cat=0
split_feature=5 12 6 7 7 8 5 7 7 5 5 11 4 4 2 3 5 5 5 2 2 3 11 2 7 2 4 5 3 3
split_gain=24.2296 7.20351 7.29791 7.02006 6.85317 6.93332 0.804506 3.21175 30.8998 0.762037 2.16484 0.282159 0.196043 0.0868495 0.0764767 0.0404228 0.0389464 0.0360175 0.0338879 0.0119911 0.0085858 0.00749116 0.00532399 0.00384965 0.00317443 0.00197839 3.97882e-07 1.21707e-07 1.41108e-08 1.28612e-08
threshold=0.65450000000000019 1.0000000180025095e-35 1.5000000000000002 120.35000000000001 24.750000000000004 1.0000000180025095e-35 0.75750000000000017 84.550000000000011 83.850000000000009 0.93350000000000011 0.93450000000000022 2.5000000000000004 1.5000000000000002 4.5000000000000009 119.50000000000001 2.5000000000000004 0.75550000000000017 0.89550000000000007 0.87350000000000005 290.50000000000006 74.500000000000014 2.5000000000000004 1.5000000000000002 224.50000000000003 27.450000000000003 401.50000000000006 6.5000000000000009 0.9425 2.5000000000000004 2.5000000000000004
decision_type=2 2 2 2 2 2 2 2 2 2 2 2 2 2 2 2 2 2 2 2 2 2 2 2 2 2 2 2 2 2
left_child=13 2 3 4 18 -6 7 8 -4 11 -11 12 17 28 15 -8 -9 -3 -2 -12 -14 25 -23 -16 26 -5 -15 -21 -1 -28
right_child=1 9 6 21 5 -7 14 16 -10 10 19 -13 20 24 23 -17 -18 -19 -20 27 -22 22 -24 -25 -26 -27 29 -29 -30 -31
leaf_value=-0.050026512755501365 -0.063592658648534306 -0.050024397582753788 -0.051592560163231674 -0.052607205208753338 0.0074293313604388723 -0.11638486620934461 -0.067358497682369428 -0.063183362580615604 -1.9395042413634997 -0.32676947025119185 -0.083837834121380989 -0.12864887433807279 -0.064677354395379999 0.050084619420494039 -0.060354690914377798 -0.093954521938961477 -0.088910953212300289 -0.11127047998521761 -0.074159715002665869 -0.050247895560946311 -0.05375923045953919 -0.054907690515269107 -0.064721151892351267 -0.052737142736419489 0.044898344543635907 -0.050017723373102757 0.050051417226099661 -0.050028571421022898 -0.050133749668359567 0.050041784756470455
leaf_weight=0.018014925914033308 1.816062879287528 0.026500943617064676 0.15643069402540222 3.7031853631974618 192.22868759373341 1.1373712424565372 0.32696033382853762 0.36243596003077982 0.025159591968986206 0.12982447063404823 0.25498764882831892 0.24542507637488586 0.26358479639020516 0.55526719242334976 0.23802639081532107 0.25374100138833455 0.24758334629586898 0.2548426783796458 1.3031297704728784 0.0092204393204156077 0.5682583727666497 0.47995696008365474 0.19410101825360471 0.54701158168973052 0.30289430978518694 0.92107079674497061 0.35069392621517437 0.02014503784266708 0.0036971965892007566 29.222044817171991
leaf_count=130 2354 289 426 7653 40156 815 348 590 8 9 118 76 78 28 380 28 17 56 1666 51 1340 1360 172 3382 31 15727 23 336 3 2350
internal_value=0.0082952 0.00213329 0.00300563 0.00398362 0.00551507 0.00670106 -0.0884688 -0.128574 -0.313165 -0.0982205 -0.157593 -0.0801207 -0.0694216 0.0499202 -0.0652229 -0.0789798 -0.0736252 -0.105501 -0.0680073 -0.0803534 -0.0572188 -0.0528092 -0.0577336 -0.0550468 0.0499915 -0.0520914 0.0500427 -0.0500974 -0.0500448 0.0500419
internal_weight=236.166 205.714 203.941 201.784 196.485 193.366 2.15735 0.79161 0.18159 1.77279 0.414178 1.35861 1.11319 30.4526 1.36574 0.580701 0.610019 0.281344 3.11919 0.284353 0.831843 5.29831 0.674058 0.785038 30.4309 4.62426 30.128 0.0293655 0.0217121 29.5727
internal_count=80000 77435 75082 69903 44991 40971 5179 1041 434 2353 514 1839 1763 2565 4138 376 607 345 4020 505 1418 24912 1532 3762 2432 23380 2401 387 133 2373
is_linear=0
shrinkage=0.05


Tree=140
num_leaves=31
num_cat=0
split_feature=3 0 2 5 10 0 4 5 5 5 5 2 2 2 4 0 0 1 3 1 2 2 3 1 4 0 2 0 5 1
split_gain=23.4496 7.2816 7.38424 4.93922 4.70108 4.71708 4.09239 4.06538 13.365 6.02619 5.80621 5.80547 4.43489 3.83461 3.176 2.27865 2.13547 1.95442 2.31948 1.82325 16.9118 2.19793 1.73704 1.59063 0.657282 0.554045 0.382869 0.301822 0.179019 0.0990096
threshold=2.5000000000000004 17757.770000000004 345.50000000000006 0.71250000000000002 1.5000000000000002 63032.060000000005 4.5000000000000009 0.85250000000000015 0.77550000000000019 0.93450000000000022 0.73050000000000004 265.50000000000006 224.50000000000003 129.50000000000003 2.5000000000000004 43105.460000000014 12761.115000000002 19.500000000000004 1.5000000000000002 20.500000000000004 305.50000000000006 119.50000000000001 1.5000000000000002 16.500000000000004 3.5000000000000004 11883.435000000001 370.50000000000006 28815.715000000004 0.94650000000000001 13.500000000000002
decision_type=2 2 2 2 2 2 2 2 2 2 2 2 2 2 2 2 2 2 2 2 2 2 2 2 2 2 2 2 2 2
left_child=1 2 7 -2 5 6 13 8 10 12 -1 -10 -9 -3 -5 19 17 25 -19 21 -21 -16 24 -8 -18 -4 -7 -6 -11 -24
right_child=3 4 16 14 27 26 23 9 11 28 -12 -13 -14 -15 15 -17 22 18 -20 20 -22 -23 29 -25 -26 -27 -28 -29 -30 -31
leaf_value=-0.039508778563097278 0.04977829682747368 -0.019892873132898791 -0.050006777594000643 0.050489250297115235 -0.057889863204917374 0.049236802578091515 0.043741593274169342 -0.010653148574038672 -0.041307814521234151 -0.082655044693888458 0.019166946327662211 -0.12129556713810077 0.028289220207736832 0.0072527216490437269 -0.015153557327973789 0.049948002160939357 -0.067174001043212958 -0.072017212044651238 0.042009310007932406 0.020636612490068915 -0.44982313325414086 0.022242951364282448 -0.14226457320216615 0.005172858602723757 0.019033637984061401 -0.11561593569471394 0.017468600734941785 -0.10109797291832101 -0.055056992981471521 -0.11069099834925773
leaf_weight=5.7155565027178481 29.444314183998358 16.582913775695488 2.3565065149277857 6.8898423667997148 1.0107904278702324 7.2382329935207945 8.83512319109286 12.733698509448915 8.477725084593656 1.3597841483315272 16.071429499519581 3.0972009306219652 17.167975439133443 60.373850623713224 5.9260105234007012 3.3159358594566575 3.166649293238152 0.65504521047023456 1.3973843632670651 1.3316878251534934 0.22301250530108507 11.659818605600774 0.78484171254240187 3.8329817297053514 0.23770316117224854 0.3726650824646639 1.0914417668245731 0.67344565832172509 1.0347387346455432 0.36319957672822056
leaf_count=2321 2659 116 42371 97 56 180 142 3405 3880 794 2970 1228 1938 618 381 127 308 5908 2430 142 437 3607 75 49 37 128 27 13 3503 53
internal_value=0.00799662 -0.00119857 -0.0129673 0.0353099 0.00765904 0.00908315 0.00573817 -0.00705161 -0.0192929 0.0055936 0.00377407 -0.0627108 0.0117055 0.00140329 0.0207931 0.0116821 -0.0545799 -0.0312445 0.00561706 0.00505284 -0.046848 0.00964121 -0.0790903 0.0320719 -0.0611547 -0.0589656 0.0450742 -0.0751667 -0.0707292 -0.132276
internal_weight=233.422 174.631 74.9921 58.7906 99.6388 97.9545 89.6249 65.6581 33.3619 32.2962 21.787 11.5749 29.9017 76.9568 29.3463 22.4565 9.33399 4.7816 2.05243 19.1405 1.5547 17.5858 4.55239 12.6681 3.40435 2.72917 8.32967 1.68424 2.39452 1.14804
internal_count=80000 72550 71349 7450 1201 1132 925 20039 10399 9640 5291 5108 5343 734 4791 4694 51310 50837 8338 4567 579 3988 473 191 345 42499 207 69 4297 128
is_linear=0
shrinkage=0.05


Tree=141
num_leaves=31
num_cat=0
split_feature=5 0 0 2 10 5 4 0 1 5 1 2 5 4 0 2 11 2 4 3 0 3 4 10 3 10 4 2 3 4
split_gain=22.3477 8.68633 6.84474 4.64008 4.19718 4.11643 2.1896 2.11073 4.02802 1.29254 1.01468 0.405087 0.0874366 0.0804834 0.0402433 0.00183399 0.00219633 4.15196e-07 3.3969e-07 1.69978e-07 1.23616e-07 1.12621e-07 6.01931e-08 3.03081e-08 1.44548e-08 1.05078e-08 3.5747e-09 2.50871e-09 8.46745e-10 1.53157e-10
threshold=0.65450000000000019 11883.435000000001 43105.460000000014 49.500000000000007 1.5000000000000002 0.94950000000000012 2.5000000000000004 63032.060000000005 13.500000000000002 0.93750000000000011 20.500000000000004 385.50000000000006 0.88550000000000006 4.5000000000000009 28815.715000000004 34.500000000000007 1.5000000000000002 401.50000000000006 4.5000000000000009 2.5000000000000004 136.93000000000004 2.5000000000000004 5.5000000000000009 1.5000000000000002 2.5000000000000004 1.5000000000000002 7.5000000000000009 39.500000000000007 1.5000000000000002 9.5000000000000018
decision_type=2 2 2 2 2 2 2 2 2 2 2 2 2 2 2 2 2 2 2 2 2 2 2 2 2 2 2 2 2 2
left_child=13 17 3 12 5 -5 7 8 -4 11 -9 -8 -3 24 -6 19 -17 18 21 -15 -20 23 -22 -2 27 -23 -21 -1 -29 -28
right_child=1 2 6 4 14 -7 9 10 -10 -11 -12 -13 -14 15 -16 16 -18 -19 20 26 22 25 -24 -25 -26 -27 29 28 -30 -31
leaf_value=-0.050082745659538568 -0.050021075894165358 -0.059738692314730106 -0.046521009073108639 0.0034719934184085123 -0.059733000848847972 -0.058135325409015573 0.047361863039682234 0.050052380134977717 0.033296653847801699 -0.0273627178011383 -0.011556935220155939 0.01556345426028871 -0.078992311608423932 0.050068524145622323 -0.076554060088918685 0.043650824666330745 0.050063960875941477 -0.05000231204371134 -0.050151386737224926 0.050043667398086245 -0.05004149397490374 -0.050049915868559773 -0.050068810287597076 -0.050002499636355238 -0.050133700105552008 -0.050003828921284146 0.050038824152325238 -0.050006759675731184 -0.050030785146368606 0.050037798984009833
leaf_weight=0.0016494559822629587 3.9924474512540646 1.5704055902024259 3.1895721941255051 161.91737923509936 2.090395566552615 2.7575931931114601 12.396490618586535 3.5111708485055715 3.1334976999205537 0.65058986929943863 0.82541990093886841 1.0895951613783843 0.94420884045393894 0.46008180640638485 0.4284499299537855 0.24917324789203021 0.287597238086164 2.2558637990759962 0.033055629606678738 0.26338356547057884 0.48755481660555233 0.37003376231768914 0.34393465444190952 0.23235379643756449 0.0036958896816940969 0.012795587465916469 0.36951464693993585 0.008029514709051 0.0067504541329981302 25.978746525943279
leaf_count=1 16599 38 55 1478 169 208 364 93 52 20 15 27 25 26 13 25 19 50457 28 21 1303 692 563 5028 3 208 32 100 29 2309
internal_value=0.00772885 0.00196641 0.00403194 0.000446637 0.00146056 0.00244034 0.0285701 0.0114597 -0.0069661 0.041472 0.0383258 0.0447927 -0.0669682 0.0499081 -0.0625942 0.049981 0.0470869 -0.0500204 -0.0500278 0.0500384 -0.0500566 -0.0500224 -0.0500528 -0.0500201 -0.0500444 -0.0500484 0.0500379 -0.0500243 -0.0500177 0.0500378
internal_weight=229.861 202.233 194.505 169.708 167.194 164.675 24.7963 10.6597 6.32307 14.1367 4.33659 13.4861 2.51461 27.6286 2.51885 27.6085 0.53677 7.72804 5.47218 27.0717 0.864545 4.60763 0.831489 4.2248 0.0201253 0.382829 26.6116 0.0164294 0.01478 26.3483
internal_count=80000 77435 2557 1931 1868 1686 626 215 107 411 108 391 63 2565 182 2432 44 74878 24421 2388 1894 22527 1866 21627 133 900 2362 130 129 2341
is_linear=0
shrinkage=0.05


Tree=142
num_leaves=31
num_cat=0
split_feature=5 0 12 0 7 3 7 7 1 4 3 7 3 4 0 3 7 4 3 10 7 7 7 3 10 4 4 3 7 4
split_gain=21.4305 8.22343 6.72329 6.54874 3.96613 4.05096 2.56909 1.36644 0.595654 0.0765466 0.00859264 0.00402603 3.68824e-07 2.92932e-07 1.03013e-07 9.69392e-08 6.21834e-08 5.64518e-08 3.52582e-08 3.34153e-08 2.82388e-08 2.35645e-08 2.33608e-08 1.24396e-08 1.15289e-08 5.94771e-09 1.98161e-09 1.6559e-09 9.30143e-11 7.7975e-11
threshold=0.65450000000000019 11883.435000000001 1.0000000180025095e-35 43105.460000000014 120.35000000000001 1.5000000000000002 25.450000000000003 118.95000000000002 13.500000000000002 4.5000000000000009 2.5000000000000004 27.450000000000003 2.5000000000000004 4.5000000000000009 136.93000000000004 2.5000000000000004 120.35000000000001 5.5000000000000009 2.5000000000000004 1.5000000000000002 120.35000000000001 118.25000000000001 120.35000000000001 2.5000000000000004 1.5000000000000002 7.5000000000000009 5.5000000000000009 1.5000000000000002 120.35000000000001 9.5000000000000018
decision_type=2 2 2 2 2 2 2 2 2 2 2 2 2 2 2 2 2 2 2 2 2 2 2 2 2 2 2 2 2 2
left_child=9 13 3 4 5 -3 -5 -8 -4 23 -6 12 -11 15 18 16 19 22 26 -2 -19 24 -16 27 -17 -14 -15 -1 -23 -27
right_child=1 2 8 6 10 -7 7 -9 -10 11 -12 -13 25 14 17 21 -18 20 -20 -21 -22 28 -24 -25 -26 29 -28 -29 -30 -31
leaf_value=-0.050006430535285119 -0.050017199729547226 -0.0046212879455292538 -0.059171353774729131 -0.053796232750019927 -0.051670271900671541 0.011195764524720632 0.034861090573635366 -0.029957146171074235 -0.12313089954959643 0.05007609217450612 -0.058378590906050735 0.043938921415660526 0.050042710531841589 -0.050033162819529013 -0.050035020173057144 -0.05004339194196137 -0.050002131914611447 -0.050059706982983537 -0.050160338108700353 -0.050002163059742311 -0.050001965200841894 -0.050010400559197338 -0.050002212852369478 -0.05012716702421896 -0.050002939334038404 0.050036742888828957 -0.05007768726380242 -0.050038989376921132 -0.050002068837491045 0.050035953736610919
leaf_weight=0.0076379597685470859 4.5224025898837672 92.349837851044867 0.57781285579403519 0.8966875618207294 2.7485914005228547 72.073044627517447 22.090048727812249 0.84415753418579598 0.98381469774176367 0.58844159822911635 0.57767874590354029 0.2735164094628989 0.33096864540130155 0.0062725719653824452 0.52719113049352018 0.38678416839866248 0.97185389166133962 0.360450559450328 0.025024442902576993 0.40234345657336223 0.022495637404063018 0.0036584206263796651 0.060486193024189561 0.0035160856641596175 0.01845341150465174 0.31702146027237432 0.0041538527329976205 0.0079905529928510077 0.039710519188702165 24.75594584364444
leaf_count=100 32471 768 29 7 516 573 596 21 22 32 25 31 27 41 2609 1349 23953 1125 34 9753 619 38 1463 3 373 29 16 30 1034 2313
internal_value=0.00745026 0.00188493 0.00386049 0.00470273 0.00121844 0.00231195 0.0292291 0.0324753 -0.0994654 0.0499006 -0.0528353 0.0499735 0.050037 -0.0500194 -0.0500444 -0.0500154 -0.0500137 -0.0500414 -0.0501282 -0.050016 -0.0500563 -0.0500378 -0.0500316 -0.0500422 -0.0500415 0.0500361 -0.0500509 -0.0500231 -0.0500028 0.050036
internal_weight=226.778 200.493 193.142 191.58 167.749 164.423 23.8309 22.9342 1.56163 26.285 3.32627 26.2659 25.9924 7.35128 1.00607 6.34521 5.8966 0.970624 0.0354509 4.92475 0.382946 0.448607 0.587677 0.0191446 0.405238 25.4039 0.0104264 0.0156285 0.0433689 25.073
internal_count=80000 77435 2557 2506 1882 1341 624 617 51 2565 541 2432 2401 74878 5907 68971 66177 5816 91 42224 1744 2794 4072 133 1722 2369 57 130 1072 2342
is_linear=0
shrinkage=0.05


Tree=143
num_leaves=31
num_cat=0
split_feature=5 0 6 0 2 7 7 3 2 5 4 7 2 0 3 2 4 0 3 4 7 7 3 4 2 3 4 7 10 2
split_gain=20.5456 7.78641 6.06609 6.60419 4.44916 3.94806 2.42548 2.02627 0.394884 0.0741706 0.0728016 0.00456501 0.00363303 0.00127707 3.17395e-07 3.07566e-07 2.5165e-07 9.15467e-08 8.34243e-08 4.45874e-08 3.89445e-08 1.08022e-08 1.07058e-08 5.11388e-09 1.85824e-09 6.27305e-10 6.66311e-11 4.07119e-11 2.0778e-11 1.53131e-11
threshold=0.65450000000000019 11883.435000000001 1.5000000000000002 43105.460000000014 49.500000000000007 120.35000000000001 25.450000000000003 1.5000000000000002 219.50000000000003 0.88550000000000006 4.5000000000000009 27.450000000000003 280.50000000000006 17757.770000000004 2.5000000000000004 401.50000000000006 4.5000000000000009 136.93000000000004 2.5000000000000004 5.5000000000000009 120.35000000000001 118.25000000000001 2.5000000000000004 7.5000000000000009 39.500000000000007 1.5000000000000002 9.5000000000000018 120.35000000000001 1.5000000000000002 315.50000000000006
decision_type=2 2 2 2 2 2 2 2 2 2 2 2 2 2 2 2 2 2 2 2 2 2 2 2 2 2 2 2 2 2
left_child=10 15 3 4 9 -6 -5 -8 -4 -3 22 14 -10 -14 -12 16 18 -18 20 -19 -2 -20 24 -16 -1 29 -25 28 -17 -26
right_child=1 2 8 6 5 -7 7 -9 12 -11 11 -13 13 -15 23 27 17 19 21 -21 -22 -23 -24 26 25 -27 -28 -29 -30 -31
leaf_value=-0.050074862376559053 -0.050019767617479872 -0.059443763373526942 -0.10606452626410877 -0.051030164871184058 0.0031630384951329086 -0.052703125482921609 0.01596121964008132 0.04627421294265871 -0.063269097707343347 -0.077511575722764736 0.050072378450894156 0.043415747638663432 -0.057068371401009371 -0.051852707851031424 0.050040626016988388 -0.050002336951632524 -0.05013695136089874 -0.050037544345990337 -0.050045727941554902 -0.050062258443204492 -0.050002447577818854 -0.050003974121745023 -0.050120954609163715 0.050034950227934208 -0.05000820311110369 -0.050027855640968948 0.050034202278590602 -0.050001761375924797 -0.050001848954355367 -0.050003591307033718
leaf_weight=0.0014927777228902492 3.464816228668496 1.5048508919717272 1.1346482448716404 0.8979919789708245 161.21586265458609 3.2257468547977615 9.9359498943667877 12.384137228829784 0.16574031114578236 0.91241173666639941 0.55978342704475537 0.26323407710515212 0.25471240182014299 0.21765142025833484 0.31483989953995006 1.1321220784629988 0.02991867948003335 0.44119451259757625 0.33017854704121408 0.31124688995987526 0.35809899434752868 0.016252749129307631 0.003345008328324183 0.30157067533582704 0.0039781732848496176 0.0061083530199539382 23.549388136714697 0.63887126489771606 0.2701834457507174 0.0032873231848498108
leaf_count=1 13831 38 11 7 1275 513 198 419 1 24 32 31 37 34 27 24787 28 1303 559 563 7796 341 3 29 25 29 2313 18269 7401 75
internal_value=0.00717812 0.00180622 0.00369522 0.00455384 0.00107725 0.00206715 0.0295387 0.0327802 -0.0883677 -0.0662636 0.0498926 0.0499654 -0.0568999 -0.0546651 0.0500352 -0.0500184 -0.0500252 -0.0500512 -0.0500203 -0.0500478 -0.0500181 -0.0500438 -0.0500401 0.0500343 -0.050022 -0.050016 0.0500342 -0.0500021 -0.0500022 -0.0500061
internal_weight=223.85 198.843 191.85 190.077 166.859 164.442 23.2181 22.3201 1.77275 2.41726 25.007 24.9888 0.638104 0.472364 24.7256 6.99288 4.95171 0.78236 4.16935 0.752441 3.82292 0.346431 0.0182116 24.1658 0.0148666 0.0133738 23.851 2.04118 1.40231 0.0072655
internal_count=80000 77435 2557 2474 1850 1788 624 617 83 62 2565 2432 72 71 2401 74878 24421 1894 22527 1866 21627 900 133 2369 130 129 2342 50457 32188 100
is_linear=0
shrinkage=0.05


Tree=144
num_leaves=31
num_cat=0
split_feature=5 0 0 6 3 4 4 7 5 1 4 1 7 7 7 3 4 0 3 7 4 3 10 7 7 7 3 10 4 4
split_gain=19.6925 7.37348 5.74985 5.39568 5.5606 6.90477 4.55715 0.940674 0.758196 0.367474 0.0692392 0.0305101 0.00621027 0.00516571 4.80896e-06 2.73189e-07 2.17015e-07 7.62971e-08 7.18118e-08 4.60647e-08 4.18194e-08 2.61078e-08 2.47537e-08 2.09177e-08 1.74554e-08 1.73058e-08 9.2129e-09 8.53997e-09 4.40226e-09 1.46789e-09
threshold=0.65450000000000019 11883.435000000001 63032.060000000005 1.5000000000000002 1.5000000000000002 1.5000000000000002 4.5000000000000009 105.35000000000001 0.84350000000000003 12.500000000000002 4.5000000000000009 22.500000000000004 91.450000000000017 27.450000000000003 27.450000000000003 2.5000000000000004 4.5000000000000009 136.93000000000004 2.5000000000000004 120.35000000000001 5.5000000000000009 2.5000000000000004 1.5000000000000002 120.35000000000001 118.25000000000001 120.35000000000001 2.5000000000000004 1.5000000000000002 7.5000000000000009 5.5000000000000009
decision_type=2 2 2 2 2 2 2 2 2 2 2 2 2 2 2 2 2 2 2 2 2 2 2 2 2 2 2 2 2 2
left_child=10 16 3 4 6 -6 -3 11 -9 12 26 14 -5 15 -4 -12 18 21 19 22 25 29 -2 -22 27 -19 -1 -20 -17 -18
right_child=1 2 7 9 5 -7 -8 8 -10 -11 13 -13 -14 -15 -16 28 17 20 24 -21 23 -23 -24 -25 -26 -27 -28 -29 -30 -31
leaf_value=-0.050020880390661097 -0.05001556259402256 -0.0091429029960813837 0.050248694763153356 -0.061802101660254675 0.051097218337941799 0.0066493272650417767 0.02561680594885965 -0.018033066972121863 0.042104789005322357 -0.11339995287347489 0.050068845881391766 0.039285774229879084 -0.06991069734810712 0.042858566483998779 0.050111300258794615 0.050038643335992186 -0.05003000351012591 -0.050031686903823369 -0.050039260704839175 -0.050001929038507725 -0.050054022903566343 -0.050145047249055753 -0.050001957134234123 -0.050001778398216006 -0.050002507973871652 -0.050002001820334409 -0.050115042026758864 -0.050002659341369174 0.050032541514372024 -0.050070287988191423
leaf_weight=0.014141868381559841 4.0921720064829961 89.387929176678881 0.70961608737706949 0.39347343717235961 10.000498421490191 69.183308985528129 10.541314818998215 1.0742523591034117 1.0234328740043563 0.73481838865700411 0.5325190881267251 0.71634366922080506 0.59052388061536476 0.25357021017771231 6.2127146078273654 0.2994965454563524 0.0056756318153928786 0.47705402796054841 0.35000529517674284 0.87937323800679212 0.32618573153285979 0.022650306298601208 0.3640544718118689 0.020354515907456516 0.039242040898898267 0.054729621190745092 0.0031822361706872462 0.016697097477845091 22.688472072593868 0.0037589590028801467
leaf_count=130 32471 1093 13 17 89 858 121 23 31 37 32 18 29 31 228 27 41 2609 1349 23953 1125 34 9753 619 1072 1463 3 373 2342 16
internal_value=0.00691278 0.00172899 0.00353525 0.00151998 0.00236605 0.0122629 -0.00547618 0.0409646 0.0113074 -0.0866467 0.0498841 0.0491089 -0.0666683 0.0499569 0.0501254 0.0500334 -0.0500175 -0.0500402 -0.0500139 -0.0500124 -0.0500374 -0.0501159 -0.0500145 -0.050051 -0.0500342 -0.0500286 -0.0500382 -0.0500376 0.0500326 -0.0500461
internal_weight=221.012 197.22 190.568 180.832 179.113 79.1838 99.9292 9.73636 2.09769 1.71882 23.7914 7.63867 0.983997 23.7741 6.92233 23.5205 6.65195 0.910409 5.74154 5.3356 0.878324 0.0320849 4.45623 0.34654 0.405944 0.531784 0.0173241 0.366702 22.988 0.00943459
internal_count=80000 77435 2557 2244 2161 947 1214 313 54 83 2565 259 46 2432 241 2401 74878 5907 68971 66177 5816 91 42224 1744 2794 4072 133 1722 2369 57
is_linear=0
shrinkage=0.05


Tree=145
num_leaves=31
num_cat=0
split_feature=5 0 12 7 0 7 7 1 4 0 11 7 3 4 0 3 7 4 3 10 7 7 7 3 10 4 4 3 7 4
split_gain=18.8684 6.98439 6.12055 5.61267 6.41548 3.98857 1.31486 0.35132 0.0658504 0.0432409 0.0242732 0.00583303 2.35153e-07 1.86788e-07 6.56624e-08 6.18066e-08 3.96475e-08 3.59937e-08 2.2466e-08 2.13059e-08 1.80031e-08 1.50235e-08 1.48946e-08 7.92854e-09 7.35015e-09 3.79097e-09 1.26321e-09 1.05584e-09 5.93198e-11 4.95817e-11
threshold=0.65450000000000019 11883.435000000001 1.0000000180025095e-35 24.750000000000004 43105.460000000014 28.150000000000002 118.95000000000002 17.500000000000004 4.5000000000000009 28815.715000000004 1.0000000180025095e-35 27.450000000000003 2.5000000000000004 4.5000000000000009 136.93000000000004 2.5000000000000004 120.35000000000001 5.5000000000000009 2.5000000000000004 1.5000000000000002 120.35000000000001 118.25000000000001 120.35000000000001 2.5000000000000004 1.5000000000000002 7.5000000000000009 5.5000000000000009 1.5000000000000002 120.35000000000001 9.5000000000000018
decision_type=2 2 2 2 2 2 2 2 2 2 2 2 2 2 2 2 2 2 2 2 2 2 2 2 2 2 2 2 2 2
left_child=8 13 3 9 5 -5 -6 -4 23 10 -3 12 -10 15 18 16 19 22 26 -2 -19 24 -16 27 -17 -14 -15 -1 -23 -27
right_child=1 2 7 4 6 -7 -8 -9 11 -11 -12 -13 25 14 17 21 -18 20 -20 -21 -22 28 -24 -25 -26 29 -28 -29 -30 -31
leaf_value=-0.050005534467807769 -0.050014803671936149 -0.054960796427127472 -0.074174983488315457 0.032045442852728701 0.033545962755378106 -0.00014015729396112545 -0.030372751755498445 -0.12221331401512037 0.050065485596433174 -0.07381467027338405 -0.069517777385009569 0.042266815192350371 0.050036757280097689 -0.050028541518334128 -0.050030141346306616 -0.050037345084932627 -0.05000183517630033 -0.05005138734974534 -0.050137959012767665 -0.050001861718085128 -0.050001692168129677 -0.050008952317191019 -0.050001904668148647 -0.050109421848932516 -0.050002529498233507 0.050031621383062844 -0.050066856981913467 -0.050033557185436672 -0.050001780595347961 0.050030943113704707
leaf_weight=0.0065740686968663864 3.8926519894403091 0.69460264073313671 0.83490213279583148 10.268638810943228 20.476620565867055 153.74750921484701 0.83747496060095628 0.69944852890330367 0.50658096559346333 1.4664876758470198 0.48724975548975635 0.24449621717212622 0.28490039333701389 0.0053989819243723813 0.45380149440461537 0.33294775973081403 0.83648723341320863 0.31029339300130232 0.021548607275690301 0.34629997053889372 0.019361847140316968 0.003148963025523698 0.052060524915759743 0.0030273676165961652 0.015882810625953425 0.27289031911641615 0.0035758712583628949 0.0068783595397690078 0.034179309807768732 21.309720207005739
leaf_count=100 32471 50 36 46 598 1764 21 15 32 14 13 31 27 41 2609 1349 23953 1125 34 9753 619 38 1463 3 373 29 16 30 1034 2313
internal_value=0.00665391 0.00165845 0.00338382 0.00419563 0.00522843 0.0018749 0.0310345 -0.0960737 0.0498751 -0.0680791 -0.0609623 0.0499479 0.0500318 -0.0500167 -0.0500382 -0.0500133 -0.0500118 -0.0500356 -0.0501103 -0.0500137 -0.0500485 -0.0500325 -0.0500272 -0.0500363 -0.0500358 0.050031 -0.0500438 -0.0500199 -0.0500024 0.050031
internal_weight=218.476 195.841 189.513 187.979 185.33 164.016 21.3141 1.53435 22.6351 2.64834 1.18185 22.6186 22.3741 6.32764 0.866041 5.4616 5.07544 0.835517 0.0305235 4.23895 0.329655 0.386159 0.505862 0.0164798 0.348831 21.8675 0.00897485 0.0134524 0.0373283 21.5826
internal_count=80000 77435 2557 2506 2429 1810 619 51 2565 77 63 2432 2401 74878 5907 68971 66177 5816 91 42224 1744 2794 4072 133 1722 2369 57 130 1072 2342
is_linear=0
shrinkage=0.05


Tree=146
num_leaves=31
num_cat=0
split_feature=3 2 2 4 0 0 0 0 5 5 5 7 2 2 5 5 5 2 7 4 0 0 7 7 7 7 7 2 4 7
split_gain=18.1176 5.6806 7.77247 12.7821 7.8599 11.1834 7.32996 6.44287 5.482 11.8227 6.7082 6.28693 5.21545 7.24351 7.43439 6.98862 4.40876 3.95025 3.53234 3.02548 2.9624 2.53629 2.32576 2.77139 2.20972 9.59895 7.88036 5.89188 2.11845 1.95383
threshold=2.5000000000000004 340.50000000000006 365.50000000000006 4.5000000000000009 43105.460000000014 17757.770000000004 21807.355000000003 17757.770000000004 0.88850000000000018 0.88550000000000006 0.93450000000000022 28.850000000000005 135.50000000000003 99.500000000000014 0.86650000000000016 0.82450000000000012 0.71250000000000002 401.50000000000006 49.150000000000013 2.5000000000000004 21807.355000000003 17757.770000000004 112.25000000000001 41.550000000000004 41.550000000000004 38.050000000000004 39.45000000000001 54.500000000000007 2.5000000000000004 83.250000000000014
decision_type=2 2 2 2 2 2 2 2 2 2 2 2 2 2 2 2 2 2 2 2 2 2 2 2 2 2 2 2 2 2
left_child=1 6 3 4 5 -3 8 -4 9 11 18 -1 13 14 -8 -15 -2 20 -10 -18 -9 -11 23 -14 25 27 -27 -21 -24 -26
right_child=16 2 7 -5 -6 -7 12 17 10 21 -12 -13 22 15 -16 -17 19 -19 -20 24 -22 -23 28 -25 29 26 -28 -29 -30 -31
leaf_value=0.03061778372681653 0.049720187472779377 -0.072781457597551738 -0.049231095110404501 0.052203242120813044 0.021009772269302326 -0.24486388142009138 0.033605510847256145 0.045424667519517806 -0.052160048645182325 -0.20495905221544983 -0.056679309136512146 -0.018686140741043727 -0.00087763189012727096 -0.14509763393309158 -0.054695215640922626 -0.01300765747688189 0.050462203477830259 -0.051169013473764319 0.029656826340185478 -0.30620431605904708 -0.0016766402911352577 -0.4983050408204629 -0.061084997475798541 0.037876247425764356 0.034367133821250138 -0.47649932512042198 -0.083495505503785483 0.020758327842026594 0.019565595627492452 -2.1470979797796251e-05
leaf_weight=7.3811454936703731 21.996960359116201 2.3819558454792999 6.5699363341614143 1.6114243366118897 0.9240609649568795 1.5641277674585579 10.113471172051506 6.1981465276330692 1.4169101714633203 0.40101886180673219 2.9444510671978597 52.132693302126427 5.513230310752987 1.5907595036551345 3.1188304787501684 2.7026447299867868 6.14368205983192 2.2765948148844464 19.133605840204837 0.14328119694255592 7.2348370947875082 0.090272001922130585 1.3283869868610048 28.260665798559785 9.1395508992245613 0.18776974237152888 0.39774556208976719 3.5909804578814146 2.1036216251086444 7.5363691221136824
leaf_count=1067 2659 1401 50121 104 17 17 82 12 616 189 4243 11346 61 27 43 32 97 392 2369 18 80 1 26 270 1242 46 62 610 34 2716
internal_value=0.00639665 -0.00145599 -0.0216731 -0.0698634 -0.110253 -0.140991 0.00275047 -0.00765357 -0.00657117 -0.0145878 0.0139028 -0.0125713 0.0169718 -0.00551688 0.0127932 -0.0619486 0.0330843 0.00973466 0.0240157 0.0196006 0.0200565 -0.25886 0.0275651 0.0315501 0.0105701 -0.0213003 -0.209528 0.00821298 -0.0116509 0.0188258
internal_weight=216.129 166.993 28.7611 6.48157 4.87014 3.94608 138.232 22.2795 83.5001 60.0051 23.495 59.5138 54.7316 17.5257 13.2323 4.2934 49.1363 15.7096 20.5505 27.1394 13.433 0.491291 37.2059 33.7739 20.9957 4.31978 0.585515 3.73426 3.43201 16.6759
internal_count=80000 72550 52144 1539 1435 1418 20406 50605 19831 12603 7228 12413 575 184 125 59 7450 484 2985 4791 92 190 391 331 4694 736 108 628 60 3958
is_linear=0
shrinkage=0.05


Tree=147
num_leaves=31
num_cat=0
split_feature=5 0 10 0 7 3 7 0 4 2 0 3 7 1 3 2 4 3 0 4 7 3 7 4 2 3 4 7 10 2
split_gain=17.3018 6.43473 5.54795 6.08667 4.94841 4.76908 0.818336 0.293393 0.0619989 0.044279 0.0374121 0.0250147 0.00667735 0.00497566 1.90888e-07 1.88339e-07 1.56572e-07 5.88939e-08 4.85703e-08 2.70079e-08 2.34207e-08 8.0402e-09 7.20716e-09 2.80882e-09 1.12076e-09 3.65663e-10 3.66072e-11 2.32225e-11 1.16809e-11 9.16241e-12
threshold=0.65450000000000019 11883.435000000001 1.5000000000000002 63032.060000000005 24.750000000000004 1.5000000000000002 118.25000000000001 28815.715000000004 4.5000000000000009 385.50000000000006 21807.355000000003 2.5000000000000004 27.450000000000003 19.500000000000004 2.5000000000000004 401.50000000000006 4.5000000000000009 2.5000000000000004 136.93000000000004 5.5000000000000009 120.35000000000001 2.5000000000000004 118.25000000000001 7.5000000000000009 39.500000000000007 1.5000000000000002 9.5000000000000018 120.35000000000001 1.5000000000000002 315.50000000000006
decision_type=2 2 2 2 2 2 2 2 2 2 2 2 2 2 2 2 2 2 2 2 2 2 2 2 2 2 2 2 2 2
left_child=8 15 3 4 10 -6 9 11 21 -5 -3 13 14 -4 -10 16 17 20 -18 -20 -2 24 -19 -16 -1 29 -25 28 -17 -26
right_child=1 2 7 6 5 -7 -8 -9 12 -11 -12 -13 -14 -15 23 27 18 22 19 -21 -22 -23 -24 26 25 -27 -28 -29 -30 -31
leaf_value=-0.050063233356137285 -0.050016722176578689 -0.057808216664810168 -0.0557187460001499 0.050116572014136808 -0.0041554692702897127 0.012564558070680541 -0.011595325509549243 -0.097790238155652562 0.050060412324861109 0.035177950252257437 -0.070988476220411004 -0.074707049557797223 0.041423541135082217 -0.062062205066963395 0.050033268360089179 -0.050001926915024003 -0.050112111483213539 -0.050040155866520879 -0.050032496102116179 -0.050053324898968105 -0.050002060294984232 -0.050109381433019899 -0.050003526564583636 0.050028620718989072 -0.050007022572014129 -0.050023400223738683 0.050028008128506864 -0.050001448146707886 -0.050001523555352506 -0.05000313141069064
leaf_weight=0.0012614825973312769 2.9173787206982524 0.77268320213988717 1.3679066422901081 7.5865982156246865 97.034973188925505 76.091344296839452 0.59528772294288579 0.65239091229159374 0.4674085108563365 0.53074174374341954 1.7756696250580715 0.22925401851534832 0.22796734928124252 0.39938350257580157 0.2578871706500675 0.93179084834673609 0.025010874000145011 0.28788938302932354 0.37719007683699601 0.2649579676481153 0.30041802620462466 0.0030261946303653539 0.014086181129641773 0.24701230134815233 0.003387675984413363 0.0051120692551194225 19.288896187208593 0.5251445901894839 0.22230662000129087 0.0027335575177858118
leaf_count=1 13831 47 146 283 1098 883 13 15 32 16 25 5 31 26 27 24787 28 559 1303 563 7796 3 341 29 25 29 2313 18269 7401 75
internal_value=0.00619038 0.00154876 0.00316603 0.00419818 0.00217509 0.00319321 0.0449901 -0.0686801 0.0498574 0.0491398 -0.0669921 -0.059168 0.0499331 -0.0571523 0.0500288 -0.0500159 -0.0500215 -0.0500173 -0.0500438 -0.0500411 -0.0500154 -0.0500363 -0.0500384 0.0500281 -0.0500185 -0.0500135 0.050028 -0.0500017 -0.0500018 -0.0500053
internal_weight=213.407 192.902 187.036 184.387 175.675 173.126 8.71263 2.64894 20.5047 8.11734 2.54835 1.99654 20.4892 1.76729 20.2612 5.86617 4.18693 3.51977 0.667159 0.642148 3.2178 0.015521 0.301976 19.7938 0.0124948 0.0112333 19.5359 1.67924 1.1541 0.00612123
internal_count=80000 77435 2557 2365 2053 1981 312 192 2565 299 72 177 2432 172 2401 74878 24421 22527 1894 1866 21627 133 900 2369 130 129 2342 50457 32188 100
is_linear=0
shrinkage=0.05


Tree=148
num_leaves=31
num_cat=0
split_feature=4 8 2 5 6 3 7 4 6 10 2 7 2 2 2 2 1 3 5 7 7 5 5 5 2 3 2 7 7 7
split_gain=16.5744 5.56152 5.06634 4.53275 4.61043 4.72662 1.1302 1.00807 0.927113 0.780305 0.812481 0.750925 0.44201 0.175308 0.112924 0.0480959 0.0298168 0.0206612 0.0185406 0.0215705 0.0510798 0.0149056 0.00610617 0.00571341 0.00277981 0.00246638 0.00174694 0.000140838 0.000163539 0.000283126
threshold=5.5000000000000009 1.0000000180025095e-35 401.50000000000006 0.95050000000000001 1.5000000000000002 1.5000000000000002 40.150000000000013 6.5000000000000009 2.5000000000000004 1.5000000000000002 401.50000000000006 120.35000000000001 204.50000000000003 209.50000000000003 395.50000000000006 390.50000000000006 22.500000000000004 2.5000000000000004 0.65450000000000019 26.850000000000005 25.450000000000003 0.9425 0.84350000000000003 0.88950000000000007 74.500000000000014 2.5000000000000004 99.500000000000014 97.750000000000014 74.850000000000009 75.550000000000011
decision_type=2 2 2 2 2 2 2 2 2 2 2 2 2 2 2 2 2 2 2 2 2 2 2 2 2 2 2 2 2 2
left_child=1 2 3 4 5 -1 18 9 -6 10 11 -8 21 -14 15 -15 17 -5 -2 20 -20 -3 25 -24 -11 -21 -9 28 -4 -30
right_child=6 12 27 16 8 -7 7 26 -10 24 -12 -13 13 14 -16 -17 -18 -19 19 22 -22 -23 23 -25 -26 -27 -28 -29 29 -31
leaf_value=-0.0025371716701236093 0.050026874260258827 -0.05327659460486206 -0.050489349900419478 -0.055358047959243387 -0.085814896180042038 0.013972944024276927 0.045583707576960064 -0.060030230697414345 0.050077655540691796 -0.06489996683471988 -0.051814919161854517 -0.052840956035300105 -0.17013633895469465 -0.10966055996821909 -0.050112812283935985 -0.14081032878308741 -0.075999046772697171 -0.065914257431292159 -0.050039147005677888 0.04872503576046245 0.045115719334334642 -0.073362955702617333 0.041273706977019958 0.016875281273382982 -0.050137791165607903 0.041411466442610012 -0.05161415733449002 -0.050164266852725563 -0.053840825249960735 -0.051000423301100231
leaf_weight=99.086284426040493 19.216782260686166 0.15958400218596469 1.9891491831567685 2.0409883120100858 1.6705438799008323 77.066715796147037 3.4838150769937783 0.28129244096544415 0.13570674415677775 0.18287014689485648 0.2571349962545354 0.20520335773107934 0.20782042385508248 0.26956756926756498 0.057726118396658421 0.22935097905246948 0.24472100603270508 0.5997384558104385 0.020820474394894428 0.42205368545546662 0.04371645930041268 0.2192571262958154 0.082491252383988467 0.033836727845482528 0.038625707958999556 0.15859395526604203 0.078969618508381245 1.4747555186932002 0.096279070943637413 0.9883096495227619
leaf_count=12943 2407 212 17831 3504 1415 6472 321 30 7 16 590 127 8 232 1044 6 172 213 100 47 14 52 29 59 257 36 362 24634 216 6644
internal_value=0.00595304 0.000874255 0.00155224 0.00286308 0.00387105 0.00468598 0.0446118 0.0220569 -0.0756051 0.0289933 0.034119 0.0401088 -0.109064 -0.13095 -0.11632 -0.12398 -0.0593028 -0.0577555 0.0497237 0.042072 0.0144175 -0.0649017 0.0446327 0.0341769 -0.0623257 0.0467275 -0.0581854 -0.0505659 -0.0507587 -0.0512526
internal_weight=211.043 186.536 185.393 180.845 177.959 176.153 24.5062 4.52791 1.80625 4.16765 3.94615 3.68902 1.14331 0.764465 0.556645 0.498919 2.88545 2.64073 19.9783 0.761513 0.0645369 0.378841 0.696976 0.116328 0.221496 0.580648 0.360262 4.54849 3.07374 1.08459
internal_count=80000 75605 74051 24726 20837 19415 4395 1703 1422 1311 1038 448 1554 1290 1282 238 3889 3717 2692 285 114 264 171 88 273 83 392 49325 24691 6860
is_linear=0
shrinkage=0.05


Tree=149
num_leaves=31
num_cat=0
split_feature=5 12 7 8 7 10 1 2 1 2 5 4 11 4 4 10 7 1 3 11 2 2 1 10 5 2 5 3 10 3
split_gain=15.8633 5.49392 5.37926 5.23832 5.18763 4.76456 0.417671 0.578613 0.369922 0.368011 0.0817905 0.0587376 0.0466875 0.0364698 0.0130722 0.0128609 0.0100843 0.00651499 0.00521732 0.00392267 0.00133318 0.0023139 0.00112044 0.000835984 0.000403742 2.33021e-05 4.82596e-06 1.48547e-07 8.71801e-09 7.16738e-09
threshold=0.65450000000000019 1.0000000180025095e-35 120.35000000000001 1.0000000180025095e-35 24.750000000000004 1.5000000000000002 13.500000000000002 174.50000000000003 11.500000000000002 169.50000000000003 0.71850000000000003 4.5000000000000009 2.5000000000000004 1.5000000000000002 4.5000000000000009 1.5000000000000002 28.150000000000002 12.500000000000002 2.5000000000000004 1.5000000000000002 401.50000000000006 370.50000000000006 19.500000000000004 1.5000000000000002 0.90050000000000019 59.500000000000007 0.75950000000000017 2.5000000000000004 1.5000000000000002 2.5000000000000004
decision_type=2 2 2 2 2 2 2 2 2 2 2 2 2 2 2 2 2 2 2 2 2 2 2 2 2 2 2 2 2 2
left_child=11 2 3 4 14 -6 17 9 15 26 -10 29 13 -9 -2 -5 27 23 20 22 21 -4 -20 25 -25 -3 -8 -13 -22 -1
right_child=1 6 18 8 5 -7 7 12 10 -11 -12 16 -14 -15 -16 -17 -18 -19 19 -21 28 -23 -24 24 -26 -27 -28 -29 -30 -31
leaf_value=-0.050018131848006214 -0.063070790739711183 -0.0519160162293709 -0.051982303442873273 -0.052556451491959581 0.006095178032439739 -0.067139597222423616 -0.051146302443552387 -0.095560417162814978 -0.15038295182980979 -0.21242996662300984 -0.11421905149443662 0.050054547570037293 -0.10780177562374052 -0.069711679361720028 -0.07211896536874346 -0.071581060302885455 0.037135821103089169 -0.06469848828483625 -0.051488407654288741 -0.063366839934556468 -0.050017798400063478 -0.055874755280495375 -0.056764707703140731 -0.053196916304566744 -0.057482010389128813 -0.050584843300937959 -0.050014659679453732 0.050025417948403705 -0.050001866281043084 -0.050105713562652802
leaf_weight=0.011796378581496181 2.2074702773224995 0.043034219473155555 2.6795645030304058 0.15159489041616214 178.22135093747966 2.2489180933348498 0.03004201973271825 0.25508541874478396 0.22370983474320383 0.18017672676978691 0.51923384140627604 0.44859564118087902 0.25004078419988218 0.29342003668534744 0.48729695395013539 0.2145747364311319 0.152987771165498 0.18692818414456269 0.17717052056286764 0.17839208050781963 0.5271807321196319 0.4452429307893907 0.2328581306783235 0.10343120977086073 0.1173217693612969 0.13925810022374208 0.013725490237447957 17.946589100174606 0.10256975393713219 0.0029128212408977569
leaf_count=130 3859 35 7554 370 33509 9622 33 150 51 6 436 34 33 637 349 119 25 95 1195 185 13008 656 248 217 96 937 114 2373 3921 3
internal_value=0.0057216 0.00141641 0.00220205 0.00349834 0.00415434 0.00518257 -0.090484 -0.109814 -0.104836 -0.180839 -0.125108 0.0498406 -0.0898955 -0.0817328 -0.064707 -0.0637048 0.0499198 -0.0569832 -0.0528 -0.0571776 -0.052114 -0.0525369 -0.0544849 -0.053405 -0.0554743 -0.0508991 -0.0507914 0.0500261 -0.0500152 -0.0500355
internal_weight=208.792 190.23 188.617 184.274 183.165 180.47 1.61246 1.02249 1.10911 0.223944 0.742944 18.5629 0.798546 0.548505 2.69477 0.36617 18.5482 0.589973 4.34298 0.588421 3.75456 3.12481 0.410029 0.403045 0.220753 0.182292 0.0437675 18.3952 0.62975 0.0147092
internal_count=80000 77435 75082 48315 47339 43131 2353 973 976 153 487 2565 820 787 4208 489 2432 1380 26767 1628 25139 8210 1443 1285 313 972 147 2407 16929 133
is_linear=0
shrinkage=0.05


end of trees

feature_importances:
amount=1135
checkout_duration_sec=763
address_quality_score=687
user_account_age_days=610
tx_velocity_24h=509
tx_velocity_1h=318
payment_method=165
hour=130
card_network=55
otp_attempts=42
card_country=23
is_cod=18
ip_is_vpn=13

parameters:
[boosting: gbdt]
[objective: binary]
[metric: binary_logloss]
[tree_learner: serial]
[device_type: cpu]
[data_sample_strategy: bagging]
[data: ]
[valid: ]
[num_iterations: 150]
[learning_rate: 0.05]
[num_leaves: 31]
[num_threads: 10]
[seed: 42]
[deterministic: 0]
[force_col_wise: 0]
[force_row_wise: 0]
[histogram_pool_size: -1]
[max_depth: 6]
[min_data_in_leaf: 20]
[min_sum_hessian_in_leaf: 0.001]
[bagging_fraction: 0.85]
[pos_bagging_fraction: 1]
[neg_bagging_fraction: 1]
[bagging_freq: 0]
[bagging_seed: 400]
[bagging_by_query: 0]
[feature_fraction: 0.85]
[feature_fraction_bynode: 1]
[feature_fraction_seed: 30056]
[extra_trees: 0]
[extra_seed: 12879]
[early_stopping_round: 0]
[early_stopping_min_delta: 0]
[first_metric_only: 0]
[max_delta_step: 0]
[lambda_l1: 0]
[lambda_l2: 0]
[linear_lambda: 0]
[min_gain_to_split: 0]
[drop_rate: 0.1]
[max_drop: 50]
[skip_drop: 0.5]
[xgboost_dart_mode: 0]
[uniform_drop: 0]
[drop_seed: 17869]
[top_rate: 0.2]
[other_rate: 0.1]
[min_data_per_group: 100]
[max_cat_threshold: 32]
[cat_l2: 10]
[cat_smooth: 10]
[max_cat_to_onehot: 4]
[top_k: 20]
[monotone_constraints: ]
[monotone_constraints_method: basic]
[monotone_penalty: 0]
[feature_contri: ]
[forcedsplits_filename: ]
[refit_decay_rate: 0.9]
[cegb_tradeoff: 1]
[cegb_penalty_split: 0]
[cegb_penalty_feature_lazy: ]
[cegb_penalty_feature_coupled: ]
[path_smooth: 0]
[interaction_constraints: ]
[verbosity: -1]
[saved_feature_importance_type: 0]
[use_quantized_grad: 0]
[num_grad_quant_bins: 4]
[quant_train_renew_leaf: 0]
[stochastic_rounding: 1]
[linear_tree: 0]
[max_bin: 255]
[max_bin_by_feature: ]
[min_data_in_bin: 3]
[bin_construct_sample_cnt: 200000]
[data_random_seed: 175]
[is_enable_sparse: 1]
[enable_bundle: 1]
[use_missing: 1]
[zero_as_missing: 0]
[feature_pre_filter: 1]
[pre_partition: 0]
[two_round: 0]
[header: 0]
[label_column: ]
[weight_column: ]
[group_column: ]
[ignore_column: ]
[categorical_feature: ]
[forcedbins_filename: ]
[precise_float_parser: 0]
[parser_config_file: ]
[objective_seed: 16083]
[num_class: 1]
[is_unbalance: 0]
[scale_pos_weight: 14.9051]
[sigmoid: 1]
[boost_from_average: 1]
[reg_sqrt: 0]
[alpha: 0.9]
[fair_c: 1]
[poisson_max_delta_step: 0.7]
[tweedie_variance_power: 1.5]
[lambdarank_truncation_level: 30]
[lambdarank_norm: 1]
[label_gain: ]
[lambdarank_position_bias_regularization: 0]
[eval_at: ]
[multi_error_top_k: 1]
[auc_mu_weights: ]
[num_machines: 1]
[local_listen_port: 12400]
[time_out: 120]
[machine_list_filename: ]
[machines: ]
[gpu_platform_id: -1]
[gpu_device_id: -1]
[gpu_device_id_list: ]
[gpu_use_dp: 0]
[num_gpu: 1]

end of parameters

pandas_categorical:[]
